# WaveFront *.obj file (generated by Autodesk ATF)

mtllib Quadcopter.mtl

g Body1

v -0.019655 0.022665 0.030000
v -0.022462 0.019886 0.030000
v -0.024880 0.016763 0.030000
v -0.026866 0.013349 0.030000
v -0.028387 0.009704 0.030000
v -0.029416 0.005890 0.030000
v -0.029935 0.001975 0.030000
v -0.029935 -0.001975 0.030000
v -0.029416 -0.005890 0.030000
v -0.028387 -0.009704 0.030000
v -0.026866 -0.013349 0.030000
v -0.024880 -0.016763 0.030000
v -0.022462 -0.019886 0.030000
v -0.019655 -0.022665 0.030000
v -0.019655 -0.022665 0.020000
v -0.022462 -0.019886 0.020000
v -0.024880 -0.016763 0.020000
v -0.026866 -0.013349 0.020000
v -0.028387 -0.009704 0.020000
v -0.029416 -0.005890 0.020000
v -0.029935 -0.001975 0.020000
v -0.029935 0.001975 0.020000
v -0.029416 0.005890 0.020000
v -0.028387 0.009704 0.020000
v -0.026866 0.013349 0.020000
v -0.024880 0.016763 0.020000
v -0.022462 0.019886 0.020000
v -0.019655 0.022665 0.020000
v -0.016379 -0.018887 0.030000
v -0.016379 -0.018887 0.020000
v -0.018899 -0.016365 0.030000
v -0.021035 -0.013510 0.030000
v -0.022743 -0.010381 0.030000
v -0.023988 -0.007040 0.030000
v -0.024746 -0.003556 0.030000
v -0.025000 -0.000000 0.030000
v -0.024746 0.003556 0.030000
v -0.023988 0.007040 0.030000
v -0.022743 0.010381 0.030000
v -0.021035 0.013510 0.030000
v -0.018899 0.016365 0.030000
v -0.016379 0.018887 0.030000
v -0.016379 0.018887 0.020000
v -0.018899 0.016365 0.020000
v -0.021035 0.013510 0.020000
v -0.022743 0.010381 0.020000
v -0.023988 0.007040 0.020000
v -0.024746 0.003556 0.020000
v -0.025000 -0.000000 0.020000
v -0.024746 -0.003556 0.020000
v -0.023988 -0.007040 0.020000
v -0.022743 -0.010381 0.020000
v -0.021035 -0.013510 0.020000
v -0.018899 -0.016365 0.020000
v 0.026207 -0.030219 0.030000
v 0.029479 -0.027037 0.030000
v 0.032368 -0.023502 0.030000
v 0.034835 -0.019661 0.030000
v 0.036848 -0.015564 0.030000
v 0.038381 -0.011264 0.030000
v 0.039415 -0.006818 0.030000
v 0.039935 -0.002282 0.030000
v 0.039935 0.002282 0.030000
v 0.039415 0.006818 0.030000
v 0.038381 0.011264 0.030000
v 0.036848 0.015564 0.030000
v 0.034835 0.019661 0.030000
v 0.032368 0.023502 0.030000
v 0.029479 0.027037 0.030000
v 0.026207 0.030219 0.030000
v 0.026207 0.030219 0.020000
v 0.029479 0.027037 0.020000
v 0.032368 0.023502 0.020000
v 0.034835 0.019661 0.020000
v 0.036848 0.015564 0.020000
v 0.038381 0.011264 0.020000
v 0.039415 0.006818 0.020000
v 0.039935 0.002282 0.020000
v 0.039935 -0.002282 0.020000
v 0.039415 -0.006818 0.020000
v 0.038381 -0.011264 0.020000
v 0.036848 -0.015564 0.020000
v 0.034835 -0.019661 0.020000
v 0.032368 -0.023502 0.020000
v 0.029479 -0.027037 0.020000
v 0.026207 -0.030219 0.020000
v 0.022931 0.026442 0.030000
v 0.022931 0.026442 0.020000
v 0.025986 0.023446 0.030000
v 0.028653 0.020099 0.030000
v 0.030892 0.016452 0.030000
v 0.032669 0.012559 0.030000
v 0.033957 0.008479 0.030000
v 0.034738 0.004271 0.030000
v 0.035000 -0.000000 0.030000
v 0.034738 -0.004271 0.030000
v 0.033957 -0.008479 0.030000
v 0.032669 -0.012559 0.030000
v 0.030892 -0.016452 0.030000
v 0.028653 -0.020099 0.030000
v 0.025986 -0.023446 0.030000
v 0.022931 -0.026442 0.030000
v 0.022931 -0.026442 0.020000
v 0.025986 -0.023446 0.020000
v 0.028653 -0.020099 0.020000
v 0.030892 -0.016452 0.020000
v 0.032669 -0.012559 0.020000
v 0.033957 -0.008479 0.020000
v 0.034738 -0.004271 0.020000
v 0.035000 -0.000000 0.020000
v 0.034738 0.004271 0.020000
v 0.033957 0.008479 0.020000
v 0.032669 0.012559 0.020000
v 0.030892 0.016452 0.020000
v 0.028653 0.020099 0.020000
v 0.025986 0.023446 0.020000
v 0.013103 -0.015110 0.030000
v 0.015487 -0.012655 0.030000
v 0.017417 -0.009830 0.030000
v 0.018838 -0.006718 0.030000
v 0.019707 -0.003409 0.030000
v 0.020000 0.000000 0.030000
v 0.019707 0.003409 0.030000
v 0.018838 0.006718 0.030000
v 0.017417 0.009830 0.030000
v 0.015487 0.012655 0.030000
v 0.013103 0.015110 0.030000
v 0.013103 0.015110 0.020000
v 0.015487 0.012655 0.020000
v 0.017417 0.009830 0.020000
v 0.018838 0.006718 0.020000
v 0.019707 0.003409 0.020000
v 0.020000 -0.000000 0.020000
v 0.019707 -0.003409 0.020000
v 0.018838 -0.006718 0.020000
v 0.017417 -0.009830 0.020000
v 0.015487 -0.012655 0.020000
v 0.013103 -0.015110 0.020000
v 0.009827 0.011332 0.030000
v 0.009827 0.011332 0.020000
v 0.011794 0.009269 0.030000
v 0.013334 0.006870 0.030000
v 0.014393 0.004224 0.030000
v 0.014932 0.001425 0.030000
v 0.014932 -0.001425 0.030000
v 0.014393 -0.004224 0.030000
v 0.013334 -0.006870 0.030000
v 0.011794 -0.009269 0.030000
v 0.009827 -0.011332 0.030000
v 0.009827 -0.011332 0.020000
v 0.011794 -0.009269 0.020000
v 0.013334 -0.006870 0.020000
v 0.014393 -0.004224 0.020000
v 0.014932 -0.001425 0.020000
v 0.014932 0.001425 0.020000
v 0.014393 0.004224 0.020000
v 0.013334 0.006870 0.020000
v 0.011794 0.009269 0.020000
v 0.032758 -0.037774 0.030000
v 0.036607 -0.034058 0.030000
v 0.040036 -0.029952 0.030000
v 0.043007 -0.025503 0.030000
v 0.045486 -0.020762 0.030000
v 0.047444 -0.015783 0.030000
v 0.048858 -0.010623 0.030000
v 0.049714 -0.005342 0.030000
v 0.050000 0.000000 0.030000
v 0.049714 0.005342 0.030000
v 0.048858 0.010623 0.030000
v 0.047444 0.015783 0.030000
v 0.045486 0.020762 0.030000
v 0.043007 0.025503 0.030000
v 0.040036 0.029952 0.030000
v 0.036607 0.034058 0.030000
v 0.032758 0.037774 0.030000
v 0.032758 0.037774 0.020000
v 0.036607 0.034058 0.020000
v 0.040036 0.029952 0.020000
v 0.043007 0.025503 0.020000
v 0.045486 0.020762 0.020000
v 0.047444 0.015783 0.020000
v 0.048858 0.010623 0.020000
v 0.049714 0.005342 0.020000
v 0.050000 -0.000000 0.020000
v 0.049714 -0.005342 0.020000
v 0.048858 -0.010623 0.020000
v 0.047444 -0.015783 0.020000
v 0.045486 -0.020762 0.020000
v 0.043007 -0.025503 0.020000
v 0.040036 -0.029952 0.020000
v 0.036607 -0.034058 0.020000
v 0.032758 -0.037774 0.020000
v 0.029482 0.033997 0.030000
v 0.029482 0.033997 0.020000
v 0.033164 0.030416 0.030000
v 0.036414 0.026440 0.030000
v 0.039189 0.022119 0.030000
v 0.041454 0.017509 0.030000
v 0.043179 0.012672 0.030000
v 0.044342 0.007670 0.030000
v 0.044927 0.002568 0.030000
v 0.044927 -0.002568 0.030000
v 0.044342 -0.007670 0.030000
v 0.043179 -0.012672 0.030000
v 0.041454 -0.017509 0.030000
v 0.039189 -0.022119 0.030000
v 0.036414 -0.026440 0.030000
v 0.033164 -0.030416 0.030000
v 0.029482 -0.033997 0.030000
v 0.029482 -0.033997 0.020000
v 0.033164 -0.030416 0.020000
v 0.036414 -0.026440 0.020000
v 0.039189 -0.022119 0.020000
v 0.041454 -0.017509 0.020000
v 0.043179 -0.012672 0.020000
v 0.044342 -0.007670 0.020000
v 0.044927 -0.002568 0.020000
v 0.044927 0.002568 0.020000
v 0.044342 0.007670 0.020000
v 0.043179 0.012672 0.020000
v 0.041454 0.017509 0.020000
v 0.039189 0.022119 0.020000
v 0.036414 0.026440 0.020000
v 0.033164 0.030416 0.020000
v -0.026207 0.030219 0.030000
v -0.029479 0.027037 0.030000
v -0.032368 0.023502 0.030000
v -0.034835 0.019661 0.030000
v -0.036848 0.015564 0.030000
v -0.038381 0.011264 0.030000
v -0.039415 0.006818 0.030000
v -0.039935 0.002282 0.030000
v -0.039935 -0.002282 0.030000
v -0.039415 -0.006818 0.030000
v -0.038381 -0.011264 0.030000
v -0.036848 -0.015564 0.030000
v -0.034835 -0.019661 0.030000
v -0.032368 -0.023502 0.030000
v -0.029479 -0.027037 0.030000
v -0.026207 -0.030219 0.030000
v -0.026207 -0.030219 0.020000
v -0.029479 -0.027037 0.020000
v -0.032368 -0.023502 0.020000
v -0.034835 -0.019661 0.020000
v -0.036848 -0.015564 0.020000
v -0.038381 -0.011264 0.020000
v -0.039415 -0.006818 0.020000
v -0.039935 -0.002282 0.020000
v -0.039935 0.002282 0.020000
v -0.039415 0.006818 0.020000
v -0.038381 0.011264 0.020000
v -0.036848 0.015564 0.020000
v -0.034835 0.019661 0.020000
v -0.032368 0.023502 0.020000
v -0.029479 0.027037 0.020000
v -0.026207 0.030219 0.020000
v -0.022931 -0.026442 0.030000
v -0.022931 -0.026442 0.020000
v -0.025986 -0.023446 0.030000
v -0.028653 -0.020099 0.030000
v -0.030892 -0.016452 0.030000
v -0.032669 -0.012559 0.030000
v -0.033957 -0.008479 0.030000
v -0.034738 -0.004271 0.030000
v -0.035000 -0.000000 0.030000
v -0.034738 0.004271 0.030000
v -0.033957 0.008479 0.030000
v -0.032669 0.012559 0.030000
v -0.030892 0.016452 0.030000
v -0.028653 0.020099 0.030000
v -0.025986 0.023446 0.030000
v -0.022931 0.026442 0.030000
v -0.022931 0.026442 0.020000
v -0.025986 0.023446 0.020000
v -0.028653 0.020099 0.020000
v -0.030892 0.016452 0.020000
v -0.032669 0.012559 0.020000
v -0.033957 0.008479 0.020000
v -0.034738 0.004271 0.020000
v -0.035000 -0.000000 0.020000
v -0.034738 -0.004271 0.020000
v -0.033957 -0.008479 0.020000
v -0.032669 -0.012559 0.020000
v -0.030892 -0.016452 0.020000
v -0.028653 -0.020099 0.020000
v -0.025986 -0.023446 0.020000
v -0.013103 0.015110 0.030000
v -0.015487 0.012655 0.030000
v -0.017417 0.009830 0.030000
v -0.018838 0.006718 0.030000
v -0.019707 0.003409 0.030000
v -0.020000 -0.000000 0.030000
v -0.019707 -0.003409 0.030000
v -0.018838 -0.006718 0.030000
v -0.017417 -0.009830 0.030000
v -0.015487 -0.012655 0.030000
v -0.013103 -0.015110 0.030000
v -0.013103 -0.015110 0.020000
v -0.015487 -0.012655 0.020000
v -0.017417 -0.009830 0.020000
v -0.018838 -0.006718 0.020000
v -0.019707 -0.003409 0.020000
v -0.020000 -0.000000 0.020000
v -0.019707 0.003409 0.020000
v -0.018838 0.006718 0.020000
v -0.017417 0.009830 0.020000
v -0.015487 0.012655 0.020000
v -0.013103 0.015110 0.020000
v -0.009827 -0.011332 0.030000
v -0.009827 -0.011332 0.020000
v -0.011794 -0.009269 0.030000
v -0.013334 -0.006870 0.030000
v -0.014393 -0.004224 0.030000
v -0.014932 -0.001425 0.030000
v -0.014932 0.001425 0.030000
v -0.014393 0.004224 0.030000
v -0.013334 0.006870 0.030000
v -0.011794 0.009269 0.030000
v -0.009827 0.011332 0.030000
v -0.009827 0.011332 0.020000
v -0.011794 0.009269 0.020000
v -0.013334 0.006870 0.020000
v -0.014393 0.004224 0.020000
v -0.014932 0.001425 0.020000
v -0.014932 -0.001425 0.020000
v -0.014393 -0.004224 0.020000
v -0.013334 -0.006870 0.020000
v -0.011794 -0.009269 0.020000
v 0.019655 -0.022665 0.030000
v 0.022462 -0.019886 0.030000
v 0.024880 -0.016763 0.030000
v 0.026866 -0.013349 0.030000
v 0.028387 -0.009704 0.030000
v 0.029416 -0.005890 0.030000
v 0.029935 -0.001975 0.030000
v 0.029935 0.001975 0.030000
v 0.029416 0.005890 0.030000
v 0.028387 0.009704 0.030000
v 0.026866 0.013349 0.030000
v 0.024880 0.016763 0.030000
v 0.022462 0.019886 0.030000
v 0.019655 0.022665 0.030000
v 0.019655 0.022665 0.020000
v 0.022462 0.019886 0.020000
v 0.024880 0.016763 0.020000
v 0.026866 0.013349 0.020000
v 0.028387 0.009704 0.020000
v 0.029416 0.005890 0.020000
v 0.029935 0.001975 0.020000
v 0.029935 -0.001975 0.020000
v 0.029416 -0.005890 0.020000
v 0.028387 -0.009704 0.020000
v 0.026866 -0.013349 0.020000
v 0.024880 -0.016763 0.020000
v 0.022462 -0.019886 0.020000
v 0.019655 -0.022665 0.020000
v 0.016379 0.018887 0.030000
v 0.016379 0.018887 0.020000
v 0.018899 0.016365 0.030000
v 0.021035 0.013510 0.030000
v 0.022743 0.010381 0.030000
v 0.023988 0.007040 0.030000
v 0.024746 0.003556 0.030000
v 0.025000 -0.000000 0.030000
v 0.024746 -0.003556 0.030000
v 0.023988 -0.007040 0.030000
v 0.022743 -0.010381 0.030000
v 0.021035 -0.013510 0.030000
v 0.018899 -0.016365 0.030000
v 0.016379 -0.018887 0.030000
v 0.016379 -0.018887 0.020000
v 0.018899 -0.016365 0.020000
v 0.021035 -0.013510 0.020000
v 0.022743 -0.010381 0.020000
v 0.023988 -0.007040 0.020000
v 0.024746 -0.003556 0.020000
v 0.025000 -0.000000 0.020000
v 0.024746 0.003556 0.020000
v 0.023988 0.007040 0.020000
v 0.022743 0.010381 0.020000
v 0.021035 0.013510 0.020000
v 0.018899 0.016365 0.020000
v 0.006552 -0.007555 0.030000
v 0.008007 -0.005990 0.030000
v 0.009097 -0.004152 0.030000
v 0.009772 -0.002125 0.030000
v 0.010000 0.000000 0.030000
v 0.009772 0.002125 0.030000
v 0.009097 0.004152 0.030000
v 0.008007 0.005990 0.030000
v 0.006552 0.007555 0.030000
v 0.006552 0.007555 0.020000
v 0.008007 0.005990 0.020000
v 0.009097 0.004152 0.020000
v 0.009772 0.002125 0.020000
v 0.010000 -0.000000 0.020000
v 0.009772 -0.002125 0.020000
v 0.009097 -0.004152 0.020000
v 0.008007 -0.005990 0.020000
v 0.006552 -0.007555 0.020000
v 0.003276 0.003777 0.030000
v 0.003276 0.003777 0.020000
v 0.004093 0.002871 0.030000
v 0.004667 0.001794 0.030000
v 0.004963 0.000610 0.030000
v 0.004963 -0.000610 0.030000
v 0.004667 -0.001794 0.030000
v 0.004093 -0.002871 0.030000
v 0.003276 -0.003777 0.030000
v 0.003276 -0.003777 0.020000
v 0.004093 -0.002871 0.020000
v 0.004667 -0.001794 0.020000
v 0.004963 -0.000610 0.020000
v 0.004963 0.000610 0.020000
v 0.004667 0.001794 0.020000
v 0.004093 0.002871 0.020000
v -0.006552 0.007555 0.030000
v -0.008007 0.005990 0.030000
v -0.009097 0.004152 0.030000
v -0.009772 0.002125 0.030000
v -0.010000 -0.000000 0.030000
v -0.009772 -0.002125 0.030000
v -0.009097 -0.004152 0.030000
v -0.008007 -0.005990 0.030000
v -0.006552 -0.007555 0.030000
v -0.006552 -0.007555 0.020000
v -0.008007 -0.005990 0.020000
v -0.009097 -0.004152 0.020000
v -0.009772 -0.002125 0.020000
v -0.010000 -0.000000 0.020000
v -0.009772 0.002125 0.020000
v -0.009097 0.004152 0.020000
v -0.008007 0.005990 0.020000
v -0.006552 0.007555 0.020000
v -0.003276 -0.003777 0.030000
v -0.003276 -0.003777 0.020000
v -0.004093 -0.002871 0.030000
v -0.004667 -0.001794 0.030000
v -0.004963 -0.000610 0.030000
v -0.004963 0.000610 0.030000
v -0.004667 0.001794 0.030000
v -0.004093 0.002871 0.030000
v -0.003276 0.003777 0.030000
v -0.003276 0.003777 0.020000
v -0.004093 0.002871 0.020000
v -0.004667 0.001794 0.020000
v -0.004963 0.000610 0.020000
v -0.004963 -0.000610 0.020000
v -0.004667 -0.001794 0.020000
v -0.004093 -0.002871 0.020000
v -0.032758 0.037774 0.030000
v -0.036607 0.034058 0.030000
v -0.040036 0.029952 0.030000
v -0.043007 0.025503 0.030000
v -0.045486 0.020762 0.030000
v -0.047444 0.015783 0.030000
v -0.048858 0.010623 0.030000
v -0.049714 0.005342 0.030000
v -0.050000 -0.000000 0.030000
v -0.049714 -0.005342 0.030000
v -0.048858 -0.010623 0.030000
v -0.047444 -0.015783 0.030000
v -0.045486 -0.020762 0.030000
v -0.043007 -0.025503 0.030000
v -0.040036 -0.029952 0.030000
v -0.036607 -0.034058 0.030000
v -0.032758 -0.037774 0.030000
v -0.032758 -0.037774 0.020000
v -0.036607 -0.034058 0.020000
v -0.040036 -0.029952 0.020000
v -0.043007 -0.025503 0.020000
v -0.045486 -0.020762 0.020000
v -0.047444 -0.015783 0.020000
v -0.048858 -0.010623 0.020000
v -0.049714 -0.005342 0.020000
v -0.050000 -0.000000 0.020000
v -0.049714 0.005342 0.020000
v -0.048858 0.010623 0.020000
v -0.047444 0.015783 0.020000
v -0.045486 0.020762 0.020000
v -0.043007 0.025503 0.020000
v -0.040036 0.029952 0.020000
v -0.036607 0.034058 0.020000
v -0.032758 0.037774 0.020000
v -0.029482 -0.033997 0.030000
v -0.029482 -0.033997 0.020000
v -0.033164 -0.030416 0.030000
v -0.036414 -0.026440 0.030000
v -0.039189 -0.022119 0.030000
v -0.041454 -0.017509 0.030000
v -0.043179 -0.012672 0.030000
v -0.044342 -0.007670 0.030000
v -0.044927 -0.002568 0.030000
v -0.044927 0.002568 0.030000
v -0.044342 0.007670 0.030000
v -0.043179 0.012672 0.030000
v -0.041454 0.017509 0.030000
v -0.039189 0.022119 0.030000
v -0.036414 0.026440 0.030000
v -0.033164 0.030416 0.030000
v -0.029482 0.033997 0.030000
v -0.029482 0.033997 0.020000
v -0.033164 0.030416 0.020000
v -0.036414 0.026440 0.020000
v -0.039189 0.022119 0.020000
v -0.041454 0.017509 0.020000
v -0.043179 0.012672 0.020000
v -0.044342 0.007670 0.020000
v -0.044927 0.002568 0.020000
v -0.044927 -0.002568 0.020000
v -0.044342 -0.007670 0.020000
v -0.043179 -0.012672 0.020000
v -0.041454 -0.017509 0.020000
v -0.039189 -0.022119 0.020000
v -0.036414 -0.026440 0.020000
v -0.033164 -0.030416 0.020000
v 0.150256 0.157170 0.000000
v 0.150256 0.157170 -0.004683
v 0.149451 0.156366 -0.009335
v 0.148320 0.155234 -0.013850
v 0.146873 0.153787 -0.018180
v 0.145126 0.152040 -0.022283
v 0.143095 0.150010 -0.026116
v 0.140803 0.147717 -0.029642
v 0.138271 0.145185 -0.032823
v 0.135526 0.142440 -0.035628
v 0.132595 0.139509 -0.038029
v 0.129509 0.136423 -0.040000
v 0.122438 0.129352 -0.040000
v 0.122438 0.129352 0.000000
v 0.122830 0.129744 0.000000
v 0.143486 0.150401 -0.008340
v 0.128335 0.135249 -0.008340
v 0.128335 0.135249 -0.031660
v 0.128337 0.135252 -0.031660
v 0.131269 0.138183 -0.029545
v 0.134003 0.140917 -0.026955
v 0.136501 0.143415 -0.023925
v 0.138727 0.145641 -0.020498
v 0.140651 0.147565 -0.016722
v 0.142245 0.149159 -0.012650
v 0.152169 0.155872 -0.002006
v 0.153163 0.155057 -0.000964
v 0.153688 0.154582 -0.000639
v 0.153971 0.154312 -0.000556
v 0.154268 0.154015 -0.000550
v 0.154543 0.153730 -0.000622
v 0.154792 0.153461 -0.000755
v 0.155242 0.152949 -0.001149
v 0.156030 0.151960 -0.002270
v 0.157286 0.150059 -0.004976
v 0.156467 0.149240 -0.009593
v 0.155326 0.148098 -0.014070
v 0.153874 0.146646 -0.018364
v 0.152126 0.144898 -0.022431
v 0.150099 0.142871 -0.026231
v 0.147813 0.140586 -0.029725
v 0.145292 0.138065 -0.032879
v 0.142561 0.135334 -0.035661
v 0.139647 0.132420 -0.038042
v 0.136580 0.129352 -0.040000
v 0.157286 0.150059 0.000000
v 0.129941 0.122714 0.000000
v 0.129509 0.122281 0.000000
v 0.129509 0.122281 -0.040000
v 0.135406 0.128178 -0.008340
v 0.150557 0.143329 -0.008340
v 0.149316 0.142088 -0.012650
v 0.147722 0.140494 -0.016722
v 0.145798 0.138570 -0.020498
v 0.143572 0.136344 -0.023925
v 0.141074 0.133846 -0.026955
v 0.138340 0.131112 -0.029545
v 0.135408 0.128181 -0.031660
v 0.135406 0.128178 -0.031660
v 0.157286 -0.150059 0.000000
v 0.157286 -0.150059 -0.004976
v 0.156467 -0.149240 -0.009593
v 0.155326 -0.148098 -0.014070
v 0.153874 -0.146646 -0.018364
v 0.152126 -0.144898 -0.022431
v 0.150099 -0.142871 -0.026231
v 0.147813 -0.140586 -0.029725
v 0.145292 -0.138065 -0.032879
v 0.142561 -0.135334 -0.035661
v 0.139647 -0.132420 -0.038042
v 0.136580 -0.129352 -0.040000
v 0.129509 -0.122281 -0.040000
v 0.129509 -0.122281 0.000000
v 0.129941 -0.122714 0.000000
v 0.150557 -0.143329 -0.008340
v 0.135406 -0.128178 -0.008340
v 0.135406 -0.128178 -0.031660
v 0.135408 -0.128181 -0.031660
v 0.138340 -0.131112 -0.029545
v 0.141074 -0.133846 -0.026955
v 0.143572 -0.136344 -0.023925
v 0.145798 -0.138570 -0.020498
v 0.147722 -0.140494 -0.016722
v 0.149316 -0.142088 -0.012650
v 0.156030 -0.151960 -0.002270
v 0.155242 -0.152949 -0.001149
v 0.154792 -0.153461 -0.000755
v 0.154543 -0.153730 -0.000622
v 0.154268 -0.154015 -0.000550
v 0.153971 -0.154312 -0.000556
v 0.153688 -0.154582 -0.000639
v 0.153163 -0.155057 -0.000964
v 0.152169 -0.155872 -0.002006
v 0.150256 -0.157170 -0.004683
v 0.149451 -0.156366 -0.009335
v 0.148320 -0.155234 -0.013850
v 0.146873 -0.153787 -0.018180
v 0.145126 -0.152040 -0.022283
v 0.143095 -0.150010 -0.026116
v 0.140803 -0.147717 -0.029642
v 0.138271 -0.145185 -0.032823
v 0.135526 -0.142440 -0.035628
v 0.132595 -0.139509 -0.038029
v 0.129509 -0.136423 -0.040000
v 0.150256 -0.157170 0.000000
v 0.122830 -0.129744 0.000000
v 0.122438 -0.129352 0.000000
v 0.122438 -0.129352 -0.040000
v 0.128335 -0.135249 -0.008340
v 0.143486 -0.150401 -0.008340
v 0.142245 -0.149159 -0.012650
v 0.140651 -0.147565 -0.016722
v 0.138727 -0.145641 -0.020498
v 0.136501 -0.143415 -0.023925
v 0.134003 -0.140917 -0.026955
v 0.131269 -0.138183 -0.029545
v 0.128337 -0.135252 -0.031660
v 0.128335 -0.135249 -0.031660
v -0.150256 -0.157170 0.000000
v -0.150256 -0.157170 -0.004683
v -0.149451 -0.156366 -0.009335
v -0.148320 -0.155234 -0.013850
v -0.146873 -0.153787 -0.018180
v -0.145126 -0.152040 -0.022283
v -0.143095 -0.150010 -0.026116
v -0.140803 -0.147717 -0.029642
v -0.138271 -0.145185 -0.032823
v -0.135526 -0.142440 -0.035628
v -0.132595 -0.139509 -0.038029
v -0.129509 -0.136423 -0.040000
v -0.122438 -0.129352 -0.040000
v -0.122438 -0.129352 0.000000
v -0.122830 -0.129744 0.000000
v -0.143486 -0.150401 -0.008340
v -0.128335 -0.135249 -0.008340
v -0.128335 -0.135249 -0.031660
v -0.128337 -0.135252 -0.031660
v -0.131269 -0.138183 -0.029545
v -0.134003 -0.140917 -0.026955
v -0.136501 -0.143415 -0.023925
v -0.138727 -0.145641 -0.020498
v -0.140651 -0.147565 -0.016722
v -0.142245 -0.149159 -0.012650
v -0.152169 -0.155872 -0.002006
v -0.153163 -0.155057 -0.000964
v -0.153688 -0.154582 -0.000639
v -0.153971 -0.154312 -0.000556
v -0.154268 -0.154015 -0.000550
v -0.154543 -0.153730 -0.000622
v -0.154792 -0.153461 -0.000755
v -0.155242 -0.152949 -0.001149
v -0.156030 -0.151960 -0.002270
v -0.157286 -0.150059 -0.004976
v -0.156467 -0.149240 -0.009593
v -0.155326 -0.148098 -0.014070
v -0.153874 -0.146646 -0.018364
v -0.152126 -0.144898 -0.022431
v -0.150099 -0.142871 -0.026231
v -0.147813 -0.140586 -0.029725
v -0.145292 -0.138065 -0.032879
v -0.142561 -0.135334 -0.035661
v -0.139647 -0.132420 -0.038042
v -0.136580 -0.129352 -0.040000
v -0.157286 -0.150059 0.000000
v -0.129941 -0.122714 0.000000
v -0.129509 -0.122281 0.000000
v -0.129509 -0.122281 -0.040000
v -0.135406 -0.128178 -0.008340
v -0.150557 -0.143329 -0.008340
v -0.149316 -0.142088 -0.012650
v -0.147722 -0.140494 -0.016722
v -0.145798 -0.138570 -0.020498
v -0.143572 -0.136344 -0.023925
v -0.141074 -0.133846 -0.026955
v -0.138340 -0.131112 -0.029545
v -0.135408 -0.128181 -0.031660
v -0.135406 -0.128178 -0.031660
v -0.157286 0.150059 0.000000
v -0.157286 0.150059 -0.004976
v -0.156467 0.149240 -0.009593
v -0.155326 0.148098 -0.014070
v -0.153874 0.146646 -0.018364
v -0.152126 0.144898 -0.022431
v -0.150099 0.142871 -0.026231
v -0.147813 0.140586 -0.029725
v -0.145292 0.138065 -0.032879
v -0.142561 0.135334 -0.035661
v -0.139647 0.132420 -0.038042
v -0.136580 0.129352 -0.040000
v -0.129509 0.122281 -0.040000
v -0.129509 0.122281 0.000000
v -0.129941 0.122714 0.000000
v -0.150557 0.143329 -0.008340
v -0.135406 0.128178 -0.008340
v -0.135406 0.128178 -0.031660
v -0.135408 0.128181 -0.031660
v -0.138340 0.131112 -0.029545
v -0.141074 0.133846 -0.026955
v -0.143572 0.136344 -0.023925
v -0.145798 0.138570 -0.020498
v -0.147722 0.140494 -0.016722
v -0.149316 0.142088 -0.012650
v -0.156030 0.151960 -0.002270
v -0.155242 0.152949 -0.001149
v -0.154792 0.153461 -0.000755
v -0.154543 0.153730 -0.000622
v -0.154268 0.154015 -0.000550
v -0.153971 0.154312 -0.000556
v -0.153688 0.154582 -0.000639
v -0.153163 0.155057 -0.000964
v -0.152169 0.155872 -0.002006
v -0.150256 0.157170 -0.004683
v -0.149451 0.156366 -0.009335
v -0.148320 0.155234 -0.013850
v -0.146873 0.153787 -0.018180
v -0.145126 0.152040 -0.022283
v -0.143095 0.150010 -0.026116
v -0.140803 0.147717 -0.029642
v -0.138271 0.145185 -0.032823
v -0.135526 0.142440 -0.035628
v -0.132595 0.139509 -0.038029
v -0.129509 0.136423 -0.040000
v -0.150256 0.157170 0.000000
v -0.122830 0.129744 0.000000
v -0.122438 0.129352 0.000000
v -0.122438 0.129352 -0.040000
v -0.128335 0.135249 -0.008340
v -0.143486 0.150401 -0.008340
v -0.142245 0.149159 -0.012650
v -0.140651 0.147565 -0.016722
v -0.138727 0.145641 -0.020498
v -0.136501 0.143415 -0.023925
v -0.134003 0.140917 -0.026955
v -0.131269 0.138183 -0.029545
v -0.128337 0.135252 -0.031660
v -0.128335 0.135249 -0.031660
v 0.062276 -0.071779 0.013999
v 0.062405 -0.071706 0.012550
v 0.062789 -0.071481 0.011117
v 0.063407 -0.071101 0.009802
v 0.064186 -0.070585 0.008680
v 0.065102 -0.069923 0.007757
v 0.066133 -0.069098 0.007045
v 0.067201 -0.068140 0.006611
v 0.068225 -0.067113 0.006469
v 0.069185 -0.066028 0.006616
v 0.070074 -0.064901 0.007051
v 0.070834 -0.063818 0.007760
v 0.071441 -0.062856 0.008676
v 0.071912 -0.062036 0.009788
v 0.072259 -0.061382 0.011094
v 0.072465 -0.060970 0.012520
v 0.072535 -0.060825 0.013970
v 0.072473 -0.060953 0.015417
v 0.072274 -0.061352 0.016847
v 0.071932 -0.062000 0.018157
v 0.071463 -0.062820 0.019272
v 0.070858 -0.063782 0.020186
v 0.070099 -0.064868 0.020892
v 0.069211 -0.065997 0.021326
v 0.068251 -0.067086 0.021475
v 0.067229 -0.068114 0.021340
v 0.066159 -0.069076 0.020918
v 0.065123 -0.069907 0.020218
v 0.064200 -0.070576 0.019305
v 0.063415 -0.071096 0.018191
v 0.062792 -0.071479 0.016881
v 0.062406 -0.071705 0.015449
v 0.121911 -0.131468 0.011460
v 0.121976 -0.131330 0.012914
v 0.122179 -0.130922 0.014349
v 0.122526 -0.130271 0.015664
v 0.123005 -0.129456 0.016785
v 0.123633 -0.128507 0.017708
v 0.124430 -0.127447 0.018422
v 0.125374 -0.126361 0.018857
v 0.126403 -0.125333 0.018999
v 0.127505 -0.124385 0.018849
v 0.128659 -0.123526 0.018411
v 0.129779 -0.122809 0.017701
v 0.130782 -0.122251 0.016787
v 0.131645 -0.121829 0.015680
v 0.132340 -0.121525 0.014378
v 0.132783 -0.121347 0.012952
v 0.132942 -0.121287 0.011499
v 0.132806 -0.121338 0.010048
v 0.132380 -0.121508 0.008618
v 0.131693 -0.121807 0.007311
v 0.130830 -0.122226 0.006200
v 0.129827 -0.122781 0.005289
v 0.128703 -0.123496 0.004583
v 0.127545 -0.124353 0.004145
v 0.126438 -0.125300 0.003992
v 0.125407 -0.126325 0.004125
v 0.124458 -0.127413 0.004545
v 0.123652 -0.128479 0.005243
v 0.123017 -0.129437 0.006154
v 0.122532 -0.130260 0.007264
v 0.122181 -0.130918 0.008574
v 0.121977 -0.131329 0.010006
v 0.092222 -0.101613 0.013938
v 0.092138 -0.101615 0.011982
v 0.092414 -0.101258 0.010077
v 0.093032 -0.100567 0.008352
v 0.093950 -0.099589 0.006926
v 0.095105 -0.098391 0.005895
v 0.096419 -0.097054 0.005330
v 0.097802 -0.095670 0.005269
v 0.099160 -0.094332 0.005716
v 0.100401 -0.093132 0.006642
v 0.101439 -0.092152 0.007982
v 0.102203 -0.091459 0.009645
v 0.102643 -0.091099 0.011519
v 0.102728 -0.091098 0.013475
v 0.102452 -0.091454 0.015380
v 0.101834 -0.092145 0.017104
v 0.100916 -0.093123 0.018531
v 0.099760 -0.094322 0.019562
v 0.098446 -0.095658 0.020127
v 0.097063 -0.097043 0.020188
v 0.095705 -0.098380 0.019741
v 0.094465 -0.099580 0.018815
v 0.093427 -0.100560 0.017475
v 0.092662 -0.101254 0.015812
v 0.123456 -0.128762 0.000000
v 0.124138 -0.127818 0.000000
v 0.124875 -0.126915 0.000000
v 0.126915 -0.124875 0.000000
v 0.127878 -0.124092 0.000000
v 0.128888 -0.123371 0.000000
v 0.147287 -0.158625 0.000000
v 0.144120 -0.159571 0.000000
v 0.140840 -0.159982 0.000000
v 0.137537 -0.159848 0.000000
v 0.134301 -0.159171 0.000000
v 0.131221 -0.157970 0.000000
v 0.128381 -0.156279 0.000000
v 0.125858 -0.154142 0.000000
v 0.123721 -0.151619 0.000000
v 0.122030 -0.148779 0.000000
v 0.120829 -0.145699 0.000000
v 0.120152 -0.142463 0.000000
v 0.120018 -0.139160 0.000000
v 0.120429 -0.135880 0.000000
v 0.121375 -0.132713 0.000000
v 0.132899 -0.121303 0.000000
v 0.136048 -0.120394 0.000000
v 0.139303 -0.120012 0.000000
v 0.142577 -0.120167 0.000000
v 0.145781 -0.120854 0.000000
v 0.148831 -0.122055 0.000000
v 0.151643 -0.123738 0.000000
v 0.154142 -0.125858 0.000000
v 0.156262 -0.128357 0.000000
v 0.157945 -0.131169 0.000000
v 0.159146 -0.134219 0.000000
v 0.159833 -0.137423 0.000000
v 0.159988 -0.140697 0.000000
v 0.159606 -0.143952 0.000000
v 0.158697 -0.147101 0.000000
v 0.125522 -0.126202 0.000000
v 0.126202 -0.125522 0.000000
v 0.137500 -0.140000 0.060000
v 0.137585 -0.139353 0.060000
v 0.137835 -0.138750 0.060000
v 0.138232 -0.138232 0.060000
v 0.138750 -0.137835 0.060000
v 0.139353 -0.137585 0.060000
v 0.140000 -0.137500 0.060000
v 0.140647 -0.137585 0.060000
v 0.141250 -0.137835 0.060000
v 0.141768 -0.138232 0.060000
v 0.142165 -0.138750 0.060000
v 0.142415 -0.139353 0.060000
v 0.142500 -0.140000 0.060000
v 0.142415 -0.140647 0.060000
v 0.142165 -0.141250 0.060000
v 0.141768 -0.141768 0.060000
v 0.141250 -0.142165 0.060000
v 0.140647 -0.142415 0.060000
v 0.140000 -0.142500 0.060000
v 0.139353 -0.142415 0.060000
v 0.138750 -0.142165 0.060000
v 0.138232 -0.141768 0.060000
v 0.137835 -0.141250 0.060000
v 0.137585 -0.140647 0.060000
v 0.137500 -0.140000 0.050000
v 0.137585 -0.140647 0.050000
v 0.137835 -0.141250 0.050000
v 0.138232 -0.141768 0.050000
v 0.138750 -0.142165 0.050000
v 0.139353 -0.142415 0.050000
v 0.140000 -0.142500 0.050000
v 0.140647 -0.142415 0.050000
v 0.141250 -0.142165 0.050000
v 0.141768 -0.141768 0.050000
v 0.142165 -0.141250 0.050000
v 0.142415 -0.140647 0.050000
v 0.142500 -0.140000 0.050000
v 0.142415 -0.139353 0.050000
v 0.142165 -0.138750 0.050000
v 0.141768 -0.138232 0.050000
v 0.141250 -0.137835 0.050000
v 0.140647 -0.137585 0.050000
v 0.140000 -0.137500 0.050000
v 0.139353 -0.137585 0.050000
v 0.138750 -0.137835 0.050000
v 0.138232 -0.138232 0.050000
v 0.137835 -0.138750 0.050000
v 0.137585 -0.139353 0.050000
v 0.120000 -0.140000 0.050000
v 0.120288 -0.136620 0.050000
v 0.121142 -0.133337 0.050000
v 0.122540 -0.130246 0.050000
v 0.124439 -0.127436 0.050000
v 0.126787 -0.124987 0.050000
v 0.129514 -0.122969 0.050000
v 0.132543 -0.121442 0.050000
v 0.135786 -0.120449 0.050000
v 0.139151 -0.120018 0.050000
v 0.142540 -0.120162 0.050000
v 0.145856 -0.120877 0.050000
v 0.149004 -0.122141 0.050000
v 0.151893 -0.123920 0.050000
v 0.154439 -0.126161 0.050000
v 0.156570 -0.128801 0.050000
v 0.158225 -0.131762 0.050000
v 0.159355 -0.134960 0.050000
v 0.159928 -0.138304 0.050000
v 0.159928 -0.141696 0.050000
v 0.159355 -0.145040 0.050000
v 0.158225 -0.148238 0.050000
v 0.156570 -0.151199 0.050000
v 0.154439 -0.153839 0.050000
v 0.151893 -0.156080 0.050000
v 0.149004 -0.157859 0.050000
v 0.145856 -0.159123 0.050000
v 0.142540 -0.159838 0.050000
v 0.139151 -0.159982 0.050000
v 0.135786 -0.159551 0.050000
v 0.132543 -0.158558 0.050000
v 0.129514 -0.157031 0.050000
v 0.126787 -0.155013 0.050000
v 0.124439 -0.152564 0.050000
v 0.122540 -0.149754 0.050000
v 0.121142 -0.146663 0.050000
v 0.120288 -0.143380 0.050000
v 0.062276 0.071779 0.013999
v 0.062406 0.071705 0.015449
v 0.062792 0.071479 0.016881
v 0.063415 0.071096 0.018191
v 0.064200 0.070576 0.019305
v 0.065123 0.069907 0.020218
v 0.066159 0.069076 0.020918
v 0.067229 0.068114 0.021340
v 0.068251 0.067086 0.021475
v 0.069211 0.065997 0.021326
v 0.070099 0.064868 0.020892
v 0.070858 0.063782 0.020186
v 0.071463 0.062820 0.019272
v 0.071932 0.062000 0.018157
v 0.072274 0.061352 0.016847
v 0.072473 0.060953 0.015417
v 0.072535 0.060825 0.013970
v 0.072465 0.060970 0.012520
v 0.072259 0.061382 0.011094
v 0.071912 0.062036 0.009788
v 0.071441 0.062856 0.008676
v 0.070834 0.063818 0.007760
v 0.070074 0.064901 0.007051
v 0.069185 0.066028 0.006616
v 0.068225 0.067113 0.006469
v 0.067201 0.068140 0.006611
v 0.066133 0.069098 0.007045
v 0.065102 0.069923 0.007757
v 0.064186 0.070585 0.008680
v 0.063407 0.071101 0.009802
v 0.062789 0.071481 0.011117
v 0.062405 0.071706 0.012550
v 0.121911 0.131468 0.011460
v 0.121977 0.131329 0.010006
v 0.122181 0.130918 0.008574
v 0.122532 0.130260 0.007264
v 0.123017 0.129437 0.006154
v 0.123652 0.128479 0.005243
v 0.124458 0.127413 0.004545
v 0.125407 0.126325 0.004125
v 0.126438 0.125300 0.003992
v 0.127545 0.124353 0.004145
v 0.128703 0.123496 0.004583
v 0.129827 0.122781 0.005289
v 0.130830 0.122226 0.006200
v 0.131693 0.121807 0.007311
v 0.132380 0.121508 0.008618
v 0.132806 0.121338 0.010048
v 0.132942 0.121287 0.011499
v 0.132783 0.121347 0.012952
v 0.132340 0.121525 0.014378
v 0.131645 0.121829 0.015680
v 0.130782 0.122251 0.016787
v 0.129779 0.122809 0.017701
v 0.128659 0.123526 0.018411
v 0.127505 0.124385 0.018849
v 0.126403 0.125333 0.018999
v 0.125374 0.126361 0.018857
v 0.124430 0.127447 0.018422
v 0.123633 0.128507 0.017708
v 0.123005 0.129456 0.016785
v 0.122526 0.130271 0.015664
v 0.122179 0.130922 0.014349
v 0.121976 0.131330 0.012914
v 0.092222 0.101613 0.013938
v 0.092138 0.101615 0.011982
v 0.092662 0.101254 0.015812
v 0.093427 0.100560 0.017475
v 0.094465 0.099580 0.018815
v 0.095705 0.098380 0.019741
v 0.097063 0.097043 0.020188
v 0.098446 0.095658 0.020127
v 0.099760 0.094322 0.019562
v 0.100916 0.093123 0.018531
v 0.101834 0.092145 0.017104
v 0.102452 0.091454 0.015380
v 0.102728 0.091098 0.013475
v 0.102643 0.091099 0.011519
v 0.102203 0.091459 0.009645
v 0.101439 0.092152 0.007982
v 0.100401 0.093132 0.006642
v 0.099160 0.094332 0.005716
v 0.097802 0.095670 0.005269
v 0.096419 0.097054 0.005330
v 0.095105 0.098391 0.005895
v 0.093950 0.099589 0.006926
v 0.093032 0.100567 0.008352
v 0.092414 0.101258 0.010077
v 0.121375 0.132713 0.000000
v 0.120429 0.135880 0.000000
v 0.120018 0.139160 0.000000
v 0.120152 0.142463 0.000000
v 0.120829 0.145699 0.000000
v 0.122030 0.148779 0.000000
v 0.123721 0.151619 0.000000
v 0.125858 0.154142 0.000000
v 0.128381 0.156279 0.000000
v 0.131221 0.157970 0.000000
v 0.134301 0.159171 0.000000
v 0.137537 0.159848 0.000000
v 0.140840 0.159982 0.000000
v 0.144120 0.159571 0.000000
v 0.147287 0.158625 0.000000
v 0.124875 0.126915 0.000000
v 0.126915 0.124875 0.000000
v 0.126202 0.125522 0.000000
v 0.125522 0.126202 0.000000
v 0.137500 0.140000 0.060000
v 0.137585 0.140647 0.060000
v 0.137835 0.141250 0.060000
v 0.138232 0.141768 0.060000
v 0.138750 0.142165 0.060000
v 0.139353 0.142415 0.060000
v 0.140000 0.142500 0.060000
v 0.140647 0.142415 0.060000
v 0.141250 0.142165 0.060000
v 0.141768 0.141768 0.060000
v 0.142165 0.141250 0.060000
v 0.142415 0.140647 0.060000
v 0.142500 0.140000 0.060000
v 0.142415 0.139353 0.060000
v 0.142165 0.138750 0.060000
v 0.141768 0.138232 0.060000
v 0.141250 0.137835 0.060000
v 0.140647 0.137585 0.060000
v 0.140000 0.137500 0.060000
v 0.139353 0.137585 0.060000
v 0.138750 0.137835 0.060000
v 0.138232 0.138232 0.060000
v 0.137835 0.138750 0.060000
v 0.137585 0.139353 0.060000
v 0.137500 0.140000 0.050000
v 0.137585 0.139353 0.050000
v 0.137835 0.138750 0.050000
v 0.138232 0.138232 0.050000
v 0.138750 0.137835 0.050000
v 0.139353 0.137585 0.050000
v 0.140000 0.137500 0.050000
v 0.140647 0.137585 0.050000
v 0.141250 0.137835 0.050000
v 0.141768 0.138232 0.050000
v 0.142165 0.138750 0.050000
v 0.142415 0.139353 0.050000
v 0.142500 0.140000 0.050000
v 0.142415 0.140647 0.050000
v 0.142165 0.141250 0.050000
v 0.141768 0.141768 0.050000
v 0.141250 0.142165 0.050000
v 0.140647 0.142415 0.050000
v 0.140000 0.142500 0.050000
v 0.139353 0.142415 0.050000
v 0.138750 0.142165 0.050000
v 0.138232 0.141768 0.050000
v 0.137835 0.141250 0.050000
v 0.137585 0.140647 0.050000
v 0.123456 0.128762 0.000000
v 0.124138 0.127818 0.000000
v 0.127878 0.124092 0.000000
v 0.128888 0.123371 0.000000
v 0.132899 0.121303 0.000000
v 0.136048 0.120394 0.000000
v 0.139303 0.120012 0.000000
v 0.142577 0.120167 0.000000
v 0.145781 0.120854 0.000000
v 0.148831 0.122055 0.000000
v 0.151643 0.123738 0.000000
v 0.154142 0.125858 0.000000
v 0.156262 0.128357 0.000000
v 0.157945 0.131169 0.000000
v 0.159146 0.134219 0.000000
v 0.159833 0.137423 0.000000
v 0.159988 0.140697 0.000000
v 0.159606 0.143952 0.000000
v 0.158697 0.147101 0.000000
v 0.120000 0.140000 0.050000
v 0.120288 0.143380 0.050000
v 0.121142 0.146663 0.050000
v 0.122540 0.149754 0.050000
v 0.124439 0.152564 0.050000
v 0.126787 0.155013 0.050000
v 0.129514 0.157031 0.050000
v 0.132543 0.158558 0.050000
v 0.135786 0.159551 0.050000
v 0.139151 0.159982 0.050000
v 0.142540 0.159838 0.050000
v 0.145856 0.159123 0.050000
v 0.149004 0.157859 0.050000
v 0.151893 0.156080 0.050000
v 0.154439 0.153839 0.050000
v 0.156570 0.151199 0.050000
v 0.158225 0.148238 0.050000
v 0.159355 0.145040 0.050000
v 0.159928 0.141696 0.050000
v 0.159928 0.138304 0.050000
v 0.159355 0.134960 0.050000
v 0.158225 0.131762 0.050000
v 0.156570 0.128801 0.050000
v 0.154439 0.126161 0.050000
v 0.151893 0.123920 0.050000
v 0.149004 0.122141 0.050000
v 0.145856 0.120877 0.050000
v 0.142540 0.120162 0.050000
v 0.139151 0.120018 0.050000
v 0.135786 0.120449 0.050000
v 0.132543 0.121442 0.050000
v 0.129514 0.122969 0.050000
v 0.126787 0.124987 0.050000
v 0.124439 0.127436 0.050000
v 0.122540 0.130246 0.050000
v 0.121142 0.133337 0.050000
v 0.120288 0.136620 0.050000
v -0.128888 -0.123371 0.000000
v -0.127878 -0.124092 0.000000
v -0.126915 -0.124875 0.000000
v -0.124875 -0.126915 0.000000
v -0.124138 -0.127818 0.000000
v -0.123456 -0.128762 0.000000
v -0.158697 -0.147101 0.000000
v -0.159606 -0.143952 0.000000
v -0.159988 -0.140697 0.000000
v -0.159833 -0.137423 0.000000
v -0.159146 -0.134219 0.000000
v -0.157945 -0.131169 0.000000
v -0.156262 -0.128357 0.000000
v -0.154142 -0.125858 0.000000
v -0.151643 -0.123738 0.000000
v -0.148831 -0.122055 0.000000
v -0.145781 -0.120854 0.000000
v -0.142577 -0.120167 0.000000
v -0.139303 -0.120012 0.000000
v -0.136048 -0.120394 0.000000
v -0.132899 -0.121303 0.000000
v -0.121375 -0.132713 0.000000
v -0.120429 -0.135880 0.000000
v -0.120018 -0.139160 0.000000
v -0.120152 -0.142463 0.000000
v -0.120829 -0.145699 0.000000
v -0.122030 -0.148779 0.000000
v -0.123721 -0.151619 0.000000
v -0.125858 -0.154142 0.000000
v -0.128381 -0.156279 0.000000
v -0.131221 -0.157970 0.000000
v -0.134301 -0.159171 0.000000
v -0.137537 -0.159848 0.000000
v -0.140840 -0.159982 0.000000
v -0.144120 -0.159571 0.000000
v -0.147287 -0.158625 0.000000
v -0.126202 -0.125522 0.000000
v -0.125522 -0.126202 0.000000
v -0.121911 0.131468 0.011460
v -0.121976 0.131330 0.012914
v -0.122179 0.130922 0.014349
v -0.122526 0.130271 0.015664
v -0.123005 0.129456 0.016785
v -0.123633 0.128507 0.017708
v -0.124430 0.127447 0.018422
v -0.125374 0.126361 0.018857
v -0.126403 0.125333 0.018999
v -0.127505 0.124385 0.018849
v -0.128659 0.123526 0.018411
v -0.129779 0.122809 0.017701
v -0.130782 0.122251 0.016787
v -0.131645 0.121829 0.015680
v -0.132340 0.121525 0.014378
v -0.132783 0.121347 0.012952
v -0.132942 0.121287 0.011499
v -0.132806 0.121338 0.010048
v -0.132380 0.121508 0.008618
v -0.131693 0.121807 0.007311
v -0.130830 0.122226 0.006200
v -0.129827 0.122781 0.005289
v -0.128703 0.123496 0.004583
v -0.127545 0.124353 0.004145
v -0.126438 0.125300 0.003992
v -0.125407 0.126325 0.004125
v -0.124458 0.127413 0.004545
v -0.123652 0.128479 0.005243
v -0.123017 0.129437 0.006154
v -0.122532 0.130260 0.007264
v -0.122181 0.130918 0.008574
v -0.121977 0.131329 0.010006
v -0.062276 0.071779 0.013999
v -0.062405 0.071706 0.012550
v -0.062789 0.071481 0.011117
v -0.063407 0.071101 0.009802
v -0.064186 0.070585 0.008680
v -0.065102 0.069923 0.007757
v -0.066133 0.069098 0.007045
v -0.067201 0.068140 0.006611
v -0.068225 0.067113 0.006469
v -0.069185 0.066028 0.006616
v -0.070074 0.064901 0.007051
v -0.070834 0.063818 0.007760
v -0.071441 0.062856 0.008676
v -0.071912 0.062036 0.009788
v -0.072259 0.061382 0.011094
v -0.072465 0.060970 0.012520
v -0.072535 0.060825 0.013970
v -0.072473 0.060953 0.015417
v -0.072274 0.061352 0.016847
v -0.071932 0.062000 0.018157
v -0.071463 0.062820 0.019272
v -0.070858 0.063782 0.020186
v -0.070099 0.064868 0.020892
v -0.069211 0.065997 0.021326
v -0.068251 0.067086 0.021475
v -0.067229 0.068114 0.021340
v -0.066159 0.069076 0.020918
v -0.065123 0.069907 0.020218
v -0.064200 0.070576 0.019305
v -0.063415 0.071096 0.018191
v -0.062792 0.071479 0.016881
v -0.062406 0.071705 0.015449
v -0.092222 0.101613 0.013938
v -0.092138 0.101615 0.011982
v -0.092662 0.101254 0.015812
v -0.093427 0.100560 0.017475
v -0.094465 0.099580 0.018815
v -0.095705 0.098380 0.019741
v -0.097063 0.097043 0.020188
v -0.098446 0.095658 0.020127
v -0.099760 0.094322 0.019562
v -0.100916 0.093123 0.018531
v -0.101834 0.092145 0.017104
v -0.102452 0.091454 0.015380
v -0.102728 0.091098 0.013475
v -0.102643 0.091099 0.011519
v -0.102203 0.091459 0.009645
v -0.101439 0.092152 0.007982
v -0.100401 0.093132 0.006642
v -0.099160 0.094332 0.005716
v -0.097802 0.095670 0.005269
v -0.096419 0.097054 0.005330
v -0.095105 0.098391 0.005895
v -0.093950 0.099589 0.006926
v -0.093032 0.100567 0.008352
v -0.092414 0.101258 0.010077
v -0.121911 -0.131468 0.011460
v -0.121977 -0.131329 0.010006
v -0.122181 -0.130918 0.008574
v -0.122532 -0.130260 0.007264
v -0.123017 -0.129437 0.006154
v -0.123652 -0.128479 0.005243
v -0.124458 -0.127413 0.004545
v -0.125407 -0.126325 0.004125
v -0.126438 -0.125300 0.003992
v -0.127545 -0.124353 0.004145
v -0.128703 -0.123496 0.004583
v -0.129827 -0.122781 0.005289
v -0.130830 -0.122226 0.006200
v -0.131693 -0.121807 0.007311
v -0.132380 -0.121508 0.008618
v -0.132806 -0.121338 0.010048
v -0.132942 -0.121287 0.011499
v -0.132783 -0.121347 0.012952
v -0.132340 -0.121525 0.014378
v -0.131645 -0.121829 0.015680
v -0.130782 -0.122251 0.016787
v -0.129779 -0.122809 0.017701
v -0.128659 -0.123526 0.018411
v -0.127505 -0.124385 0.018849
v -0.126403 -0.125333 0.018999
v -0.125374 -0.126361 0.018857
v -0.124430 -0.127447 0.018422
v -0.123633 -0.128507 0.017708
v -0.123005 -0.129456 0.016785
v -0.122526 -0.130271 0.015664
v -0.122179 -0.130922 0.014349
v -0.121976 -0.131330 0.012914
v -0.062276 -0.071779 0.013999
v -0.062406 -0.071705 0.015449
v -0.062792 -0.071479 0.016881
v -0.063415 -0.071096 0.018191
v -0.064200 -0.070576 0.019305
v -0.065123 -0.069907 0.020218
v -0.066159 -0.069076 0.020918
v -0.067229 -0.068114 0.021340
v -0.068251 -0.067086 0.021475
v -0.069211 -0.065997 0.021326
v -0.070099 -0.064868 0.020892
v -0.070858 -0.063782 0.020186
v -0.071463 -0.062820 0.019272
v -0.071932 -0.062000 0.018157
v -0.072274 -0.061352 0.016847
v -0.072473 -0.060953 0.015417
v -0.072535 -0.060825 0.013970
v -0.072465 -0.060970 0.012520
v -0.072259 -0.061382 0.011094
v -0.071912 -0.062036 0.009788
v -0.071441 -0.062856 0.008676
v -0.070834 -0.063818 0.007760
v -0.070074 -0.064901 0.007051
v -0.069185 -0.066028 0.006616
v -0.068225 -0.067113 0.006469
v -0.067201 -0.068140 0.006611
v -0.066133 -0.069098 0.007045
v -0.065102 -0.069923 0.007757
v -0.064186 -0.070585 0.008680
v -0.063407 -0.071101 0.009802
v -0.062789 -0.071481 0.011117
v -0.062405 -0.071706 0.012550
v -0.092222 -0.101613 0.013938
v -0.092138 -0.101615 0.011982
v -0.092414 -0.101258 0.010077
v -0.093032 -0.100567 0.008352
v -0.093950 -0.099589 0.006926
v -0.095105 -0.098391 0.005895
v -0.096419 -0.097054 0.005330
v -0.097802 -0.095670 0.005269
v -0.099160 -0.094332 0.005716
v -0.100401 -0.093132 0.006642
v -0.101439 -0.092152 0.007982
v -0.102203 -0.091459 0.009645
v -0.102643 -0.091099 0.011519
v -0.102728 -0.091098 0.013475
v -0.102452 -0.091454 0.015380
v -0.101834 -0.092145 0.017104
v -0.100916 -0.093123 0.018531
v -0.099760 -0.094322 0.019562
v -0.098446 -0.095658 0.020127
v -0.097063 -0.097043 0.020188
v -0.095705 -0.098380 0.019741
v -0.094465 -0.099580 0.018815
v -0.093427 -0.100560 0.017475
v -0.092662 -0.101254 0.015812
v 0.050000 0.075000 0.000000
v -0.050000 0.075000 0.000000
v -0.050000 0.075000 0.030000
v 0.050000 0.075000 0.030000
v 0.075000 0.050000 0.000000
v 0.074746 0.053558 0.000000
v 0.073987 0.057043 0.000000
v 0.072741 0.060385 0.000000
v 0.071031 0.063516 0.000000
v 0.068894 0.066372 0.000000
v 0.066372 0.068894 0.000000
v 0.063516 0.071031 0.000000
v 0.060385 0.072741 0.000000
v 0.057043 0.073987 0.000000
v 0.053558 0.074746 0.000000
v 0.053558 0.074746 0.030000
v 0.057043 0.073987 0.030000
v 0.060385 0.072741 0.030000
v 0.063516 0.071031 0.030000
v 0.066372 0.068894 0.030000
v 0.068894 0.066372 0.030000
v 0.071031 0.063516 0.030000
v 0.072741 0.060385 0.030000
v 0.073987 0.057043 0.030000
v 0.074746 0.053558 0.030000
v 0.075000 0.050000 0.030000
v 0.075000 -0.050000 0.000000
v 0.075000 -0.050000 0.030000
v 0.050000 -0.075000 0.000000
v 0.053558 -0.074746 0.000000
v 0.057043 -0.073987 0.000000
v 0.060385 -0.072741 0.000000
v 0.063516 -0.071031 0.000000
v 0.066372 -0.068894 0.000000
v 0.068894 -0.066372 0.000000
v 0.071031 -0.063516 0.000000
v 0.072741 -0.060385 0.000000
v 0.073987 -0.057043 0.000000
v 0.074746 -0.053558 0.000000
v 0.074746 -0.053558 0.030000
v 0.073987 -0.057043 0.030000
v 0.072741 -0.060385 0.030000
v 0.071031 -0.063516 0.030000
v 0.068894 -0.066372 0.030000
v 0.066372 -0.068894 0.030000
v 0.063516 -0.071031 0.030000
v 0.060385 -0.072741 0.030000
v 0.057043 -0.073987 0.030000
v 0.053558 -0.074746 0.030000
v 0.050000 -0.075000 0.030000
v -0.050000 -0.075000 0.000000
v -0.050000 -0.075000 0.030000
v -0.075000 -0.050000 0.000000
v -0.074746 -0.053558 0.000000
v -0.073987 -0.057043 0.000000
v -0.072741 -0.060385 0.000000
v -0.071031 -0.063516 0.000000
v -0.068894 -0.066372 0.000000
v -0.066372 -0.068894 0.000000
v -0.063516 -0.071031 0.000000
v -0.060385 -0.072741 0.000000
v -0.057043 -0.073987 0.000000
v -0.053558 -0.074746 0.000000
v -0.053558 -0.074746 0.030000
v -0.057043 -0.073987 0.030000
v -0.060385 -0.072741 0.030000
v -0.063516 -0.071031 0.030000
v -0.066372 -0.068894 0.030000
v -0.068894 -0.066372 0.030000
v -0.071031 -0.063516 0.030000
v -0.072741 -0.060385 0.030000
v -0.073987 -0.057043 0.030000
v -0.074746 -0.053558 0.030000
v -0.075000 -0.050000 0.030000
v -0.075000 0.050000 0.000000
v -0.075000 0.050000 0.030000
v -0.053558 0.074746 0.000000
v -0.057043 0.073987 0.000000
v -0.060385 0.072741 0.000000
v -0.063516 0.071031 0.000000
v -0.066372 0.068894 0.000000
v -0.068894 0.066372 0.000000
v -0.071031 0.063516 0.000000
v -0.072741 0.060385 0.000000
v -0.073987 0.057043 0.000000
v -0.074746 0.053558 0.000000
v -0.074746 0.053558 0.030000
v -0.073987 0.057043 0.030000
v -0.072741 0.060385 0.030000
v -0.071031 0.063516 0.030000
v -0.068894 0.066372 0.030000
v -0.066372 0.068894 0.030000
v -0.063516 0.071031 0.030000
v -0.060385 0.072741 0.030000
v -0.057043 0.073987 0.030000
v -0.053558 0.074746 0.030000
v -0.142500 -0.140000 0.060000
v -0.142415 -0.139353 0.060000
v -0.142165 -0.138750 0.060000
v -0.141768 -0.138232 0.060000
v -0.141250 -0.137835 0.060000
v -0.140647 -0.137585 0.060000
v -0.140000 -0.137500 0.060000
v -0.139353 -0.137585 0.060000
v -0.138750 -0.137835 0.060000
v -0.138232 -0.138232 0.060000
v -0.137835 -0.138750 0.060000
v -0.137585 -0.139353 0.060000
v -0.137500 -0.140000 0.060000
v -0.137585 -0.140647 0.060000
v -0.137835 -0.141250 0.060000
v -0.138232 -0.141768 0.060000
v -0.138750 -0.142165 0.060000
v -0.139353 -0.142415 0.060000
v -0.140000 -0.142500 0.060000
v -0.140647 -0.142415 0.060000
v -0.141250 -0.142165 0.060000
v -0.141768 -0.141768 0.060000
v -0.142165 -0.141250 0.060000
v -0.142415 -0.140647 0.060000
v -0.142500 -0.140000 0.050000
v -0.142415 -0.140647 0.050000
v -0.142165 -0.141250 0.050000
v -0.141768 -0.141768 0.050000
v -0.141250 -0.142165 0.050000
v -0.140647 -0.142415 0.050000
v -0.140000 -0.142500 0.050000
v -0.139353 -0.142415 0.050000
v -0.138750 -0.142165 0.050000
v -0.138232 -0.141768 0.050000
v -0.137835 -0.141250 0.050000
v -0.137585 -0.140647 0.050000
v -0.137500 -0.140000 0.050000
v -0.137585 -0.139353 0.050000
v -0.137835 -0.138750 0.050000
v -0.138232 -0.138232 0.050000
v -0.138750 -0.137835 0.050000
v -0.139353 -0.137585 0.050000
v -0.140000 -0.137500 0.050000
v -0.140647 -0.137585 0.050000
v -0.141250 -0.137835 0.050000
v -0.141768 -0.138232 0.050000
v -0.142165 -0.138750 0.050000
v -0.142415 -0.139353 0.050000
v -0.160000 -0.140000 0.050000
v -0.159712 -0.136620 0.050000
v -0.158858 -0.133337 0.050000
v -0.157460 -0.130246 0.050000
v -0.155561 -0.127436 0.050000
v -0.153213 -0.124987 0.050000
v -0.150486 -0.122969 0.050000
v -0.147457 -0.121442 0.050000
v -0.144214 -0.120449 0.050000
v -0.140849 -0.120018 0.050000
v -0.137460 -0.120162 0.050000
v -0.134144 -0.120877 0.050000
v -0.130996 -0.122141 0.050000
v -0.128107 -0.123920 0.050000
v -0.125561 -0.126161 0.050000
v -0.123430 -0.128801 0.050000
v -0.121775 -0.131762 0.050000
v -0.120645 -0.134960 0.050000
v -0.120072 -0.138304 0.050000
v -0.120072 -0.141696 0.050000
v -0.120645 -0.145040 0.050000
v -0.121775 -0.148238 0.050000
v -0.123430 -0.151199 0.050000
v -0.125561 -0.153839 0.050000
v -0.128107 -0.156080 0.050000
v -0.130996 -0.157859 0.050000
v -0.134144 -0.159123 0.050000
v -0.137460 -0.159838 0.050000
v -0.140849 -0.159982 0.050000
v -0.144214 -0.159551 0.050000
v -0.147457 -0.158558 0.050000
v -0.150486 -0.157031 0.050000
v -0.153213 -0.155013 0.050000
v -0.155561 -0.152564 0.050000
v -0.157460 -0.149754 0.050000
v -0.158858 -0.146663 0.050000
v -0.159712 -0.143380 0.050000
v -0.123456 0.128762 0.000000
v -0.124138 0.127818 0.000000
v -0.124875 0.126915 0.000000
v -0.126915 0.124875 0.000000
v -0.127878 0.124092 0.000000
v -0.128888 0.123371 0.000000
v -0.147287 0.158625 0.000000
v -0.144120 0.159571 0.000000
v -0.140840 0.159982 0.000000
v -0.137537 0.159848 0.000000
v -0.134301 0.159171 0.000000
v -0.131221 0.157970 0.000000
v -0.128381 0.156279 0.000000
v -0.125858 0.154142 0.000000
v -0.123721 0.151619 0.000000
v -0.122030 0.148779 0.000000
v -0.120829 0.145699 0.000000
v -0.120152 0.142463 0.000000
v -0.120018 0.139160 0.000000
v -0.120429 0.135880 0.000000
v -0.121375 0.132713 0.000000
v -0.132899 0.121303 0.000000
v -0.136048 0.120394 0.000000
v -0.139303 0.120012 0.000000
v -0.142577 0.120167 0.000000
v -0.145781 0.120854 0.000000
v -0.148831 0.122055 0.000000
v -0.151643 0.123738 0.000000
v -0.154142 0.125858 0.000000
v -0.156262 0.128357 0.000000
v -0.157945 0.131169 0.000000
v -0.159146 0.134219 0.000000
v -0.159833 0.137423 0.000000
v -0.159988 0.140697 0.000000
v -0.159606 0.143952 0.000000
v -0.158697 0.147101 0.000000
v -0.125522 0.126202 0.000000
v -0.126202 0.125522 0.000000
v -0.142500 0.140000 0.060000
v -0.142415 0.140647 0.060000
v -0.142165 0.141250 0.060000
v -0.141768 0.141768 0.060000
v -0.141250 0.142165 0.060000
v -0.140647 0.142415 0.060000
v -0.140000 0.142500 0.060000
v -0.139353 0.142415 0.060000
v -0.138750 0.142165 0.060000
v -0.138232 0.141768 0.060000
v -0.137835 0.141250 0.060000
v -0.137585 0.140647 0.060000
v -0.137500 0.140000 0.060000
v -0.137585 0.139353 0.060000
v -0.137835 0.138750 0.060000
v -0.138232 0.138232 0.060000
v -0.138750 0.137835 0.060000
v -0.139353 0.137585 0.060000
v -0.140000 0.137500 0.060000
v -0.140647 0.137585 0.060000
v -0.141250 0.137835 0.060000
v -0.141768 0.138232 0.060000
v -0.142165 0.138750 0.060000
v -0.142415 0.139353 0.060000
v -0.142500 0.140000 0.050000
v -0.142415 0.139353 0.050000
v -0.142165 0.138750 0.050000
v -0.141768 0.138232 0.050000
v -0.141250 0.137835 0.050000
v -0.140647 0.137585 0.050000
v -0.140000 0.137500 0.050000
v -0.139353 0.137585 0.050000
v -0.138750 0.137835 0.050000
v -0.138232 0.138232 0.050000
v -0.137835 0.138750 0.050000
v -0.137585 0.139353 0.050000
v -0.137500 0.140000 0.050000
v -0.137585 0.140647 0.050000
v -0.137835 0.141250 0.050000
v -0.138232 0.141768 0.050000
v -0.138750 0.142165 0.050000
v -0.139353 0.142415 0.050000
v -0.140000 0.142500 0.050000
v -0.140647 0.142415 0.050000
v -0.141250 0.142165 0.050000
v -0.141768 0.141768 0.050000
v -0.142165 0.141250 0.050000
v -0.142415 0.140647 0.050000
v -0.160000 0.140000 0.050000
v -0.159712 0.143380 0.050000
v -0.158858 0.146663 0.050000
v -0.157460 0.149754 0.050000
v -0.155561 0.152564 0.050000
v -0.153213 0.155013 0.050000
v -0.150486 0.157031 0.050000
v -0.147457 0.158558 0.050000
v -0.144214 0.159551 0.050000
v -0.140849 0.159982 0.050000
v -0.137460 0.159838 0.050000
v -0.134144 0.159123 0.050000
v -0.130996 0.157859 0.050000
v -0.128107 0.156080 0.050000
v -0.125561 0.153839 0.050000
v -0.123430 0.151199 0.050000
v -0.121775 0.148238 0.050000
v -0.120645 0.145040 0.050000
v -0.120072 0.141696 0.050000
v -0.120072 0.138304 0.050000
v -0.120645 0.134960 0.050000
v -0.121775 0.131762 0.050000
v -0.123430 0.128801 0.050000
v -0.125561 0.126161 0.050000
v -0.128107 0.123920 0.050000
v -0.130996 0.122141 0.050000
v -0.134144 0.120877 0.050000
v -0.137460 0.120162 0.050000
v -0.140849 0.120018 0.050000
v -0.144214 0.120449 0.050000
v -0.147457 0.121442 0.050000
v -0.150486 0.122969 0.050000
v -0.153213 0.124987 0.050000
v -0.155561 0.127436 0.050000
v -0.157460 0.130246 0.050000
v -0.158858 0.133337 0.050000
v -0.159712 0.136620 0.050000
vt 1.000000 2.569185 0.000000
vt 0.000000 2.569185 0.000000
vt 1.000000 2.173926 0.000000
vt 0.000000 2.173926 0.000000
vt 1.000000 1.778667 0.000000
vt 0.000000 1.778667 0.000000
vt 1.000000 1.383407 0.000000
vt 0.000000 1.383407 0.000000
vt 1.000000 0.988148 0.000000
vt 0.000000 0.988148 0.000000
vt 1.000000 0.592889 0.000000
vt 0.000000 0.592889 0.000000
vt 1.000000 0.197630 0.000000
vt 0.000000 0.197630 0.000000
vt 1.000000 -0.197630 0.000000
vt -0.000000 -0.197630 0.000000
vt 1.000000 -0.592889 0.000000
vt -0.000000 -0.592889 0.000000
vt 1.000000 -0.988148 0.000000
vt -0.000000 -0.988148 0.000000
vt 1.000000 -1.383407 0.000000
vt -0.000000 -1.383407 0.000000
vt 1.000000 -1.778667 0.000000
vt -0.000000 -1.778667 0.000000
vt 1.000000 -2.173926 0.000000
vt -0.000000 -2.173926 0.000000
vt 1.000000 -2.569185 0.000000
vt 0.000000 -2.569185 0.000000
vt -0.500000 0.000000 0.000000
vt -0.000000 0.000000 0.000000
vt -0.500000 1.000000 0.000000
vt 0.000000 1.000000 0.000000
vt -1.000000 -2.140987 0.000000
vt 0.000000 -2.140987 0.000000
vt -1.000000 -1.784156 0.000000
vt 0.000000 -1.784156 0.000000
vt -1.000000 -1.427325 0.000000
vt 0.000000 -1.427325 0.000000
vt -1.000000 -1.070494 0.000000
vt 0.000000 -1.070494 0.000000
vt -1.000000 -0.713662 0.000000
vt 0.000000 -0.713662 0.000000
vt -1.000000 -0.356831 0.000000
vt 0.000000 -0.356831 0.000000
vt -1.000000 -0.000000 0.000000
vt 0.000000 -0.000000 0.000000
vt -1.000000 0.356831 0.000000
vt -0.000000 0.356831 0.000000
vt -1.000000 0.713662 0.000000
vt -0.000000 0.713662 0.000000
vt -1.000000 1.070494 0.000000
vt -0.000000 1.070494 0.000000
vt -1.000000 1.427325 0.000000
vt -0.000000 1.427325 0.000000
vt -1.000000 1.784156 0.000000
vt 0.000000 1.784156 0.000000
vt -1.000000 2.140987 0.000000
vt -0.000000 2.140987 0.000000
vt -0.500000 0.000000 0.000000
vt -0.000000 0.000000 0.000000
vt -0.500000 1.000000 0.000000
vt -0.000000 1.000000 0.000000
vt -0.681043 -1.888714 0.000000
vt -0.353461 -2.266457 0.000000
vt -0.429033 -1.636517 0.000000
vt -0.215460 -1.351037 0.000000
vt -0.072746 -1.988602 0.000000
vt -0.044667 -1.038079 0.000000
vt 0.169033 -1.676277 0.000000
vt 0.079870 -0.704009 0.000000
vt 0.367687 -1.334897 0.000000
vt 0.155621 -0.355621 0.000000
vt 0.519770 -0.970377 0.000000
vt 0.181043 0.000000 0.000000
vt 0.622648 -0.589037 0.000000
vt 0.674536 -0.197487 0.000000
vt 0.674536 0.197487 0.000000
vt 0.622648 0.589037 0.000000
vt 0.519770 0.970377 0.000000
vt 0.155621 0.355621 0.000000
vt 0.367687 1.334897 0.000000
vt 0.079870 0.704009 0.000000
vt 0.169033 1.676277 0.000000
vt -0.044667 1.038079 0.000000
vt -0.072746 1.988602 0.000000
vt -0.215460 1.351037 0.000000
vt -0.353461 2.266457 0.000000
vt -0.429033 1.636517 0.000000
vt -0.681043 1.888714 0.000000
vt 1.000000 -9.140791 0.000000
vt 0.000000 -9.140791 0.000000
vt 1.000000 -9.597535 0.000000
vt 0.000000 -9.597535 0.000000
vt 1.000000 -10.054279 0.000000
vt 0.000000 -10.054279 0.000000
vt 1.000000 -10.511023 0.000000
vt 0.000000 -10.511023 0.000000
vt 1.000000 -10.967767 0.000000
vt 0.000000 -10.967767 0.000000
vt 1.000000 -11.424511 0.000000
vt 0.000000 -11.424511 0.000000
vt 1.000000 -11.881255 0.000000
vt 0.000000 -11.881255 0.000000
vt 1.000000 -12.337999 0.000000
vt 0.000000 -12.337999 0.000000
vt 1.000000 -12.794743 0.000000
vt 0.000000 -12.794743 0.000000
vt 1.000000 -13.251487 0.000000
vt 0.000000 -13.251487 0.000000
vt 1.000000 -13.708231 0.000000
vt 0.000000 -13.708231 0.000000
vt 1.000000 -14.164975 0.000000
vt 0.000000 -14.164975 0.000000
vt 1.000000 -14.621719 0.000000
vt 0.000000 -14.621719 0.000000
vt 1.000000 -15.078463 0.000000
vt 0.000000 -15.078463 0.000000
vt 1.000000 -15.535207 0.000000
vt 0.000000 -15.535207 0.000000
vt 1.000000 -15.991951 0.000000
vt 0.000000 -15.991951 0.000000
vt -0.500000 0.000000 0.000000
vt 0.000000 0.000000 0.000000
vt -0.500000 1.000000 0.000000
vt 0.000000 1.000000 0.000000
vt -1.000000 7.998192 0.000000
vt 0.000000 7.998192 0.000000
vt -1.000000 8.426389 0.000000
vt -0.000000 8.426389 0.000000
vt -1.000000 8.854587 0.000000
vt -0.000000 8.854587 0.000000
vt -1.000000 9.282784 0.000000
vt -0.000000 9.282784 0.000000
vt -1.000000 9.710982 0.000000
vt -0.000000 9.710982 0.000000
vt -1.000000 10.139179 0.000000
vt -0.000000 10.139179 0.000000
vt -1.000000 10.567377 0.000000
vt -0.000000 10.567377 0.000000
vt -1.000000 10.995574 0.000000
vt -0.000000 10.995574 0.000000
vt -1.000000 11.423772 0.000000
vt -0.000000 11.423772 0.000000
vt -1.000000 11.851969 0.000000
vt 0.000000 11.851969 0.000000
vt -1.000000 12.280167 0.000000
vt -0.000000 12.280167 0.000000
vt -1.000000 12.708364 0.000000
vt -0.000000 12.708364 0.000000
vt -1.000000 13.136562 0.000000
vt -0.000000 13.136562 0.000000
vt -1.000000 13.564759 0.000000
vt -0.000000 13.564759 0.000000
vt -1.000000 13.992957 0.000000
vt 0.000000 13.992957 0.000000
vt -0.500000 0.000000 0.000000
vt -0.000000 0.000000 0.000000
vt -0.500000 1.000000 0.000000
vt -0.000000 1.000000 0.000000
vt 0.853461 2.644200 0.000000
vt 0.525878 3.021942 0.000000
vt 0.547910 2.344595 0.000000
vt 0.198630 2.703670 0.000000
vt 0.281205 2.009941 0.000000
vt 0.057335 1.645240 0.000000
vt -0.090223 2.350185 0.000000
vt -0.120356 1.255945 0.000000
vt -0.336921 1.966089 0.000000
vt -0.249209 0.847875 0.000000
vt -0.538248 1.556387 0.000000
vt -0.327300 0.427130 0.000000
vt -0.691584 1.126415 0.000000
vt -0.794931 0.681771 0.000000
vt -0.353461 0.000000 0.000000
vt -0.846943 0.228248 0.000000
vt -0.846943 -0.228248 0.000000
vt -0.794931 -0.681771 0.000000
vt -0.327300 -0.427130 0.000000
vt -0.691584 -1.126415 0.000000
vt -0.538248 -1.556387 0.000000
vt -0.249209 -0.847875 0.000000
vt -0.336921 -1.966089 0.000000
vt -0.120356 -1.255945 0.000000
vt -0.090223 -2.350185 0.000000
vt 0.057335 -1.645240 0.000000
vt 0.198630 -2.703670 0.000000
vt 0.281205 -2.009941 0.000000
vt 0.547910 -2.344595 0.000000
vt 0.525878 -3.021942 0.000000
vt 0.853461 -2.644200 0.000000
vt 1.000000 -4.570395 0.000000
vt 0.000000 -4.570395 0.000000
vt 1.000000 -4.912953 0.000000
vt 0.000000 -4.912953 0.000000
vt 1.000000 -5.255511 0.000000
vt 0.000000 -5.255511 0.000000
vt 1.000000 -5.598069 0.000000
vt 0.000000 -5.598069 0.000000
vt 1.000000 -5.940627 0.000000
vt 0.000000 -5.940627 0.000000
vt 1.000000 -6.283185 0.000000
vt 0.000000 -6.283185 0.000000
vt 1.000000 -6.625743 0.000000
vt 0.000000 -6.625743 0.000000
vt 1.000000 -6.968301 0.000000
vt 0.000000 -6.968301 0.000000
vt 1.000000 -7.310859 0.000000
vt 0.000000 -7.310859 0.000000
vt 1.000000 -7.653417 0.000000
vt 0.000000 -7.653417 0.000000
vt 1.000000 -7.995975 0.000000
vt 0.000000 -7.995975 0.000000
vt -0.500000 0.000000 0.000000
vt 0.000000 0.000000 0.000000
vt -0.500000 1.000000 0.000000
vt 0.000000 1.000000 0.000000
vt -1.000000 3.427796 0.000000
vt 0.000000 3.427796 0.000000
vt -1.000000 3.713261 0.000000
vt -0.000000 3.713261 0.000000
vt -1.000000 3.998726 0.000000
vt -0.000000 3.998726 0.000000
vt -1.000000 4.284191 0.000000
vt -0.000000 4.284191 0.000000
vt -1.000000 4.569656 0.000000
vt -0.000000 4.569656 0.000000
vt -1.000000 4.855121 0.000000
vt -0.000000 4.855121 0.000000
vt -1.000000 5.140586 0.000000
vt -0.000000 5.140586 0.000000
vt -1.000000 5.426051 0.000000
vt 0.000000 5.426051 0.000000
vt -1.000000 5.711516 0.000000
vt -0.000000 5.711516 0.000000
vt -1.000000 5.996981 0.000000
vt 0.000000 5.996981 0.000000
vt -0.500000 0.000000 0.000000
vt -0.000000 0.000000 0.000000
vt -0.500000 1.000000 0.000000
vt -0.000000 1.000000 0.000000
vt 0.508626 1.133228 0.000000
vt 0.181043 1.510971 0.000000
vt 0.312004 0.926869 0.000000
vt 0.157967 0.687041 0.000000
vt -0.057317 1.265526 0.000000
vt 0.052078 0.422405 0.000000
vt -0.250356 0.983045 0.000000
vt -0.001840 0.142517 0.000000
vt -0.392423 0.671795 0.000000
vt -0.479361 0.340886 0.000000
vt -0.001840 -0.142517 0.000000
vt -0.508626 0.000000 0.000000
vt -0.479361 -0.340886 0.000000
vt -0.392423 -0.671795 0.000000
vt -0.250356 -0.983045 0.000000
vt 0.052078 -0.422405 0.000000
vt -0.057317 -1.265526 0.000000
vt 0.157967 -0.687041 0.000000
vt 0.181043 -1.510971 0.000000
vt 0.312004 -0.926869 0.000000
vt 0.508626 -1.133228 0.000000
vt 1.000000 -11.425988 0.000000
vt 0.000000 -11.425988 0.000000
vt 1.000000 -11.961235 0.000000
vt 0.000000 -11.961235 0.000000
vt 1.000000 -12.496482 0.000000
vt 0.000000 -12.496482 0.000000
vt 1.000000 -13.031729 0.000000
vt 0.000000 -13.031729 0.000000
vt 1.000000 -13.566976 0.000000
vt 0.000000 -13.566976 0.000000
vt 1.000000 -14.102223 0.000000
vt 0.000000 -14.102223 0.000000
vt 1.000000 -14.637470 0.000000
vt 0.000000 -14.637470 0.000000
vt 1.000000 -15.172716 0.000000
vt 0.000000 -15.172716 0.000000
vt 1.000000 -15.707963 0.000000
vt 0.000000 -15.707963 0.000000
vt 1.000000 -16.243210 0.000000
vt 0.000000 -16.243210 0.000000
vt 1.000000 -16.778457 0.000000
vt 0.000000 -16.778457 0.000000
vt 1.000000 -17.313704 0.000000
vt 0.000000 -17.313704 0.000000
vt 1.000000 -17.848951 0.000000
vt 0.000000 -17.848951 0.000000
vt 1.000000 -18.384198 0.000000
vt 0.000000 -18.384198 0.000000
vt 1.000000 -18.919444 0.000000
vt 0.000000 -18.919444 0.000000
vt 1.000000 -19.454691 0.000000
vt 0.000000 -19.454691 0.000000
vt 1.000000 -19.989938 0.000000
vt 0.000000 -19.989938 0.000000
vt -0.500000 0.000000 0.000000
vt -0.000000 0.000000 0.000000
vt -0.500000 1.000000 0.000000
vt -0.000000 1.000000 0.000000
vt -1.000000 10.283389 0.000000
vt -0.000000 10.283389 0.000000
vt -1.000000 10.797226 0.000000
vt -0.000000 10.797226 0.000000
vt -1.000000 11.311063 0.000000
vt -0.000000 11.311063 0.000000
vt -1.000000 11.824900 0.000000
vt -0.000000 11.824900 0.000000
vt -1.000000 12.338737 0.000000
vt -0.000000 12.338737 0.000000
vt -1.000000 12.852574 0.000000
vt -0.000000 12.852574 0.000000
vt -1.000000 13.366411 0.000000
vt -0.000000 13.366411 0.000000
vt -1.000000 13.880248 0.000000
vt -0.000000 13.880248 0.000000
vt -1.000000 14.394085 0.000000
vt -0.000000 14.394085 0.000000
vt -1.000000 14.907922 0.000000
vt -0.000000 14.907922 0.000000
vt -1.000000 15.421759 0.000000
vt -0.000000 15.421759 0.000000
vt -1.000000 15.935596 0.000000
vt -0.000000 15.935596 0.000000
vt -1.000000 16.449433 0.000000
vt -0.000000 16.449433 0.000000
vt -1.000000 16.963270 0.000000
vt -0.000000 16.963270 0.000000
vt -1.000000 17.477107 0.000000
vt -0.000000 17.477107 0.000000
vt -1.000000 17.990944 0.000000
vt -0.000000 17.990944 0.000000
vt -0.500000 0.000000 0.000000
vt -0.000000 0.000000 0.000000
vt -0.500000 1.000000 0.000000
vt -0.000000 1.000000 0.000000
vt 1.025878 3.399685 0.000000
vt 0.698296 3.777428 0.000000
vt 0.657724 3.041629 0.000000
vt 0.313448 3.405799 0.000000
vt 0.332764 2.643958 0.000000
vt -0.029490 2.995178 0.000000
vt 0.055230 2.211851 0.000000
vt -0.326592 2.550267 0.000000
vt -0.171264 1.750936 0.000000
vt -0.343767 1.267216 0.000000
vt -0.574457 2.076159 0.000000
vt -0.460032 0.766992 0.000000
vt -0.770246 1.578281 0.000000
vt -0.518546 0.256779 0.000000
vt -0.911720 1.062334 0.000000
vt -0.997257 0.534225 0.000000
vt -1.025878 0.000000 0.000000
vt -0.518546 -0.256779 0.000000
vt -0.997257 -0.534225 0.000000
vt -0.911720 -1.062334 0.000000
vt -0.770246 -1.578281 0.000000
vt -0.460032 -0.766992 0.000000
vt -0.574457 -2.076159 0.000000
vt -0.343767 -1.267216 0.000000
vt -0.326592 -2.550267 0.000000
vt -0.171264 -1.750936 0.000000
vt 0.055230 -2.211851 0.000000
vt -0.029490 -2.995178 0.000000
vt 0.332764 -2.643958 0.000000
vt 0.313448 -3.405799 0.000000
vt 0.657724 -3.041629 0.000000
vt 0.698296 -3.777428 0.000000
vt 1.025878 -3.399685 0.000000
vt 1.000000 3.425580 0.000000
vt 0.000000 3.425580 0.000000
vt 1.000000 2.968836 0.000000
vt 0.000000 2.968836 0.000000
vt 1.000000 2.512092 0.000000
vt 0.000000 2.512092 0.000000
vt 1.000000 2.055348 0.000000
vt 0.000000 2.055348 0.000000
vt 1.000000 1.598604 0.000000
vt 0.000000 1.598604 0.000000
vt 1.000000 1.141860 0.000000
vt 0.000000 1.141860 0.000000
vt 1.000000 0.685116 0.000000
vt 0.000000 0.685116 0.000000
vt 1.000000 0.228372 0.000000
vt 0.000000 0.228372 0.000000
vt 1.000000 -0.228372 0.000000
vt -0.000000 -0.228372 0.000000
vt 1.000000 -0.685116 0.000000
vt -0.000000 -0.685116 0.000000
vt 1.000000 -1.141860 0.000000
vt -0.000000 -1.141860 0.000000
vt 1.000000 -1.598604 0.000000
vt -0.000000 -1.598604 0.000000
vt 1.000000 -2.055348 0.000000
vt -0.000000 -2.055348 0.000000
vt 1.000000 -2.512092 0.000000
vt -0.000000 -2.512092 0.000000
vt 1.000000 -2.968836 0.000000
vt -0.000000 -2.968836 0.000000
vt 1.000000 -3.425580 0.000000
vt -0.000000 -3.425580 0.000000
vt -0.500000 0.000000 0.000000
vt 0.000000 0.000000 0.000000
vt -0.500000 1.000000 0.000000
vt 0.000000 1.000000 0.000000
vt -1.000000 -2.997382 0.000000
vt 0.000000 -2.997382 0.000000
vt -1.000000 -2.569185 0.000000
vt 0.000000 -2.569185 0.000000
vt -1.000000 -2.140987 0.000000
vt 0.000000 -2.140987 0.000000
vt -1.000000 -1.712790 0.000000
vt 0.000000 -1.712790 0.000000
vt -1.000000 -1.284592 0.000000
vt 0.000000 -1.284592 0.000000
vt -1.000000 -0.856395 0.000000
vt 0.000000 -0.856395 0.000000
vt -1.000000 -0.428197 0.000000
vt 0.000000 -0.428197 0.000000
vt -1.000000 -0.000000 0.000000
vt 0.000000 -0.000000 0.000000
vt -1.000000 0.428197 0.000000
vt -0.000000 0.428197 0.000000
vt -1.000000 0.856395 0.000000
vt -0.000000 0.856395 0.000000
vt -1.000000 1.284592 0.000000
vt -0.000000 1.284592 0.000000
vt -1.000000 1.712790 0.000000
vt -0.000000 1.712790 0.000000
vt -1.000000 2.140987 0.000000
vt -0.000000 2.140987 0.000000
vt -1.000000 2.569185 0.000000
vt -0.000000 2.569185 0.000000
vt -1.000000 2.997382 0.000000
vt 0.000000 2.997382 0.000000
vt -0.500000 0.000000 0.000000
vt -0.000000 0.000000 0.000000
vt -0.500000 1.000000 0.000000
vt -0.000000 1.000000 0.000000
vt -0.853461 -2.644200 0.000000
vt -0.525878 -3.021942 0.000000
vt -0.547910 -2.344595 0.000000
vt -0.198630 -2.703670 0.000000
vt -0.281205 -2.009941 0.000000
vt -0.057335 -1.645240 0.000000
vt 0.090223 -2.350185 0.000000
vt 0.120356 -1.255945 0.000000
vt 0.336921 -1.966089 0.000000
vt 0.249209 -0.847875 0.000000
vt 0.538248 -1.556387 0.000000
vt 0.327300 -0.427130 0.000000
vt 0.691584 -1.126415 0.000000
vt 0.794931 -0.681771 0.000000
vt 0.353461 -0.000000 0.000000
vt 0.846943 -0.228248 0.000000
vt 0.846943 0.228248 0.000000
vt 0.794931 0.681771 0.000000
vt 0.327300 0.427130 0.000000
vt 0.691584 1.126415 0.000000
vt 0.538248 1.556387 0.000000
vt 0.249209 0.847875 0.000000
vt 0.336921 1.966089 0.000000
vt 0.120356 1.255945 0.000000
vt 0.090223 2.350185 0.000000
vt -0.057335 1.645240 0.000000
vt -0.198630 2.703670 0.000000
vt -0.281205 2.009941 0.000000
vt -0.547910 2.344595 0.000000
vt -0.525878 3.021942 0.000000
vt -0.853461 2.644200 0.000000
vt 1.000000 1.712790 0.000000
vt 0.000000 1.712790 0.000000
vt 1.000000 1.370232 0.000000
vt 0.000000 1.370232 0.000000
vt 1.000000 1.027674 0.000000
vt 0.000000 1.027674 0.000000
vt 1.000000 0.685116 0.000000
vt 0.000000 0.685116 0.000000
vt 1.000000 0.342558 0.000000
vt 0.000000 0.342558 0.000000
vt 1.000000 -0.000000 0.000000
vt -0.000000 -0.000000 0.000000
vt 1.000000 -0.342558 0.000000
vt -0.000000 -0.342558 0.000000
vt 1.000000 -0.685116 0.000000
vt -0.000000 -0.685116 0.000000
vt 1.000000 -1.027674 0.000000
vt -0.000000 -1.027674 0.000000
vt 1.000000 -1.370232 0.000000
vt -0.000000 -1.370232 0.000000
vt 1.000000 -1.712790 0.000000
vt -0.000000 -1.712790 0.000000
vt -0.500000 0.000000 0.000000
vt 0.000000 0.000000 0.000000
vt -0.500000 1.000000 0.000000
vt 0.000000 1.000000 0.000000
vt -1.000000 -1.284592 0.000000
vt 0.000000 -1.284592 0.000000
vt -1.000000 -0.999127 0.000000
vt 0.000000 -0.999127 0.000000
vt -1.000000 -0.713662 0.000000
vt 0.000000 -0.713662 0.000000
vt -1.000000 -0.428197 0.000000
vt 0.000000 -0.428197 0.000000
vt -1.000000 -0.142732 0.000000
vt 0.000000 -0.142732 0.000000
vt -1.000000 0.142732 0.000000
vt -0.000000 0.142732 0.000000
vt -1.000000 0.428197 0.000000
vt -0.000000 0.428197 0.000000
vt -1.000000 0.713662 0.000000
vt -0.000000 0.713662 0.000000
vt -1.000000 0.999127 0.000000
vt -0.000000 0.999127 0.000000
vt -1.000000 1.284592 0.000000
vt -0.000000 1.284592 0.000000
vt -0.500000 0.000000 0.000000
vt -0.000000 0.000000 0.000000
vt -0.500000 1.000000 0.000000
vt -0.000000 1.000000 0.000000
vt -0.508626 -1.133228 0.000000
vt -0.181043 -1.510971 0.000000
vt -0.312004 -0.926869 0.000000
vt -0.157967 -0.687041 0.000000
vt 0.057317 -1.265526 0.000000
vt -0.052078 -0.422405 0.000000
vt 0.250356 -0.983045 0.000000
vt 0.001840 -0.142517 0.000000
vt 0.392423 -0.671795 0.000000
vt 0.479361 -0.340886 0.000000
vt 0.508626 0.000000 0.000000
vt 0.479361 0.340886 0.000000
vt 0.001840 0.142517 0.000000
vt 0.392423 0.671795 0.000000
vt 0.250356 0.983045 0.000000
vt -0.052078 0.422405 0.000000
vt 0.057317 1.265526 0.000000
vt -0.157967 0.687041 0.000000
vt -0.181043 1.510971 0.000000
vt -0.312004 0.926869 0.000000
vt -0.508626 1.133228 0.000000
vt 1.000000 -6.855593 0.000000
vt 0.000000 -6.855593 0.000000
vt 1.000000 -7.250852 0.000000
vt 0.000000 -7.250852 0.000000
vt 1.000000 -7.646111 0.000000
vt 0.000000 -7.646111 0.000000
vt 1.000000 -8.041371 0.000000
vt 0.000000 -8.041371 0.000000
vt 1.000000 -8.436630 0.000000
vt 0.000000 -8.436630 0.000000
vt 1.000000 -8.831889 0.000000
vt 0.000000 -8.831889 0.000000
vt 1.000000 -9.227148 0.000000
vt 0.000000 -9.227148 0.000000
vt 1.000000 -9.622408 0.000000
vt 0.000000 -9.622408 0.000000
vt 1.000000 -10.017667 0.000000
vt 0.000000 -10.017667 0.000000
vt 1.000000 -10.412926 0.000000
vt 0.000000 -10.412926 0.000000
vt 1.000000 -10.808185 0.000000
vt 0.000000 -10.808185 0.000000
vt 1.000000 -11.203444 0.000000
vt 0.000000 -11.203444 0.000000
vt 1.000000 -11.598704 0.000000
vt 0.000000 -11.598704 0.000000
vt 1.000000 -11.993963 0.000000
vt 0.000000 -11.993963 0.000000
vt -0.500000 0.000000 0.000000
vt -0.000000 0.000000 0.000000
vt -0.500000 1.000000 0.000000
vt -0.000000 1.000000 0.000000
vt -1.000000 5.712994 0.000000
vt -0.000000 5.712994 0.000000
vt -1.000000 6.069825 0.000000
vt -0.000000 6.069825 0.000000
vt -1.000000 6.426657 0.000000
vt -0.000000 6.426657 0.000000
vt -1.000000 6.783488 0.000000
vt -0.000000 6.783488 0.000000
vt -1.000000 7.140319 0.000000
vt -0.000000 7.140319 0.000000
vt -1.000000 7.497150 0.000000
vt -0.000000 7.497150 0.000000
vt -1.000000 7.853982 0.000000
vt -0.000000 7.853982 0.000000
vt -1.000000 8.210813 0.000000
vt -0.000000 8.210813 0.000000
vt -1.000000 8.567644 0.000000
vt -0.000000 8.567644 0.000000
vt -1.000000 8.924475 0.000000
vt -0.000000 8.924475 0.000000
vt -1.000000 9.281307 0.000000
vt -0.000000 9.281307 0.000000
vt -1.000000 9.638138 0.000000
vt -0.000000 9.638138 0.000000
vt -1.000000 9.994969 0.000000
vt 0.000000 9.994969 0.000000
vt -0.500000 0.000000 0.000000
vt -0.000000 0.000000 0.000000
vt -0.500000 1.000000 0.000000
vt -0.000000 1.000000 0.000000
vt 0.681043 1.888714 0.000000
vt 0.353461 2.266457 0.000000
vt 0.429033 1.636517 0.000000
vt 0.215460 1.351037 0.000000
vt 0.072746 1.988602 0.000000
vt 0.044667 1.038079 0.000000
vt -0.169033 1.676277 0.000000
vt -0.079870 0.704009 0.000000
vt -0.367687 1.334897 0.000000
vt -0.155621 0.355621 0.000000
vt -0.519770 0.970377 0.000000
vt -0.181043 0.000000 0.000000
vt -0.622648 0.589037 0.000000
vt -0.674536 0.197487 0.000000
vt -0.674536 -0.197487 0.000000
vt -0.622648 -0.589037 0.000000
vt -0.519770 -0.970377 0.000000
vt -0.155621 -0.355621 0.000000
vt -0.367687 -1.334897 0.000000
vt -0.079870 -0.704009 0.000000
vt -0.169033 -1.676277 0.000000
vt 0.044667 -1.038079 0.000000
vt 0.072746 -1.988602 0.000000
vt 0.215460 -1.351037 0.000000
vt 0.353461 -2.266457 0.000000
vt 0.429033 -1.636517 0.000000
vt 0.681043 -1.888714 0.000000
vt 1.000000 -2.285198 0.000000
vt 0.000000 -2.285198 0.000000
vt 1.000000 -2.499296 0.000000
vt 0.000000 -2.499296 0.000000
vt 0.000000 -2.713395 0.000000
vt 1.000000 -2.713395 0.000000
vt 0.000000 -2.927494 0.000000
vt 1.000000 -2.927494 0.000000
vt 0.000000 -3.141593 0.000000
vt 1.000000 -3.141593 0.000000
vt 0.000000 -3.355691 0.000000
vt 1.000000 -3.355691 0.000000
vt 0.000000 -3.569790 0.000000
vt 1.000000 -3.569790 0.000000
vt 0.000000 -3.783889 0.000000
vt 1.000000 -3.783889 0.000000
vt 1.000000 -3.997988 0.000000
vt 0.000000 -3.997988 0.000000
vt -0.500000 0.000000 0.000000
vt -0.000000 0.000000 0.000000
vt -0.500000 1.000000 0.000000
vt -0.000000 1.000000 0.000000
vt -1.000000 1.142599 0.000000
vt -0.000000 1.142599 0.000000
vt -1.000000 1.264941 0.000000
vt -0.000000 1.264941 0.000000
vt -1.000000 1.387283 0.000000
vt -0.000000 1.387283 0.000000
vt -1.000000 1.509625 0.000000
vt -0.000000 1.509625 0.000000
vt -1.000000 1.631967 0.000000
vt -0.000000 1.631967 0.000000
vt -1.000000 1.754310 0.000000
vt -0.000000 1.754310 0.000000
vt -1.000000 1.876652 0.000000
vt -0.000000 1.876652 0.000000
vt -1.000000 1.998994 0.000000
vt -0.000000 1.998994 0.000000
vt -0.500000 0.000000 0.000000
vt -0.000000 0.000000 0.000000
vt -0.500000 1.000000 0.000000
vt -0.000000 1.000000 0.000000
vt 0.336209 0.377743 0.000000
vt 0.008626 0.755486 0.000000
vt 0.254458 0.287134 0.000000
vt 0.197092 0.179421 0.000000
vt 0.167529 0.061019 0.000000
vt -0.136931 0.599036 0.000000
vt -0.245924 0.415232 0.000000
vt 0.167529 -0.061019 0.000000
vt -0.313377 0.212467 0.000000
vt -0.336209 0.000000 0.000000
vt -0.313377 -0.212467 0.000000
vt -0.245924 -0.415232 0.000000
vt -0.136931 -0.599036 0.000000
vt 0.008626 -0.755486 0.000000
vt 0.197092 -0.179421 0.000000
vt 0.254458 -0.287134 0.000000
vt 0.336209 -0.377743 0.000000
vt 1.000000 0.856395 0.000000
vt 0.000000 0.856395 0.000000
vt 1.000000 0.642296 0.000000
vt 0.000000 0.642296 0.000000
vt 0.000000 0.428197 0.000000
vt 1.000000 0.428197 0.000000
vt 0.000000 0.214099 0.000000
vt 1.000000 0.214099 0.000000
vt -0.000000 -0.000000 0.000000
vt 1.000000 -0.000000 0.000000
vt -0.000000 -0.214099 0.000000
vt 1.000000 -0.214099 0.000000
vt -0.000000 -0.428197 0.000000
vt 1.000000 -0.428197 0.000000
vt -0.000000 -0.642296 0.000000
vt 1.000000 -0.642296 0.000000
vt 1.000000 -0.856395 0.000000
vt -0.000000 -0.856395 0.000000
vt -0.500000 0.000000 0.000000
vt 0.000000 0.000000 0.000000
vt -0.500000 1.000000 0.000000
vt 0.000000 1.000000 0.000000
vt -1.000000 -0.428197 0.000000
vt 0.000000 -0.428197 0.000000
vt -1.000000 -0.305855 0.000000
vt 0.000000 -0.305855 0.000000
vt -1.000000 -0.183513 0.000000
vt 0.000000 -0.183513 0.000000
vt -1.000000 -0.061171 0.000000
vt 0.000000 -0.061171 0.000000
vt -1.000000 0.061171 0.000000
vt -0.000000 0.061171 0.000000
vt -1.000000 0.183513 0.000000
vt -0.000000 0.183513 0.000000
vt -1.000000 0.305855 0.000000
vt -0.000000 0.305855 0.000000
vt -1.000000 0.428197 0.000000
vt -0.000000 0.428197 0.000000
vt -0.500000 0.000000 0.000000
vt -0.000000 0.000000 0.000000
vt -0.500000 1.000000 0.000000
vt -0.000000 1.000000 0.000000
vt -0.336209 -0.377743 0.000000
vt -0.008626 -0.755486 0.000000
vt -0.254458 -0.287134 0.000000
vt -0.197092 -0.179421 0.000000
vt -0.167529 -0.061019 0.000000
vt 0.136931 -0.599036 0.000000
vt 0.245924 -0.415232 0.000000
vt 0.313377 -0.212467 0.000000
vt 0.336209 0.000000 0.000000
vt 0.313377 0.212467 0.000000
vt 0.245924 0.415232 0.000000
vt -0.167529 0.061019 0.000000
vt 0.136931 0.599036 0.000000
vt -0.008626 0.755486 0.000000
vt -0.336209 0.377743 0.000000
vt -0.254458 0.287134 0.000000
vt -0.197092 0.179421 0.000000
vt 1.000000 4.281975 0.000000
vt 0.000000 4.281975 0.000000
vt 1.000000 3.746728 0.000000
vt 0.000000 3.746728 0.000000
vt 1.000000 3.211481 0.000000
vt 0.000000 3.211481 0.000000
vt 1.000000 2.676234 0.000000
vt 0.000000 2.676234 0.000000
vt 1.000000 2.140987 0.000000
vt 0.000000 2.140987 0.000000
vt 1.000000 1.605741 0.000000
vt 0.000000 1.605741 0.000000
vt 1.000000 1.070494 0.000000
vt 0.000000 1.070494 0.000000
vt 1.000000 0.535247 0.000000
vt 0.000000 0.535247 0.000000
vt 1.000000 -0.000000 0.000000
vt -0.000000 -0.000000 0.000000
vt 1.000000 -0.535247 0.000000
vt -0.000000 -0.535247 0.000000
vt 1.000000 -1.070494 0.000000
vt -0.000000 -1.070494 0.000000
vt 1.000000 -1.605741 0.000000
vt -0.000000 -1.605741 0.000000
vt 1.000000 -2.140987 0.000000
vt -0.000000 -2.140987 0.000000
vt 1.000000 -2.676234 0.000000
vt -0.000000 -2.676234 0.000000
vt 1.000000 -3.211481 0.000000
vt -0.000000 -3.211481 0.000000
vt 1.000000 -3.746728 0.000000
vt -0.000000 -3.746728 0.000000
vt 1.000000 -4.281975 0.000000
vt -0.000000 -4.281975 0.000000
vt -0.500000 0.000000 0.000000
vt -0.000000 0.000000 0.000000
vt -0.500000 1.000000 0.000000
vt 0.000000 1.000000 0.000000
vt -1.000000 -3.853777 0.000000
vt 0.000000 -3.853777 0.000000
vt -1.000000 -3.339940 0.000000
vt 0.000000 -3.339940 0.000000
vt -1.000000 -2.826103 0.000000
vt 0.000000 -2.826103 0.000000
vt -1.000000 -2.312266 0.000000
vt 0.000000 -2.312266 0.000000
vt -1.000000 -1.798429 0.000000
vt 0.000000 -1.798429 0.000000
vt -1.000000 -1.284592 0.000000
vt 0.000000 -1.284592 0.000000
vt -1.000000 -0.770755 0.000000
vt 0.000000 -0.770755 0.000000
vt -1.000000 -0.256918 0.000000
vt 0.000000 -0.256918 0.000000
vt -1.000000 0.256918 0.000000
vt -0.000000 0.256918 0.000000
vt -1.000000 0.770755 0.000000
vt -0.000000 0.770755 0.000000
vt -1.000000 1.284592 0.000000
vt -0.000000 1.284592 0.000000
vt -1.000000 1.798429 0.000000
vt -0.000000 1.798429 0.000000
vt -1.000000 2.312266 0.000000
vt -0.000000 2.312266 0.000000
vt -1.000000 2.826103 0.000000
vt -0.000000 2.826103 0.000000
vt -1.000000 3.339940 0.000000
vt -0.000000 3.339940 0.000000
vt -1.000000 3.853777 0.000000
vt -0.000000 3.853777 0.000000
vt -0.500000 0.000000 0.000000
vt -0.000000 0.000000 0.000000
vt -0.500000 1.000000 0.000000
vt -0.000000 1.000000 0.000000
vt -1.025878 -3.399685 0.000000
vt -0.698296 -3.777428 0.000000
vt -0.657724 -3.041629 0.000000
vt -0.313448 -3.405799 0.000000
vt -0.332764 -2.643958 0.000000
vt 0.029490 -2.995178 0.000000
vt -0.055230 -2.211851 0.000000
vt 0.326592 -2.550267 0.000000
vt 0.171264 -1.750936 0.000000
vt 0.343767 -1.267216 0.000000
vt 0.574457 -2.076159 0.000000
vt 0.460032 -0.766992 0.000000
vt 0.770246 -1.578281 0.000000
vt 0.518546 -0.256779 0.000000
vt 0.911720 -1.062334 0.000000
vt 0.997257 -0.534225 0.000000
vt 1.025878 0.000000 0.000000
vt 0.518546 0.256779 0.000000
vt 0.997257 0.534225 0.000000
vt 0.911720 1.062334 0.000000
vt 0.770246 1.578281 0.000000
vt 0.460032 0.766992 0.000000
vt 0.574457 2.076159 0.000000
vt 0.343767 1.267216 0.000000
vt 0.326592 2.550267 0.000000
vt 0.171264 1.750936 0.000000
vt -0.055230 2.211851 0.000000
vt 0.029490 2.995178 0.000000
vt -0.332764 2.643958 0.000000
vt -0.313448 3.405799 0.000000
vt -0.657724 3.041629 0.000000
vt -0.698296 3.777428 0.000000
vt -1.025878 3.399685 0.000000
vt -1.944527 -2.000000 0.000000
vt 1.934110 -2.000000 0.000000
vt 0.976729 -1.165960 0.000000
vt 1.934110 -1.531727 0.000000
vt 1.820310 -1.066486 0.000000
vt 1.660297 -0.615049 0.000000
vt 0.801133 -0.734969 0.000000
vt 1.455694 -0.181994 0.000000
vt 0.575724 -0.327811 0.000000
vt 1.208574 0.228289 0.000000
vt 0.303677 0.049783 0.000000
vt 0.921445 0.611638 0.000000
vt 0.597218 0.964166 0.000000
vt -0.011180 0.392497 0.000000
vt 0.239180 1.282299 0.000000
vt -0.364412 0.695505 0.000000
vt -0.149038 1.562810 0.000000
vt -0.751048 0.954542 0.000000
vt -0.563499 1.802855 0.000000
vt -1.165643 1.165960 0.000000
vt -1.000000 2.000000 0.000000
vt -1.165960 1.165960 0.000000
vt -2.000000 2.000000 0.000000
vt -2.000000 -2.000000 0.000000
vt -1.165960 -1.165960 0.000000
vt 0.772860 5.062817 0.000000
vt 0.223302 5.036152 0.000000
vt 1.000000 4.791593 0.000000
vt 0.000000 4.761711 0.000000
vt 1.000000 4.312434 0.000000
vt -0.000000 4.285540 0.000000
vt 1.000000 3.833275 0.000000
vt -0.000000 3.809369 0.000000
vt 1.000000 3.354115 0.000000
vt -0.000000 3.333198 0.000000
vt 1.000000 2.874956 0.000000
vt -0.000000 2.857027 0.000000
vt 1.000000 2.395797 0.000000
vt -0.000000 2.380856 0.000000
vt 1.000000 1.916637 0.000000
vt -0.000000 1.904685 0.000000
vt 1.000000 1.437478 0.000000
vt -0.000000 1.428513 0.000000
vt 1.000000 0.958319 0.000000
vt -0.000000 0.952342 0.000000
vt 1.000000 0.479159 0.000000
vt -0.000000 0.476171 0.000000
vt 1.000000 0.000000 0.000000
vt -0.000000 0.000000 0.000000
vt 0.348930 5.149133 0.000000
vt 0.644997 5.167777 0.000000
vt 0.416923 5.188813 0.000000
vt 0.574246 5.200470 0.000000
vt 0.453596 5.202137 0.000000
vt 0.535198 5.208797 0.000000
vt 0.493146 5.209432 0.000000
vt -1.812540 -1.040739 0.000000
vt -1.928388 -1.502398 0.000000
vt -0.976729 -1.165960 0.000000
vt -1.928388 -2.000000 0.000000
vt 1.938806 -2.000000 0.000000
vt 1.165960 -1.165960 0.000000
vt 2.000000 -2.000000 0.000000
vt 1.165960 1.165960 0.000000
vt 2.000000 2.000000 0.000000
vt 1.000000 2.000000 0.000000
vt 1.165643 1.165960 0.000000
vt 0.566157 1.804220 0.000000
vt 0.751048 0.954542 0.000000
vt 0.154054 1.566058 0.000000
vt 0.364412 0.695505 0.000000
vt -0.232182 1.287902 0.000000
vt 0.011180 0.392497 0.000000
vt -0.588683 0.972534 0.000000
vt -0.303677 0.049783 0.000000
vt -0.911880 0.623115 0.000000
vt -1.198534 0.243143 0.000000
vt -0.575724 -0.327811 0.000000
vt -1.445777 -0.163577 0.000000
vt -0.801133 -0.734969 0.000000
vt -1.651131 -0.592971 0.000000
vt -1.938806 -2.000000 0.000000
vt 1.928388 -2.000000 0.000000
vt 0.976729 -1.165960 0.000000
vt 1.928388 -1.502398 0.000000
vt 1.812540 -1.040739 0.000000
vt 1.651131 -0.592971 0.000000
vt 0.801133 -0.734969 0.000000
vt 1.445777 -0.163577 0.000000
vt 0.575724 -0.327811 0.000000
vt 1.198534 0.243143 0.000000
vt 0.303677 0.049783 0.000000
vt 0.911880 0.623115 0.000000
vt 0.588683 0.972534 0.000000
vt -0.011180 0.392497 0.000000
vt 0.232182 1.287902 0.000000
vt -0.364412 0.695505 0.000000
vt -0.154054 1.566058 0.000000
vt -0.751048 0.954542 0.000000
vt -0.566157 1.804220 0.000000
vt -1.165643 1.165960 0.000000
vt -1.000000 2.000000 0.000000
vt -1.165960 1.165960 0.000000
vt -2.000000 2.000000 0.000000
vt -2.000000 -2.000000 0.000000
vt -1.165960 -1.165960 0.000000
vt -0.223302 5.036152 0.000000
vt -1.000000 4.791593 0.000000
vt -0.000000 4.761711 0.000000
vt -1.000000 4.312434 0.000000
vt -0.000000 4.285540 0.000000
vt -1.000000 3.833275 0.000000
vt -0.000000 3.809369 0.000000
vt -1.000000 3.354115 0.000000
vt -0.000000 3.333198 0.000000
vt -1.000000 2.874956 0.000000
vt 0.000000 2.857027 0.000000
vt -1.000000 2.395797 0.000000
vt 0.000000 2.380856 0.000000
vt -1.000000 1.916637 0.000000
vt 0.000000 1.904685 0.000000
vt -1.000000 1.437478 0.000000
vt 0.000000 1.428513 0.000000
vt -1.000000 0.958319 0.000000
vt 0.000000 0.952342 0.000000
vt -1.000000 0.479159 0.000000
vt 0.000000 0.476171 0.000000
vt -1.000000 0.000000 0.000000
vt 0.000000 0.000000 0.000000
vt -0.772860 5.062817 0.000000
vt -0.348930 5.149133 0.000000
vt -0.644997 5.167777 0.000000
vt -0.416923 5.188813 0.000000
vt -0.574246 5.200470 0.000000
vt -0.453596 5.202137 0.000000
vt -0.535198 5.208797 0.000000
vt -0.493146 5.209432 0.000000
vt -1.820310 -1.066486 0.000000
vt -1.934110 -1.531727 0.000000
vt -0.976729 -1.165960 0.000000
vt -1.934110 -2.000000 0.000000
vt 1.944527 -2.000000 0.000000
vt 1.165960 -1.165960 0.000000
vt 2.000000 -2.000000 0.000000
vt 1.165960 1.165960 0.000000
vt 2.000000 2.000000 0.000000
vt 1.000000 2.000000 0.000000
vt 1.165643 1.165960 0.000000
vt 0.563499 1.802855 0.000000
vt 0.751048 0.954542 0.000000
vt 0.149038 1.562810 0.000000
vt 0.364412 0.695505 0.000000
vt -0.239180 1.282299 0.000000
vt 0.011180 0.392497 0.000000
vt -0.597218 0.964166 0.000000
vt -0.303677 0.049783 0.000000
vt -0.921445 0.611638 0.000000
vt -1.208574 0.228289 0.000000
vt -0.575724 -0.327811 0.000000
vt -1.455694 -0.181994 0.000000
vt -0.801133 -0.734969 0.000000
vt -1.660297 -0.615049 0.000000
vt -1.944527 -2.000000 0.000000
vt 1.934110 -2.000000 0.000000
vt 0.976729 -1.165960 0.000000
vt 1.934110 -1.531727 0.000000
vt 1.820310 -1.066486 0.000000
vt 1.660297 -0.615049 0.000000
vt 0.801133 -0.734969 0.000000
vt 1.455694 -0.181994 0.000000
vt 0.575724 -0.327811 0.000000
vt 1.208574 0.228289 0.000000
vt 0.303677 0.049783 0.000000
vt 0.921445 0.611638 0.000000
vt 0.597218 0.964166 0.000000
vt -0.011180 0.392497 0.000000
vt 0.239180 1.282299 0.000000
vt -0.364412 0.695505 0.000000
vt -0.149038 1.562810 0.000000
vt -0.751048 0.954542 0.000000
vt -0.563499 1.802855 0.000000
vt -1.165643 1.165960 0.000000
vt -1.000000 2.000000 0.000000
vt -1.165960 1.165960 0.000000
vt -2.000000 2.000000 0.000000
vt -2.000000 -2.000000 0.000000
vt -1.165960 -1.165960 0.000000
vt 0.772860 5.062817 0.000000
vt 0.223302 5.036152 0.000000
vt 1.000000 4.791593 0.000000
vt 0.000000 4.761711 0.000000
vt 1.000000 4.312434 0.000000
vt -0.000000 4.285540 0.000000
vt 1.000000 3.833275 0.000000
vt -0.000000 3.809369 0.000000
vt 1.000000 3.354115 0.000000
vt -0.000000 3.333198 0.000000
vt 1.000000 2.874956 0.000000
vt -0.000000 2.857027 0.000000
vt 1.000000 2.395797 0.000000
vt -0.000000 2.380856 0.000000
vt 1.000000 1.916637 0.000000
vt -0.000000 1.904685 0.000000
vt 1.000000 1.437478 0.000000
vt -0.000000 1.428513 0.000000
vt 1.000000 0.958319 0.000000
vt -0.000000 0.952342 0.000000
vt 1.000000 0.479159 0.000000
vt -0.000000 0.476171 0.000000
vt 1.000000 0.000000 0.000000
vt -0.000000 0.000000 0.000000
vt 0.348930 5.149133 0.000000
vt 0.644997 5.167777 0.000000
vt 0.416923 5.188813 0.000000
vt 0.574246 5.200470 0.000000
vt 0.453596 5.202137 0.000000
vt 0.535198 5.208797 0.000000
vt 0.493146 5.209432 0.000000
vt -1.812540 -1.040739 0.000000
vt -1.928388 -1.502398 0.000000
vt -0.976729 -1.165960 0.000000
vt -1.928388 -2.000000 0.000000
vt 1.938806 -2.000000 0.000000
vt 1.165960 -1.165960 0.000000
vt 2.000000 -2.000000 0.000000
vt 1.165960 1.165960 0.000000
vt 2.000000 2.000000 0.000000
vt 1.000000 2.000000 0.000000
vt 1.165643 1.165960 0.000000
vt 0.566157 1.804220 0.000000
vt 0.751048 0.954542 0.000000
vt 0.154054 1.566058 0.000000
vt 0.364412 0.695505 0.000000
vt -0.232182 1.287902 0.000000
vt 0.011180 0.392497 0.000000
vt -0.588683 0.972534 0.000000
vt -0.303677 0.049783 0.000000
vt -0.911880 0.623115 0.000000
vt -1.198534 0.243143 0.000000
vt -0.575724 -0.327811 0.000000
vt -1.445777 -0.163577 0.000000
vt -0.801133 -0.734969 0.000000
vt -1.651131 -0.592971 0.000000
vt -1.938806 -2.000000 0.000000
vt 1.928388 -2.000000 0.000000
vt 0.976729 -1.165960 0.000000
vt 1.928388 -1.502398 0.000000
vt 1.812540 -1.040739 0.000000
vt 1.651131 -0.592971 0.000000
vt 0.801133 -0.734969 0.000000
vt 1.445777 -0.163577 0.000000
vt 0.575724 -0.327811 0.000000
vt 1.198534 0.243143 0.000000
vt 0.303677 0.049783 0.000000
vt 0.911880 0.623115 0.000000
vt 0.588683 0.972534 0.000000
vt -0.011180 0.392497 0.000000
vt 0.232182 1.287902 0.000000
vt -0.364412 0.695505 0.000000
vt -0.154054 1.566058 0.000000
vt -0.751048 0.954542 0.000000
vt -0.566157 1.804220 0.000000
vt -1.165643 1.165960 0.000000
vt -1.000000 2.000000 0.000000
vt -1.165960 1.165960 0.000000
vt -2.000000 2.000000 0.000000
vt -2.000000 -2.000000 0.000000
vt -1.165960 -1.165960 0.000000
vt -0.223302 5.036152 0.000000
vt -1.000000 4.791593 0.000000
vt -0.000000 4.761711 0.000000
vt -1.000000 4.312434 0.000000
vt -0.000000 4.285540 0.000000
vt -1.000000 3.833275 0.000000
vt -0.000000 3.809369 0.000000
vt -1.000000 3.354115 0.000000
vt -0.000000 3.333198 0.000000
vt -1.000000 2.874956 0.000000
vt 0.000000 2.857027 0.000000
vt -1.000000 2.395797 0.000000
vt 0.000000 2.380856 0.000000
vt -1.000000 1.916637 0.000000
vt 0.000000 1.904685 0.000000
vt -1.000000 1.437478 0.000000
vt 0.000000 1.428513 0.000000
vt -1.000000 0.958319 0.000000
vt 0.000000 0.952342 0.000000
vt -1.000000 0.479159 0.000000
vt 0.000000 0.476171 0.000000
vt -1.000000 0.000000 0.000000
vt 0.000000 0.000000 0.000000
vt -0.772860 5.062817 0.000000
vt -0.348930 5.149133 0.000000
vt -0.644997 5.167777 0.000000
vt -0.416923 5.188813 0.000000
vt -0.574246 5.200470 0.000000
vt -0.453596 5.202137 0.000000
vt -0.535198 5.208797 0.000000
vt -0.493146 5.209432 0.000000
vt -1.820310 -1.066486 0.000000
vt -1.934110 -1.531727 0.000000
vt -0.976729 -1.165960 0.000000
vt -1.934110 -2.000000 0.000000
vt 1.944527 -2.000000 0.000000
vt 1.165960 -1.165960 0.000000
vt 2.000000 -2.000000 0.000000
vt 1.165960 1.165960 0.000000
vt 2.000000 2.000000 0.000000
vt 1.000000 2.000000 0.000000
vt 1.165643 1.165960 0.000000
vt 0.563499 1.802855 0.000000
vt 0.751048 0.954542 0.000000
vt 0.149038 1.562810 0.000000
vt 0.364412 0.695505 0.000000
vt -0.239180 1.282299 0.000000
vt 0.011180 0.392497 0.000000
vt -0.597218 0.964166 0.000000
vt -0.303677 0.049783 0.000000
vt -0.921445 0.611638 0.000000
vt -1.208574 0.228289 0.000000
vt -0.575724 -0.327811 0.000000
vt -1.455694 -0.181994 0.000000
vt -0.801133 -0.734969 0.000000
vt -1.660297 -0.615049 0.000000
vt -4.121862 1.696204 0.000000
vt 0.095264 1.767146 0.000000
vt -4.130208 1.841936 0.000000
vt 0.095264 1.963495 0.000000
vt -4.130569 1.987934 0.000000
vt 0.095264 2.159845 0.000000
vt -4.123551 2.138015 0.000000
vt -4.110625 2.287831 0.000000
vt 0.095264 2.356194 0.000000
vt -4.095270 2.433114 0.000000
vt -4.095270 -2.279275 0.000000
vt 0.095264 -2.356194 0.000000
vt 0.095264 -2.159845 0.000000
vt -4.080125 -2.133765 0.000000
vt 0.095264 -1.963495 0.000000
vt -4.067786 -1.983848 0.000000
vt -4.061489 -1.833788 0.000000
vt 0.095264 -1.767146 0.000000
vt -4.062436 -1.687980 0.000000
vt 0.095264 -1.570796 0.000000
vt -4.071142 -1.542059 0.000000
vt 0.095264 -1.374447 0.000000
vt -4.086955 -1.392570 0.000000
vt -4.107988 -1.243642 0.000000
vt 0.095264 -1.178097 0.000000
vt -4.130515 -1.099316 0.000000
vt 0.095264 -0.981748 0.000000
vt -4.152036 -0.954566 0.000000
vt 0.095264 -0.785398 0.000000
vt -4.169700 -0.805223 0.000000
vt -4.179516 -0.655500 0.000000
vt 0.095264 -0.589049 0.000000
vt -4.179892 -0.509799 0.000000
vt 0.095264 -0.392699 0.000000
vt -4.170208 -0.364050 0.000000
vt 0.095264 -0.196350 0.000000
vt -4.151368 -0.215037 0.000000
vt -4.125704 -0.066843 0.000000
vt 0.095264 0.000000 0.000000
vt -4.097619 0.076571 0.000000
vt 0.095264 0.196350 0.000000
vt -4.069755 0.220212 0.000000
vt -4.044703 0.368561 0.000000
vt 0.095264 0.392699 0.000000
vt -4.026531 0.517633 0.000000
vt 0.095264 0.589049 0.000000
vt -4.017175 0.663258 0.000000
vt 0.095264 0.785398 0.000000
vt -4.017284 0.809166 0.000000
vt 0.095264 0.981748 0.000000
vt -4.026342 0.959032 0.000000
vt -4.043009 1.108448 0.000000
vt 0.095264 1.178097 0.000000
vt -4.063620 1.253120 0.000000
vt 0.095264 1.374447 0.000000
vt -4.085603 1.397732 0.000000
vt -4.106303 1.546756 0.000000
vt 0.095264 1.570796 0.000000
vt 4.301619 1.988078 0.000000
vt 4.311162 1.841936 0.000000
vt 4.310342 1.695449 0.000000
vt 4.300006 1.545092 0.000000
vt 4.282247 1.395200 0.000000
vt 4.261636 1.249967 0.000000
vt 4.241511 1.104395 0.000000
vt 4.225119 0.954288 0.000000
vt 4.216551 0.803889 0.000000
vt 4.217326 0.657645 0.000000
vt 4.228078 0.511294 0.000000
vt 4.247973 0.361784 0.000000
vt 4.274682 0.213175 0.000000
vt 4.303559 0.069381 0.000000
vt 4.331570 -0.074949 0.000000
vt 4.355059 -0.224054 0.000000
vt 4.368780 -0.373837 0.000000
vt 4.370420 -0.519913 0.000000
vt 4.359080 -0.666003 0.000000
vt 4.336085 -0.814851 0.000000
vt 4.304556 -0.962492 0.000000
vt 4.270093 -1.105154 0.000000
vt 4.235995 -1.248113 0.000000
vt 4.205403 -1.396021 0.000000
vt 4.183280 -1.545027 0.000000
vt 4.172002 -1.691019 0.000000
vt 4.172406 -1.837381 0.000000
vt 4.183844 -1.987527 0.000000
vt 4.204609 -2.136993 0.000000
vt 4.230160 -2.281499 0.000000
vt 4.257330 -2.425882 0.000000
vt 4.257330 2.286507 0.000000
vt 4.282781 2.137623 0.000000
vt 3.944527 1.000000 0.000000
vt 3.969705 0.886252 0.000000
vt 4.000000 1.000000 0.000000
vt 3.988217 0.771231 0.000000
vt 4.000000 0.655327 0.000000
vt 4.000000 0.366832 0.000000
vt 3.987210 0.243366 0.000000
vt 4.000000 0.000000 0.000000
vt 3.966786 0.120932 0.000000
vt 3.938806 0.000000 0.000000
vt 0.000000 0.000000 0.000000
vt 2.331921 0.000000 0.000000
vt 0.000000 1.000000 0.000000
vt 2.331921 1.000000 0.000000
vt 0.000000 -0.000000 0.000000
vt 0.000317 -0.000000 0.000000
vt -0.000000 1.000000 0.000000
vt 0.000317 1.000000 0.000000
vt 1.000000 3.259639 0.000000
vt -0.000000 3.259639 0.000000
vt 1.000000 2.793977 0.000000
vt -0.000000 2.793977 0.000000
vt 1.000000 2.328314 0.000000
vt -0.000000 2.328314 0.000000
vt 1.000000 1.862651 0.000000
vt -0.000000 1.862651 0.000000
vt 1.000000 1.396988 0.000000
vt 0.000000 1.396988 0.000000
vt 1.000000 0.931326 0.000000
vt 0.000000 0.931326 0.000000
vt 1.000000 0.465663 0.000000
vt -0.000000 0.465663 0.000000
vt 1.000000 0.000000 0.000000
vt -0.000000 0.000000 0.000000
vt 0.000000 0.000000 0.000000
vt 2.142690 0.000000 0.000000
vt 0.000000 1.000000 0.000000
vt 2.142690 1.000000 0.000000
vt 0.000000 -0.000000 0.000000
vt 1.000000 -0.000000 0.000000
vt 0.000000 1.000000 0.000000
vt 1.000000 1.000000 0.000000
vt 0.000000 -0.000000 0.000000
vt 4.000000 0.000000 0.000000
vt -0.000000 0.366832 0.000000
vt 4.000000 1.000000 0.000000
vt -0.000000 0.655327 0.000000
vt -0.000000 1.000000 0.000000
vt 1.717024 1.025587 0.000000
vt -1.025587 -1.717024 0.000000
vt 1.862509 0.728740 0.000000
vt 1.957108 0.411983 0.000000
vt 1.998236 0.083971 0.000000
vt 1.984772 -0.246336 0.000000
vt 1.917081 -0.569912 0.000000
vt 1.797014 -0.877918 0.000000
vt 1.627851 -1.161938 0.000000
vt 1.414214 -1.414214 0.000000
vt 1.161938 -1.627851 0.000000
vt 0.877918 -1.797014 0.000000
vt -0.728740 -1.862509 0.000000
vt 0.569912 -1.917081 0.000000
vt -0.411983 -1.957108 0.000000
vt 0.246336 -1.984772 0.000000
vt -0.083971 -1.998236 0.000000
vt 1.005872 1.728647 0.000000
vt 0.710055 1.869712 0.000000
vt -1.728647 -1.005872 0.000000
vt 0.395172 1.960571 0.000000
vt 0.069677 1.998786 0.000000
vt -0.257688 1.983330 0.000000
vt -0.578133 1.914618 0.000000
vt -0.883055 1.794495 0.000000
vt -1.164266 1.626187 0.000000
vt -1.414214 1.414214 0.000000
vt -1.626187 1.164266 0.000000
vt -1.794495 0.883055 0.000000
vt -1.914618 0.578133 0.000000
vt -1.983330 0.257688 0.000000
vt -1.998786 -0.069677 0.000000
vt -1.960571 -0.395172 0.000000
vt -1.869712 -0.710055 0.000000
vt 1.308532 1.512529 0.000000
vt 1.512529 1.308532 0.000000
vt 1.379778 1.447830 0.000000
vt 1.447830 1.379778 0.000000
vt -6.000000 0.719948 0.000000
vt -5.000000 0.719948 0.000000
vt -6.000000 0.785398 0.000000
vt -5.000000 0.785398 0.000000
vt -6.000000 -0.785398 0.000000
vt -5.000000 -0.785398 0.000000
vt -6.000000 -0.719948 0.000000
vt -5.000000 -0.719948 0.000000
vt -6.000000 -0.654498 0.000000
vt -5.000000 -0.654498 0.000000
vt -6.000000 -0.589049 0.000000
vt -5.000000 -0.589049 0.000000
vt -6.000000 -0.523599 0.000000
vt -5.000000 -0.523599 0.000000
vt -6.000000 -0.458149 0.000000
vt -5.000000 -0.458149 0.000000
vt -6.000000 -0.392699 0.000000
vt -5.000000 -0.392699 0.000000
vt -6.000000 -0.327249 0.000000
vt -5.000000 -0.327249 0.000000
vt -6.000000 -0.261799 0.000000
vt -5.000000 -0.261799 0.000000
vt -6.000000 -0.196350 0.000000
vt -5.000000 -0.196350 0.000000
vt -6.000000 -0.130900 0.000000
vt -5.000000 -0.130900 0.000000
vt -6.000000 -0.065450 0.000000
vt -5.000000 -0.065450 0.000000
vt -6.000000 0.000000 0.000000
vt -5.000000 0.000000 0.000000
vt -6.000000 0.065450 0.000000
vt -5.000000 0.065450 0.000000
vt -6.000000 0.130900 0.000000
vt -5.000000 0.130900 0.000000
vt -6.000000 0.196350 0.000000
vt -5.000000 0.196350 0.000000
vt -6.000000 0.261799 0.000000
vt -5.000000 0.261799 0.000000
vt -6.000000 0.327249 0.000000
vt -5.000000 0.327249 0.000000
vt -6.000000 0.392699 0.000000
vt -5.000000 0.392699 0.000000
vt -6.000000 0.458149 0.000000
vt -5.000000 0.458149 0.000000
vt -6.000000 0.523599 0.000000
vt -5.000000 0.523599 0.000000
vt -6.000000 0.589049 0.000000
vt -5.000000 0.589049 0.000000
vt -6.000000 0.654498 0.000000
vt -5.000000 0.654498 0.000000
vt -0.241481 -0.064705 0.000000
vt 0.241481 -0.064705 0.000000
vt -0.250000 0.000000 0.000000
vt 0.250000 0.000000 0.000000
vt -0.241481 0.064705 0.000000
vt 0.241481 0.064705 0.000000
vt -0.216506 0.125000 0.000000
vt 0.216506 0.125000 0.000000
vt -0.176777 0.176777 0.000000
vt 0.176777 0.176777 0.000000
vt -0.125000 0.216506 0.000000
vt 0.125000 0.216506 0.000000
vt -0.064705 0.241481 0.000000
vt 0.064705 0.241481 0.000000
vt 0.000000 0.250000 0.000000
vt 0.216506 -0.125000 0.000000
vt -0.216506 -0.125000 0.000000
vt 0.176777 -0.176777 0.000000
vt -0.176777 -0.176777 0.000000
vt 0.125000 -0.216506 0.000000
vt -0.125000 -0.216506 0.000000
vt 0.064705 -0.241481 0.000000
vt -0.064705 -0.241481 0.000000
vt 0.000000 -0.250000 0.000000
vt 0.468273 -2.064722 0.000000
vt -5.000000 -1.867974 0.000000
vt -0.000000 -2.064722 0.000000
vt -5.000000 -2.207606 0.000000
vt -0.000000 -2.395681 0.000000
vt -5.000000 -2.547237 0.000000
vt -0.000000 -2.726639 0.000000
vt -5.000000 -2.886869 0.000000
vt -0.000000 -3.057597 0.000000
vt -5.000000 -3.226501 0.000000
vt -0.000000 -3.388556 0.000000
vt -5.000000 -3.566132 0.000000
vt -0.000000 -3.719514 0.000000
vt -5.000000 -3.905764 0.000000
vt -0.000000 -4.050472 0.000000
vt -5.000000 -4.245395 0.000000
vt -0.000000 -4.381431 0.000000
vt -5.000000 -4.585027 0.000000
vt -0.000000 -4.712389 0.000000
vt -5.000000 -4.924659 0.000000
vt -0.000000 -5.043347 0.000000
vt -5.000000 -5.264290 0.000000
vt -0.000000 -5.374306 0.000000
vt -5.000000 -5.603922 0.000000
vt -0.000000 -5.705264 0.000000
vt -5.000000 -5.943554 0.000000
vt -0.000000 -6.036222 0.000000
vt -5.000000 -6.283185 0.000000
vt 0.000000 -6.367181 0.000000
vt -0.000000 6.199190 0.000000
vt -5.000000 6.283185 0.000000
vt -5.000000 5.943554 0.000000
vt -0.000000 5.868232 0.000000
vt -5.000000 5.603922 0.000000
vt -0.000000 5.537273 0.000000
vt -1.146043 5.401736 0.000000
vt -1.000617 5.386370 0.000000
vt 0.200594 -1.833330 0.000000
vt 0.096409 -1.704813 0.000000
vt -5.000000 -1.528342 0.000000
vt 0.063904 -1.633973 0.000000
vt 0.055620 -1.594915 0.000000
vt 0.054989 -1.552862 0.000000
vt 0.062245 -1.513305 0.000000
vt 0.075496 -1.476605 0.000000
vt 0.114935 -1.408469 0.000000
vt -5.000000 -1.188711 0.000000
vt 0.227012 -1.282016 0.000000
vt 0.497602 -1.053984 0.000000
vt -0.000000 -1.053984 0.000000
vt -5.000000 -0.849079 0.000000
vt -0.000000 -0.725887 0.000000
vt -5.000000 -0.509447 0.000000
vt -0.000000 -0.397789 0.000000
vt -5.000000 -0.169816 0.000000
vt -0.000000 -0.069692 0.000000
vt -5.000000 0.169816 0.000000
vt -0.000000 0.258406 0.000000
vt -5.000000 0.509447 0.000000
vt -0.000000 0.586504 0.000000
vt -5.000000 0.849079 0.000000
vt -0.000000 0.914601 0.000000
vt -5.000000 1.188711 0.000000
vt -0.000000 1.242699 0.000000
vt -5.000000 1.528342 0.000000
vt -0.000000 1.570796 0.000000
vt -5.000000 1.867974 0.000000
vt -0.000000 1.898894 0.000000
vt -5.000000 2.207606 0.000000
vt -0.000000 2.226991 0.000000
vt -5.000000 2.547237 0.000000
vt -0.000000 2.555089 0.000000
vt -5.000000 2.886869 0.000000
vt -0.000000 2.883187 0.000000
vt -0.000000 3.211284 0.000000
vt -5.000000 3.226501 0.000000
vt -0.000000 3.539382 0.000000
vt -5.000000 3.566132 0.000000
vt -0.000000 3.867479 0.000000
vt -1.149912 3.862905 0.000000
vt -1.004809 3.877487 0.000000
vt -0.861834 3.923322 0.000000
vt -0.731107 3.998265 0.000000
vt -0.000000 4.195577 0.000000
vt -0.620019 4.094222 0.000000
vt -0.528949 4.208906 0.000000
vt -0.000000 4.319723 0.000000
vt -0.458264 4.342063 0.000000
vt -0.000000 4.443870 0.000000
vt -0.414532 4.486171 0.000000
vt -0.000000 4.568016 0.000000
vt -0.399232 4.631901 0.000000
vt -0.000000 4.664265 0.000000
vt -0.412463 4.777331 0.000000
vt -0.000000 4.760513 0.000000
vt -0.000000 4.856762 0.000000
vt -0.454487 4.921746 0.000000
vt -0.000000 4.973279 0.000000
vt -0.524300 5.055361 0.000000
vt -0.000000 5.089797 0.000000
vt -0.615383 5.170392 0.000000
vt -0.000000 5.206315 0.000000
vt -0.726430 5.265874 0.000000
vt -0.857356 5.340450 0.000000
vt -5.000000 3.905764 0.000000
vt -1.295204 3.879876 0.000000
vt -1.437770 3.927637 0.000000
vt -1.567970 4.003566 0.000000
vt -1.678672 4.099591 0.000000
vt -5.000000 4.245395 0.000000
vt -1.770101 4.214385 0.000000
vt -1.841126 4.347423 0.000000
vt -5.000000 4.585027 0.000000
vt -1.884933 4.491313 0.000000
vt -1.899888 4.636761 0.000000
vt -1.885702 4.782217 0.000000
vt -5.000000 4.924659 0.000000
vt -1.842221 4.926136 0.000000
vt -1.770818 5.058802 0.000000
vt -5.000000 5.264290 0.000000
vt -1.678503 5.172586 0.000000
vt -1.566358 5.267140 0.000000
vt -1.434853 5.340918 0.000000
vt -1.291445 5.386445 0.000000
vt -0.241481 0.064705 0.000000
vt -1.971232 0.338002 0.000000
vt -0.250000 0.000000 0.000000
vt -2.000000 0.000000 0.000000
vt -1.971232 -0.338002 0.000000
vt -1.885755 0.666280 0.000000
vt -0.216506 0.125000 0.000000
vt -1.746028 0.975390 0.000000
vt -1.556072 1.256440 0.000000
vt -0.176777 0.176777 0.000000
vt -1.321349 1.501345 0.000000
vt -0.125000 0.216506 0.000000
vt -1.048615 1.703058 0.000000
vt -0.745713 1.855778 0.000000
vt -0.064705 0.241481 0.000000
vt -0.421359 1.955110 0.000000
vt 0.000000 0.250000 0.000000
vt -0.084882 1.998198 0.000000
vt 0.254036 1.983801 0.000000
vt 0.064705 0.241481 0.000000
vt 0.585646 1.912333 0.000000
vt 0.900407 1.785852 0.000000
vt 0.125000 0.216506 0.000000
vt 1.189266 1.607994 0.000000
vt 0.176777 0.176777 0.000000
vt 1.443912 1.383878 0.000000
vt 1.657019 1.119950 0.000000
vt 0.216506 0.125000 0.000000
vt 1.822457 0.823802 0.000000
vt 0.241481 0.064705 0.000000
vt 1.935466 0.503956 0.000000
vt 1.992795 0.169612 0.000000
vt 0.250000 0.000000 0.000000
vt 1.992795 -0.169612 0.000000
vt 0.241481 -0.064705 0.000000
vt 1.935466 -0.503956 0.000000
vt 1.822457 -0.823802 0.000000
vt 0.216506 -0.125000 0.000000
vt 1.657019 -1.119950 0.000000
vt 0.176777 -0.176777 0.000000
vt 1.443912 -1.383878 0.000000
vt 1.189266 -1.607994 0.000000
vt 0.125000 -0.216506 0.000000
vt 0.900407 -1.785852 0.000000
vt 0.064705 -0.241481 0.000000
vt 0.585646 -1.912333 0.000000
vt 0.254036 -1.983801 0.000000
vt 0.000000 -0.250000 0.000000
vt -0.084882 -1.998198 0.000000
vt -0.421359 -1.955110 0.000000
vt -0.064705 -0.241481 0.000000
vt -0.745713 -1.855778 0.000000
vt -0.125000 -0.216506 0.000000
vt -1.048615 -1.703058 0.000000
vt -1.321349 -1.501345 0.000000
vt -0.176777 -0.176777 0.000000
vt -1.556072 -1.256440 0.000000
vt -0.216506 -0.125000 0.000000
vt -1.746028 -0.975390 0.000000
vt -1.885755 -0.666280 0.000000
vt -0.241481 -0.064705 0.000000
vt 4.130569 1.987934 0.000000
vt -0.095264 1.963495 0.000000
vt 4.130208 1.841936 0.000000
vt -0.095264 1.767146 0.000000
vt 4.121862 1.696204 0.000000
vt -0.095264 1.570796 0.000000
vt 4.106303 1.546756 0.000000
vt -0.095264 1.374447 0.000000
vt 4.085603 1.397732 0.000000
vt 4.063620 1.253120 0.000000
vt -0.095264 1.178097 0.000000
vt 4.043009 1.108448 0.000000
vt -0.095264 0.981748 0.000000
vt 4.026342 0.959032 0.000000
vt 4.017284 0.809166 0.000000
vt -0.095264 0.785398 0.000000
vt 4.017175 0.663258 0.000000
vt -0.095264 0.589049 0.000000
vt 4.026531 0.517633 0.000000
vt -0.095264 0.392699 0.000000
vt 4.044703 0.368561 0.000000
vt -0.095264 0.196350 0.000000
vt 4.069755 0.220212 0.000000
vt 4.097619 0.076571 0.000000
vt -0.095264 0.000000 0.000000
vt 4.125704 -0.066843 0.000000
vt -0.095264 -0.196350 0.000000
vt 4.151368 -0.215037 0.000000
vt 4.170208 -0.364050 0.000000
vt -0.095264 -0.392699 0.000000
vt 4.179892 -0.509799 0.000000
vt -0.095264 -0.589049 0.000000
vt 4.179516 -0.655500 0.000000
vt -0.095264 -0.785398 0.000000
vt 4.169700 -0.805223 0.000000
vt 4.152036 -0.954566 0.000000
vt -0.095264 -0.981748 0.000000
vt 4.130515 -1.099316 0.000000
vt -0.095264 -1.178097 0.000000
vt 4.107988 -1.243642 0.000000
vt -0.095264 -1.374447 0.000000
vt 4.086955 -1.392570 0.000000
vt 4.071142 -1.542059 0.000000
vt -0.095264 -1.570796 0.000000
vt 4.062436 -1.687980 0.000000
vt -0.095264 -1.767146 0.000000
vt 4.061489 -1.833788 0.000000
vt -0.095264 -1.963495 0.000000
vt 4.067786 -1.983848 0.000000
vt 4.080125 -2.133765 0.000000
vt -0.095264 -2.159845 0.000000
vt 4.095270 -2.279275 0.000000
vt -0.095264 -2.356194 0.000000
vt 4.110625 -2.424558 0.000000
vt 4.110625 2.287831 0.000000
vt -0.095264 2.356194 0.000000
vt -0.095264 2.159845 0.000000
vt 4.123551 2.138015 0.000000
vt -4.310342 1.695449 0.000000
vt -4.311162 1.841936 0.000000
vt -4.301619 1.988078 0.000000
vt -4.282781 2.137623 0.000000
vt -4.257330 2.286507 0.000000
vt -4.230160 2.430890 0.000000
vt -4.230160 -2.281499 0.000000
vt -4.204609 -2.136993 0.000000
vt -4.183844 -1.987527 0.000000
vt -4.172406 -1.837381 0.000000
vt -4.172002 -1.691019 0.000000
vt -4.183280 -1.545027 0.000000
vt -4.205403 -1.396021 0.000000
vt -4.235995 -1.248113 0.000000
vt -4.270093 -1.105154 0.000000
vt -4.304556 -0.962492 0.000000
vt -4.336085 -0.814851 0.000000
vt -4.359080 -0.666003 0.000000
vt -4.370420 -0.519913 0.000000
vt -4.368780 -0.373837 0.000000
vt -4.355059 -0.224054 0.000000
vt -4.331570 -0.074949 0.000000
vt -4.303559 0.069381 0.000000
vt -4.274682 0.213175 0.000000
vt -4.247973 0.361784 0.000000
vt -4.228078 0.511294 0.000000
vt -4.217326 0.657645 0.000000
vt -4.216551 0.803889 0.000000
vt -4.225119 0.954288 0.000000
vt -4.241511 1.104395 0.000000
vt -4.261636 1.249967 0.000000
vt -4.282247 1.395200 0.000000
vt -4.300006 1.545092 0.000000
vt -1.025587 1.717024 0.000000
vt 1.717024 -1.025587 0.000000
vt -0.728740 1.862509 0.000000
vt -0.411983 1.957108 0.000000
vt -0.083971 1.998236 0.000000
vt 0.246336 1.984772 0.000000
vt 0.569912 1.917081 0.000000
vt 0.877918 1.797014 0.000000
vt 1.161938 1.627851 0.000000
vt 1.414214 1.414214 0.000000
vt 1.627851 1.161938 0.000000
vt 1.797014 0.877918 0.000000
vt 1.917081 0.569912 0.000000
vt 1.984772 0.246336 0.000000
vt 1.998236 -0.083971 0.000000
vt 1.957108 -0.411983 0.000000
vt 1.862509 -0.728740 0.000000
vt 1.512529 -1.308532 0.000000
vt 1.308532 -1.512529 0.000000
vt 1.447830 -1.379778 0.000000
vt 1.379778 -1.447830 0.000000
vt -6.000000 0.719948 0.000000
vt -5.000000 0.719948 0.000000
vt -6.000000 0.785398 0.000000
vt -5.000000 0.785398 0.000000
vt -6.000000 -0.785398 0.000000
vt -5.000000 -0.785398 0.000000
vt -6.000000 -0.719948 0.000000
vt -5.000000 -0.719948 0.000000
vt -6.000000 -0.654498 0.000000
vt -5.000000 -0.654498 0.000000
vt -6.000000 -0.589049 0.000000
vt -5.000000 -0.589049 0.000000
vt -6.000000 -0.523599 0.000000
vt -5.000000 -0.523599 0.000000
vt -6.000000 -0.458149 0.000000
vt -5.000000 -0.458149 0.000000
vt -6.000000 -0.392699 0.000000
vt -5.000000 -0.392699 0.000000
vt -6.000000 -0.327249 0.000000
vt -5.000000 -0.327249 0.000000
vt -6.000000 -0.261799 0.000000
vt -5.000000 -0.261799 0.000000
vt -6.000000 -0.196350 0.000000
vt -5.000000 -0.196350 0.000000
vt -6.000000 -0.130900 0.000000
vt -5.000000 -0.130900 0.000000
vt -6.000000 -0.065450 0.000000
vt -5.000000 -0.065450 0.000000
vt -6.000000 0.000000 0.000000
vt -5.000000 0.000000 0.000000
vt -6.000000 0.065450 0.000000
vt -5.000000 0.065450 0.000000
vt -6.000000 0.130900 0.000000
vt -5.000000 0.130900 0.000000
vt -6.000000 0.196350 0.000000
vt -5.000000 0.196350 0.000000
vt -6.000000 0.261799 0.000000
vt -5.000000 0.261799 0.000000
vt -6.000000 0.327249 0.000000
vt -5.000000 0.327249 0.000000
vt -6.000000 0.392699 0.000000
vt -5.000000 0.392699 0.000000
vt -6.000000 0.458149 0.000000
vt -5.000000 0.458149 0.000000
vt -6.000000 0.523599 0.000000
vt -5.000000 0.523599 0.000000
vt -6.000000 0.589049 0.000000
vt -5.000000 0.589049 0.000000
vt -6.000000 0.654498 0.000000
vt -5.000000 0.654498 0.000000
vt -0.241481 -0.064705 0.000000
vt 0.241481 -0.064705 0.000000
vt -0.250000 0.000000 0.000000
vt 0.250000 0.000000 0.000000
vt -0.241481 0.064705 0.000000
vt 0.241481 0.064705 0.000000
vt -0.216506 0.125000 0.000000
vt 0.216506 0.125000 0.000000
vt -0.176777 0.176777 0.000000
vt 0.176777 0.176777 0.000000
vt -0.125000 0.216506 0.000000
vt 0.125000 0.216506 0.000000
vt -0.064705 0.241481 0.000000
vt 0.064705 0.241481 0.000000
vt 0.000000 0.250000 0.000000
vt 0.216506 -0.125000 0.000000
vt -0.216506 -0.125000 0.000000
vt 0.176777 -0.176777 0.000000
vt -0.176777 -0.176777 0.000000
vt 0.125000 -0.216506 0.000000
vt -0.125000 -0.216506 0.000000
vt 0.064705 -0.241481 0.000000
vt -0.064705 -0.241481 0.000000
vt 0.000000 -0.250000 0.000000
vt 0.497602 1.053984 0.000000
vt -5.000000 1.188711 0.000000
vt -0.000000 1.053984 0.000000
vt -5.000000 0.849079 0.000000
vt -0.000000 0.725887 0.000000
vt -5.000000 0.509447 0.000000
vt -0.000000 0.397789 0.000000
vt -5.000000 0.169816 0.000000
vt -0.000000 0.069692 0.000000
vt -5.000000 -0.169816 0.000000
vt -0.000000 -0.258406 0.000000
vt -5.000000 -0.509447 0.000000
vt -0.000000 -0.586504 0.000000
vt -5.000000 -0.849079 0.000000
vt -0.000000 -0.914601 0.000000
vt -5.000000 -1.188711 0.000000
vt -0.000000 -1.242699 0.000000
vt -5.000000 -1.528342 0.000000
vt -0.000000 -1.570796 0.000000
vt -5.000000 -1.867974 0.000000
vt -0.000000 -1.898894 0.000000
vt -5.000000 -2.207606 0.000000
vt -0.000000 -2.226991 0.000000
vt -5.000000 -2.547237 0.000000
vt -0.000000 -2.555089 0.000000
vt -5.000000 -2.886869 0.000000
vt -0.000000 -2.883187 0.000000
vt -0.000000 -3.211284 0.000000
vt -5.000000 -3.226501 0.000000
vt -0.000000 -3.539382 0.000000
vt -5.000000 -3.566132 0.000000
vt -1.149912 -3.862905 0.000000
vt -5.000000 -3.905764 0.000000
vt -1.295204 -3.879876 0.000000
vt -1.437770 -3.927637 0.000000
vt -1.567970 -4.003566 0.000000
vt -1.678672 -4.099591 0.000000
vt -5.000000 -4.245395 0.000000
vt -1.770101 -4.214385 0.000000
vt -1.841126 -4.347423 0.000000
vt -5.000000 -4.585027 0.000000
vt -1.884933 -4.491313 0.000000
vt -1.899888 -4.636761 0.000000
vt -1.885702 -4.782217 0.000000
vt -5.000000 -4.924659 0.000000
vt -1.842221 -4.926136 0.000000
vt -1.770818 -5.058802 0.000000
vt -5.000000 -5.264290 0.000000
vt -1.678503 -5.172586 0.000000
vt -1.566358 -5.267140 0.000000
vt -1.434853 -5.340918 0.000000
vt -1.291445 -5.386445 0.000000
vt -5.000000 -5.603922 0.000000
vt -1.146043 -5.401736 0.000000
vt -0.000000 -5.537273 0.000000
vt -1.000617 -5.386370 0.000000
vt -0.857356 -5.340450 0.000000
vt -0.000000 -5.206315 0.000000
vt -0.726430 -5.265874 0.000000
vt -0.615383 -5.170392 0.000000
vt -0.000000 -5.089797 0.000000
vt -0.524300 -5.055361 0.000000
vt -0.000000 -4.973279 0.000000
vt -0.454487 -4.921746 0.000000
vt -0.000000 -4.856762 0.000000
vt -0.412463 -4.777331 0.000000
vt -0.000000 -4.760513 0.000000
vt -0.000000 -4.664265 0.000000
vt 0.227012 1.282016 0.000000
vt 0.114935 1.408469 0.000000
vt -5.000000 1.528342 0.000000
vt 0.075496 1.476605 0.000000
vt 0.062245 1.513305 0.000000
vt 0.054989 1.552862 0.000000
vt 0.055620 1.594915 0.000000
vt 0.063904 1.633973 0.000000
vt 0.096409 1.704813 0.000000
vt -5.000000 1.867974 0.000000
vt 0.200594 1.833330 0.000000
vt 0.468273 2.064722 0.000000
vt -0.000000 2.064722 0.000000
vt -5.000000 2.207606 0.000000
vt -0.000000 2.395681 0.000000
vt -5.000000 2.547237 0.000000
vt -0.000000 2.726639 0.000000
vt -5.000000 2.886869 0.000000
vt -0.000000 3.057597 0.000000
vt -5.000000 3.226501 0.000000
vt -0.000000 3.388556 0.000000
vt -5.000000 3.566132 0.000000
vt -0.000000 3.719514 0.000000
vt -5.000000 3.905764 0.000000
vt -0.000000 4.050472 0.000000
vt -5.000000 4.245395 0.000000
vt -0.000000 4.381431 0.000000
vt -5.000000 4.585027 0.000000
vt -0.000000 4.712389 0.000000
vt -5.000000 4.924659 0.000000
vt -0.000000 5.043347 0.000000
vt -5.000000 5.264290 0.000000
vt -0.000000 5.374306 0.000000
vt -5.000000 5.603922 0.000000
vt -0.000000 5.705264 0.000000
vt -5.000000 5.943554 0.000000
vt -0.000000 6.036222 0.000000
vt -5.000000 6.283185 0.000000
vt -5.000000 -6.283185 0.000000
vt 0.000000 -6.530148 0.000000
vt -0.000000 -6.199190 0.000000
vt -5.000000 -5.943554 0.000000
vt -0.000000 -5.868232 0.000000
vt -0.399232 -4.631901 0.000000
vt -0.000000 -4.568016 0.000000
vt -0.414532 -4.486171 0.000000
vt -0.000000 -4.443870 0.000000
vt -0.458264 -4.342063 0.000000
vt -0.000000 -4.319723 0.000000
vt -0.528949 -4.208906 0.000000
vt -0.000000 -4.195577 0.000000
vt -0.620019 -4.094222 0.000000
vt -0.731107 -3.998265 0.000000
vt -0.000000 -3.867479 0.000000
vt -0.861834 -3.923322 0.000000
vt -1.004809 -3.877487 0.000000
vt -0.241481 0.064705 0.000000
vt -1.971232 0.338002 0.000000
vt -0.250000 0.000000 0.000000
vt -2.000000 0.000000 0.000000
vt -1.971232 -0.338002 0.000000
vt -1.885755 0.666280 0.000000
vt -0.216506 0.125000 0.000000
vt -1.746028 0.975390 0.000000
vt -1.556072 1.256440 0.000000
vt -0.176777 0.176777 0.000000
vt -1.321349 1.501345 0.000000
vt -0.125000 0.216506 0.000000
vt -1.048615 1.703058 0.000000
vt -0.745713 1.855778 0.000000
vt -0.064705 0.241481 0.000000
vt -0.421359 1.955110 0.000000
vt 0.000000 0.250000 0.000000
vt -0.084882 1.998198 0.000000
vt 0.254036 1.983801 0.000000
vt 0.064705 0.241481 0.000000
vt 0.585646 1.912333 0.000000
vt 0.900407 1.785852 0.000000
vt 0.125000 0.216506 0.000000
vt 1.189266 1.607994 0.000000
vt 0.176777 0.176777 0.000000
vt 1.443912 1.383878 0.000000
vt 1.657019 1.119950 0.000000
vt 0.216506 0.125000 0.000000
vt 1.822457 0.823802 0.000000
vt 0.241481 0.064705 0.000000
vt 1.935466 0.503956 0.000000
vt 1.992795 0.169612 0.000000
vt 0.250000 0.000000 0.000000
vt 1.992795 -0.169612 0.000000
vt 0.241481 -0.064705 0.000000
vt 1.935466 -0.503956 0.000000
vt 1.822457 -0.823802 0.000000
vt 0.216506 -0.125000 0.000000
vt 1.657019 -1.119950 0.000000
vt 0.176777 -0.176777 0.000000
vt 1.443912 -1.383878 0.000000
vt 1.189266 -1.607994 0.000000
vt 0.125000 -0.216506 0.000000
vt 0.900407 -1.785852 0.000000
vt 0.064705 -0.241481 0.000000
vt 0.585646 -1.912333 0.000000
vt 0.254036 -1.983801 0.000000
vt 0.000000 -0.250000 0.000000
vt -0.084882 -1.998198 0.000000
vt -0.421359 -1.955110 0.000000
vt -0.064705 -0.241481 0.000000
vt -0.745713 -1.855778 0.000000
vt -0.125000 -0.216506 0.000000
vt -1.048615 -1.703058 0.000000
vt -1.321349 -1.501345 0.000000
vt -0.176777 -0.176777 0.000000
vt -1.556072 -1.256440 0.000000
vt -0.216506 -0.125000 0.000000
vt -1.746028 -0.975390 0.000000
vt -1.885755 -0.666280 0.000000
vt -0.241481 -0.064705 0.000000
vt -1.728647 1.005872 0.000000
vt -1.869712 0.710055 0.000000
vt 1.005872 -1.728647 0.000000
vt -1.960571 0.395172 0.000000
vt -1.998786 0.069677 0.000000
vt -1.983330 -0.257688 0.000000
vt -1.914618 -0.578133 0.000000
vt -1.794495 -0.883055 0.000000
vt -1.626187 -1.164266 0.000000
vt -1.414214 -1.414214 0.000000
vt -1.164266 -1.626187 0.000000
vt -0.883055 -1.794495 0.000000
vt 0.710055 -1.869712 0.000000
vt -0.578133 -1.914618 0.000000
vt 0.395172 -1.960571 0.000000
vt -0.257688 -1.983330 0.000000
vt 0.069677 -1.998786 0.000000
vt -3.938806 0.000000 0.000000
vt -3.966786 0.120932 0.000000
vt -4.000000 0.000000 0.000000
vt -3.987210 0.243366 0.000000
vt -4.000000 0.366832 0.000000
vt -4.000000 0.655327 0.000000
vt -3.988217 0.771231 0.000000
vt -4.000000 1.000000 0.000000
vt -3.969705 0.886252 0.000000
vt -3.944527 1.000000 0.000000
vt -2.331921 0.000000 0.000000
vt -0.000000 0.000000 0.000000
vt -2.331921 1.000000 0.000000
vt -0.000000 1.000000 0.000000
vt -0.000317 -0.000000 0.000000
vt 0.000000 0.000000 0.000000
vt -0.000317 1.000000 0.000000
vt 0.000000 1.000000 0.000000
vt -1.000000 0.000000 0.000000
vt 0.000000 0.000000 0.000000
vt -1.000000 0.465663 0.000000
vt 0.000000 0.465663 0.000000
vt -1.000000 0.931326 0.000000
vt -0.000000 0.931326 0.000000
vt -1.000000 1.396988 0.000000
vt -0.000000 1.396988 0.000000
vt -1.000000 1.862651 0.000000
vt 0.000000 1.862651 0.000000
vt -1.000000 2.328314 0.000000
vt 0.000000 2.328314 0.000000
vt -1.000000 2.793977 0.000000
vt 0.000000 2.793977 0.000000
vt -1.000000 3.259639 0.000000
vt 0.000000 3.259639 0.000000
vt -2.142690 0.000000 0.000000
vt -0.000000 0.000000 0.000000
vt -2.142690 1.000000 0.000000
vt -0.000000 1.000000 0.000000
vt -1.000000 -0.000000 0.000000
vt -0.000000 0.000000 0.000000
vt -1.000000 1.000000 0.000000
vt -0.000000 1.000000 0.000000
vt -0.000000 0.000000 0.000000
vt -0.000000 0.366832 0.000000
vt -4.000000 0.000000 0.000000
vt -4.000000 1.000000 0.000000
vt -0.000000 0.655327 0.000000
vt -0.000000 1.000000 0.000000
vt -3.938806 0.000000 0.000000
vt -3.966786 0.120932 0.000000
vt -4.000000 0.000000 0.000000
vt -3.987210 0.243366 0.000000
vt -4.000000 0.366832 0.000000
vt -4.000000 0.655327 0.000000
vt -3.988217 0.771231 0.000000
vt -4.000000 1.000000 0.000000
vt -3.969705 0.886252 0.000000
vt -3.944527 1.000000 0.000000
vt -2.331921 0.000000 0.000000
vt -0.000000 0.000000 0.000000
vt -2.331921 1.000000 0.000000
vt -0.000000 1.000000 0.000000
vt -0.000317 -0.000000 0.000000
vt -0.000000 0.000000 0.000000
vt -0.000317 1.000000 0.000000
vt 0.000000 1.000000 0.000000
vt -1.000000 0.000000 0.000000
vt 0.000000 0.000000 0.000000
vt -1.000000 0.465663 0.000000
vt 0.000000 0.465663 0.000000
vt -1.000000 0.931326 0.000000
vt -0.000000 0.931326 0.000000
vt -1.000000 1.396988 0.000000
vt -0.000000 1.396988 0.000000
vt -1.000000 1.862651 0.000000
vt 0.000000 1.862651 0.000000
vt -1.000000 2.328314 0.000000
vt 0.000000 2.328314 0.000000
vt -1.000000 2.793977 0.000000
vt 0.000000 2.793977 0.000000
vt -1.000000 3.259639 0.000000
vt 0.000000 3.259639 0.000000
vt -2.142690 0.000000 0.000000
vt 0.000000 0.000000 0.000000
vt -2.142690 1.000000 0.000000
vt -0.000000 1.000000 0.000000
vt -1.000000 -0.000000 0.000000
vt -0.000000 0.000000 0.000000
vt -1.000000 1.000000 0.000000
vt -0.000000 1.000000 0.000000
vt -0.000000 0.000000 0.000000
vt -0.000000 0.366832 0.000000
vt -4.000000 0.000000 0.000000
vt -4.000000 1.000000 0.000000
vt -0.000000 0.655327 0.000000
vt -0.000000 1.000000 0.000000
vt -1.005872 1.728647 0.000000
vt 1.728647 -1.005872 0.000000
vt -0.710055 1.869712 0.000000
vt -0.395172 1.960571 0.000000
vt -0.069677 1.998786 0.000000
vt 0.257688 1.983330 0.000000
vt 0.578133 1.914618 0.000000
vt 0.883055 1.794495 0.000000
vt 1.164266 1.626187 0.000000
vt 1.414214 1.414214 0.000000
vt 1.626187 1.164266 0.000000
vt 1.794495 0.883055 0.000000
vt 1.914618 0.578133 0.000000
vt 1.983330 0.257688 0.000000
vt 1.998786 -0.069677 0.000000
vt 1.960571 -0.395172 0.000000
vt 1.869712 -0.710055 0.000000
vt -1.717024 1.025587 0.000000
vt -1.862509 0.728740 0.000000
vt 1.025587 -1.717024 0.000000
vt -1.957108 0.411983 0.000000
vt -1.998236 0.083971 0.000000
vt -1.984772 -0.246336 0.000000
vt -1.917081 -0.569912 0.000000
vt -1.797014 -0.877918 0.000000
vt -1.627851 -1.161938 0.000000
vt -1.414214 -1.414214 0.000000
vt -1.161938 -1.627851 0.000000
vt -0.877918 -1.797014 0.000000
vt 0.728740 -1.862509 0.000000
vt -0.569912 -1.917081 0.000000
vt 0.411983 -1.957108 0.000000
vt -0.246336 -1.984772 0.000000
vt 0.083971 -1.998236 0.000000
vt -1.308532 1.512529 0.000000
vt -1.379778 1.447830 0.000000
vt -1.512529 1.308532 0.000000
vt -1.447830 1.379778 0.000000
vt 4.301619 1.988078 0.000000
vt 0.095264 1.963495 0.000000
vt 4.311162 1.841936 0.000000
vt 0.095264 1.767146 0.000000
vt 4.310342 1.695449 0.000000
vt 0.095264 1.570796 0.000000
vt 4.300006 1.545092 0.000000
vt 0.095264 1.374447 0.000000
vt 4.282247 1.395200 0.000000
vt 4.261636 1.249967 0.000000
vt 0.095264 1.178097 0.000000
vt 4.241511 1.104395 0.000000
vt 0.095264 0.981748 0.000000
vt 4.225119 0.954288 0.000000
vt 0.095264 0.785398 0.000000
vt 4.216551 0.803889 0.000000
vt 4.217326 0.657645 0.000000
vt 0.095264 0.589049 0.000000
vt 4.228078 0.511294 0.000000
vt 0.095264 0.392699 0.000000
vt 4.247973 0.361784 0.000000
vt 0.095264 0.196350 0.000000
vt 4.274682 0.213175 0.000000
vt 4.303559 0.069381 0.000000
vt 0.095264 0.000000 0.000000
vt 4.331570 -0.074949 0.000000
vt 0.095264 -0.196350 0.000000
vt 4.355059 -0.224054 0.000000
vt 0.095264 -0.392699 0.000000
vt 4.368780 -0.373837 0.000000
vt 4.370420 -0.519913 0.000000
vt 0.095264 -0.589049 0.000000
vt 4.359080 -0.666003 0.000000
vt 0.095264 -0.785398 0.000000
vt 4.336085 -0.814851 0.000000
vt 0.095264 -0.981748 0.000000
vt 4.304556 -0.962492 0.000000
vt 4.270093 -1.105154 0.000000
vt 0.095264 -1.178097 0.000000
vt 4.235995 -1.248113 0.000000
vt 0.095264 -1.374447 0.000000
vt 4.205403 -1.396021 0.000000
vt 4.183280 -1.545027 0.000000
vt 0.095264 -1.570796 0.000000
vt 4.172002 -1.691019 0.000000
vt 0.095264 -1.767146 0.000000
vt 4.172406 -1.837381 0.000000
vt 0.095264 -1.963495 0.000000
vt 4.183844 -1.987527 0.000000
vt 0.095264 -2.159845 0.000000
vt 4.204609 -2.136993 0.000000
vt 4.230160 -2.281499 0.000000
vt 0.095264 -2.356194 0.000000
vt 4.257330 -2.425882 0.000000
vt 4.257330 2.286507 0.000000
vt 0.095264 2.356194 0.000000
vt 0.095264 2.159845 0.000000
vt 4.282781 2.137623 0.000000
vt -4.121862 1.696204 0.000000
vt -4.130208 1.841936 0.000000
vt -4.130569 1.987934 0.000000
vt -4.123551 2.138015 0.000000
vt -4.110625 2.287831 0.000000
vt -4.095270 2.433114 0.000000
vt -4.095270 -2.279275 0.000000
vt -4.080125 -2.133765 0.000000
vt -4.067786 -1.983848 0.000000
vt -4.061489 -1.833788 0.000000
vt -4.062436 -1.687980 0.000000
vt -4.071142 -1.542059 0.000000
vt -4.086955 -1.392570 0.000000
vt -4.107988 -1.243642 0.000000
vt -4.130515 -1.099316 0.000000
vt -4.152036 -0.954566 0.000000
vt -4.169700 -0.805223 0.000000
vt -4.179516 -0.655500 0.000000
vt -4.179892 -0.509799 0.000000
vt -4.170208 -0.364050 0.000000
vt -4.151368 -0.215037 0.000000
vt -4.125704 -0.066843 0.000000
vt -4.097619 0.076571 0.000000
vt -4.069755 0.220212 0.000000
vt -4.044703 0.368561 0.000000
vt -4.026531 0.517633 0.000000
vt -4.017175 0.663258 0.000000
vt -4.017284 0.809166 0.000000
vt -4.026342 0.959032 0.000000
vt -4.043009 1.108448 0.000000
vt -4.063620 1.253120 0.000000
vt -4.085603 1.397732 0.000000
vt -4.106303 1.546756 0.000000
vt -4.310342 1.695449 0.000000
vt -0.095264 1.767146 0.000000
vt -4.311162 1.841936 0.000000
vt -0.095264 1.963495 0.000000
vt -4.301619 1.988078 0.000000
vt -0.095264 2.159845 0.000000
vt -4.282781 2.137623 0.000000
vt -4.257330 2.286507 0.000000
vt -0.095264 2.356194 0.000000
vt -4.230160 2.430890 0.000000
vt -4.230160 -2.281499 0.000000
vt -0.095264 -2.356194 0.000000
vt -0.095264 -2.159845 0.000000
vt -4.204609 -2.136993 0.000000
vt -4.183844 -1.987527 0.000000
vt -0.095264 -1.963495 0.000000
vt -4.172406 -1.837381 0.000000
vt -0.095264 -1.767146 0.000000
vt -4.172002 -1.691019 0.000000
vt -0.095264 -1.570796 0.000000
vt -4.183280 -1.545027 0.000000
vt -0.095264 -1.374447 0.000000
vt -4.205403 -1.396021 0.000000
vt -4.235995 -1.248113 0.000000
vt -0.095264 -1.178097 0.000000
vt -4.270093 -1.105154 0.000000
vt -0.095264 -0.981748 0.000000
vt -4.304556 -0.962492 0.000000
vt -4.336085 -0.814851 0.000000
vt -0.095264 -0.785398 0.000000
vt -4.359080 -0.666003 0.000000
vt -0.095264 -0.589049 0.000000
vt -4.370420 -0.519913 0.000000
vt -0.095264 -0.392699 0.000000
vt -4.368780 -0.373837 0.000000
vt -4.355059 -0.224054 0.000000
vt -0.095264 -0.196350 0.000000
vt -4.331570 -0.074949 0.000000
vt -0.095264 0.000000 0.000000
vt -4.303559 0.069381 0.000000
vt -0.095264 0.196350 0.000000
vt -4.274682 0.213175 0.000000
vt -4.247973 0.361784 0.000000
vt -0.095264 0.392699 0.000000
vt -4.228078 0.511294 0.000000
vt -0.095264 0.589049 0.000000
vt -4.217326 0.657645 0.000000
vt -0.095264 0.785398 0.000000
vt -4.216551 0.803889 0.000000
vt -4.225119 0.954288 0.000000
vt -0.095264 0.981748 0.000000
vt -4.241511 1.104395 0.000000
vt -0.095264 1.178097 0.000000
vt -4.261636 1.249967 0.000000
vt -0.095264 1.374447 0.000000
vt -4.282247 1.395200 0.000000
vt -4.300006 1.545092 0.000000
vt -0.095264 1.570796 0.000000
vt 4.130569 1.987934 0.000000
vt 4.130208 1.841936 0.000000
vt 4.121862 1.696204 0.000000
vt 4.106303 1.546756 0.000000
vt 4.085603 1.397732 0.000000
vt 4.063620 1.253120 0.000000
vt 4.043009 1.108448 0.000000
vt 4.026342 0.959032 0.000000
vt 4.017284 0.809166 0.000000
vt 4.017175 0.663258 0.000000
vt 4.026531 0.517633 0.000000
vt 4.044703 0.368561 0.000000
vt 4.069755 0.220212 0.000000
vt 4.097619 0.076571 0.000000
vt 4.125704 -0.066843 0.000000
vt 4.151368 -0.215037 0.000000
vt 4.170208 -0.364050 0.000000
vt 4.179892 -0.509799 0.000000
vt 4.179516 -0.655500 0.000000
vt 4.169700 -0.805223 0.000000
vt 4.152036 -0.954566 0.000000
vt 4.130515 -1.099316 0.000000
vt 4.107988 -1.243642 0.000000
vt 4.086955 -1.392570 0.000000
vt 4.071142 -1.542059 0.000000
vt 4.062436 -1.687980 0.000000
vt 4.061489 -1.833788 0.000000
vt 4.067786 -1.983848 0.000000
vt 4.080125 -2.133765 0.000000
vt 4.095270 -2.279275 0.000000
vt 4.110625 -2.424558 0.000000
vt 4.110625 2.287831 0.000000
vt 4.123551 2.138015 0.000000
vt -0.000000 0.000000 0.000000
vt 10.000000 0.000000 0.000000
vt -0.000000 3.000000 0.000000
vt 10.000000 3.000000 0.000000
vt -1.254977 2.628964 0.000000
vt -0.000000 2.855993 0.000000
vt -1.399940 2.643820 0.000000
vt -3.000000 2.855993 0.000000
vt -3.000000 2.498994 0.000000
vt -0.000000 2.498994 0.000000
vt -1.111733 2.584486 0.000000
vt -0.980210 2.511959 0.000000
vt -0.868012 2.418480 0.000000
vt -0.775734 2.305468 0.000000
vt -0.000000 2.141995 0.000000
vt -0.704476 2.173369 0.000000
vt -0.661114 2.029886 0.000000
vt -0.000000 1.784996 0.000000
vt -0.646880 1.884902 0.000000
vt -0.661559 1.739943 0.000000
vt -0.705060 1.596459 0.000000
vt -0.000000 1.427997 0.000000
vt -0.775985 1.464050 0.000000
vt -0.867612 1.350262 0.000000
vt -0.978756 1.255727 0.000000
vt -0.000000 1.070997 0.000000
vt -1.109361 1.181661 0.000000
vt -1.252044 1.135588 0.000000
vt -1.396976 1.119506 0.000000
vt -3.000000 1.070997 0.000000
vt -0.000000 0.713998 0.000000
vt -3.000000 0.713998 0.000000
vt -0.000000 0.356999 0.000000
vt -3.000000 0.356999 0.000000
vt -0.000000 0.000000 0.000000
vt -3.000000 0.000000 0.000000
vt -1.541728 1.133761 0.000000
vt -1.684719 1.178333 0.000000
vt -1.815746 1.251602 0.000000
vt -3.000000 1.427997 0.000000
vt -1.927210 1.346059 0.000000
vt -2.018558 1.459752 0.000000
vt -2.089205 1.592254 0.000000
vt -3.000000 1.784996 0.000000
vt -2.132624 1.735915 0.000000
vt -2.147549 1.881104 0.000000
vt -2.134043 2.026062 0.000000
vt -3.000000 2.141995 0.000000
vt -2.091812 2.169936 0.000000
vt -2.021798 2.302785 0.000000
vt -1.930482 2.416779 0.000000
vt -1.819137 2.510986 0.000000
vt -1.688058 2.584130 0.000000
vt -1.544924 2.628908 0.000000
vt -3.000000 3.212992 0.000000
vt -0.000000 3.212992 0.000000
vt -3.000000 3.569992 0.000000
vt -0.000000 3.569992 0.000000
vt -3.000000 3.926991 0.000000
vt -0.000000 3.926991 0.000000
vt 0.000000 0.000000 0.000000
vt 10.000000 0.000000 0.000000
vt 0.000000 3.000000 0.000000
vt 10.000000 3.000000 0.000000
vt -1.544924 1.298083 0.000000
vt -3.000000 1.070997 0.000000
vt -1.399940 1.283170 0.000000
vt -0.000000 1.070997 0.000000
vt -1.254977 1.298027 0.000000
vt -0.000000 1.427997 0.000000
vt -1.111733 1.342505 0.000000
vt -0.980210 1.415032 0.000000
vt -0.868012 1.508511 0.000000
vt -0.775734 1.621523 0.000000
vt -0.000000 1.784996 0.000000
vt -0.704476 1.753621 0.000000
vt -0.661114 1.897104 0.000000
vt -0.000000 2.141995 0.000000
vt -0.646880 2.042089 0.000000
vt -0.661559 2.187048 0.000000
vt -0.705060 2.330532 0.000000
vt -0.000000 2.498994 0.000000
vt -0.775985 2.462941 0.000000
vt -0.867612 2.576728 0.000000
vt -0.978756 2.671264 0.000000
vt -0.000000 2.855993 0.000000
vt -1.109361 2.745330 0.000000
vt -1.252044 2.791402 0.000000
vt -1.396976 2.807485 0.000000
vt -3.000000 2.855993 0.000000
vt -1.541728 2.793229 0.000000
vt -1.684719 2.748658 0.000000
vt -1.815746 2.675389 0.000000
vt -3.000000 2.498994 0.000000
vt -1.927210 2.580932 0.000000
vt -2.018558 2.467239 0.000000
vt -2.089205 2.334737 0.000000
vt -3.000000 2.141995 0.000000
vt -2.132624 2.191076 0.000000
vt -2.147549 2.045887 0.000000
vt -2.134043 1.900929 0.000000
vt -3.000000 1.784996 0.000000
vt -2.091812 1.757055 0.000000
vt -2.021798 1.624206 0.000000
vt -3.000000 1.427997 0.000000
vt -1.930482 1.510212 0.000000
vt -1.819137 1.416005 0.000000
vt -1.688058 1.342861 0.000000
vt -3.000000 0.000000 0.000000
vt -0.000000 0.000000 0.000000
vt -3.000000 0.356999 0.000000
vt -0.000000 0.356999 0.000000
vt -3.000000 0.713998 0.000000
vt -0.000000 0.713998 0.000000
vt -3.000000 3.212992 0.000000
vt -0.000000 3.212992 0.000000
vt -3.000000 3.569992 0.000000
vt -0.000000 3.569992 0.000000
vt -3.000000 3.926991 0.000000
vt -0.000000 3.926991 0.000000
vt 0.000000 0.000000 0.000000
vt 10.000000 0.000000 0.000000
vt 0.000000 3.000000 0.000000
vt 10.000000 3.000000 0.000000
vt -1.254977 2.628964 0.000000
vt -0.000000 2.855993 0.000000
vt -1.399940 2.643820 0.000000
vt -3.000000 2.855993 0.000000
vt -3.000000 2.498994 0.000000
vt -0.000000 2.498994 0.000000
vt -1.111733 2.584486 0.000000
vt -0.980210 2.511959 0.000000
vt -0.868012 2.418480 0.000000
vt -0.775734 2.305468 0.000000
vt -0.000000 2.141995 0.000000
vt -0.704476 2.173369 0.000000
vt -0.661114 2.029886 0.000000
vt -0.000000 1.784996 0.000000
vt -0.646880 1.884902 0.000000
vt -0.661559 1.739943 0.000000
vt -0.705060 1.596459 0.000000
vt -0.000000 1.427997 0.000000
vt -0.775985 1.464050 0.000000
vt -0.867612 1.350262 0.000000
vt -0.978756 1.255727 0.000000
vt -0.000000 1.070997 0.000000
vt -1.109361 1.181661 0.000000
vt -1.252044 1.135588 0.000000
vt -1.396976 1.119506 0.000000
vt -3.000000 1.070997 0.000000
vt -0.000000 0.713998 0.000000
vt -3.000000 0.713998 0.000000
vt -0.000000 0.356999 0.000000
vt -3.000000 0.356999 0.000000
vt -0.000000 0.000000 0.000000
vt -3.000000 0.000000 0.000000
vt -1.541728 1.133761 0.000000
vt -1.684719 1.178333 0.000000
vt -1.815746 1.251602 0.000000
vt -3.000000 1.427997 0.000000
vt -1.927210 1.346059 0.000000
vt -2.018558 1.459752 0.000000
vt -2.089205 1.592254 0.000000
vt -3.000000 1.784996 0.000000
vt -2.132624 1.735915 0.000000
vt -2.147549 1.881104 0.000000
vt -2.134043 2.026062 0.000000
vt -3.000000 2.141995 0.000000
vt -2.091812 2.169936 0.000000
vt -2.021798 2.302785 0.000000
vt -1.930482 2.416779 0.000000
vt -1.819137 2.510986 0.000000
vt -1.688058 2.584130 0.000000
vt -1.544924 2.628908 0.000000
vt -3.000000 3.212992 0.000000
vt -0.000000 3.212992 0.000000
vt -3.000000 3.569992 0.000000
vt -0.000000 3.569992 0.000000
vt -3.000000 3.926991 0.000000
vt -0.000000 3.926991 0.000000
vt -0.000000 0.000000 0.000000
vt 10.000000 0.000000 0.000000
vt -0.000000 3.000000 0.000000
vt 10.000000 3.000000 0.000000
vt -1.544924 1.298083 0.000000
vt -3.000000 1.070997 0.000000
vt -1.399940 1.283170 0.000000
vt -0.000000 1.070997 0.000000
vt -1.254977 1.298027 0.000000
vt -0.000000 1.427997 0.000000
vt -1.111733 1.342505 0.000000
vt -0.980210 1.415032 0.000000
vt -0.868012 1.508511 0.000000
vt -0.775734 1.621523 0.000000
vt -0.000000 1.784996 0.000000
vt -0.704476 1.753621 0.000000
vt -0.661114 1.897104 0.000000
vt -0.000000 2.141995 0.000000
vt -0.646880 2.042089 0.000000
vt -0.661559 2.187048 0.000000
vt -0.705060 2.330532 0.000000
vt -0.000000 2.498994 0.000000
vt -0.775985 2.462941 0.000000
vt -0.867612 2.576728 0.000000
vt -0.978756 2.671264 0.000000
vt -0.000000 2.855993 0.000000
vt -1.109361 2.745330 0.000000
vt -1.252044 2.791402 0.000000
vt -1.396976 2.807485 0.000000
vt -3.000000 2.855993 0.000000
vt -1.541728 2.793229 0.000000
vt -1.684719 2.748658 0.000000
vt -1.815746 2.675389 0.000000
vt -3.000000 2.498994 0.000000
vt -1.927210 2.580932 0.000000
vt -2.018558 2.467239 0.000000
vt -2.089205 2.334737 0.000000
vt -3.000000 2.141995 0.000000
vt -2.132624 2.191076 0.000000
vt -2.147549 2.045887 0.000000
vt -2.134043 1.900929 0.000000
vt -3.000000 1.784996 0.000000
vt -2.091812 1.757055 0.000000
vt -2.021798 1.624206 0.000000
vt -3.000000 1.427997 0.000000
vt -1.930482 1.510212 0.000000
vt -1.819137 1.416005 0.000000
vt -1.688058 1.342861 0.000000
vt -3.000000 0.000000 0.000000
vt -0.000000 0.000000 0.000000
vt -3.000000 0.356999 0.000000
vt -0.000000 0.356999 0.000000
vt -3.000000 0.713998 0.000000
vt -0.000000 0.713998 0.000000
vt -3.000000 3.212992 0.000000
vt -0.000000 3.212992 0.000000
vt -3.000000 3.569992 0.000000
vt -0.000000 3.569992 0.000000
vt -3.000000 3.926991 0.000000
vt -0.000000 3.926991 0.000000
vt -5.355787 7.474554 0.000000
vt -3.275826 3.777428 0.000000
vt -5.000000 7.500000 0.000000
vt 3.275826 3.777428 0.000000
vt 5.000000 7.500000 0.000000
vt 5.355787 7.474554 0.000000
vt 3.660674 3.405799 0.000000
vt 5.704331 7.398732 0.000000
vt 6.038538 7.274080 0.000000
vt 6.351602 7.103134 0.000000
vt 6.637152 6.889374 0.000000
vt 6.889374 6.637152 0.000000
vt 7.103134 6.351602 0.000000
vt 7.274080 6.038538 0.000000
vt 7.398732 5.704331 0.000000
vt 7.474554 5.355787 0.000000
vt 7.500000 5.000000 0.000000
vt 4.003612 2.995178 0.000000
vt 4.300714 2.550267 0.000000
vt -3.660674 3.405799 0.000000
vt -5.704331 7.398732 0.000000
vt -6.038538 7.274080 0.000000
vt -6.351602 7.103134 0.000000
vt -6.637152 6.889374 0.000000
vt -6.889374 6.637152 0.000000
vt -7.103134 6.351602 0.000000
vt -7.274080 6.038538 0.000000
vt -7.398732 5.704331 0.000000
vt -7.474554 5.355787 0.000000
vt -7.500000 5.000000 0.000000
vt -4.003612 2.995178 0.000000
vt -4.300714 2.550267 0.000000
vt -4.548578 2.076159 0.000000
vt -4.744368 1.578281 0.000000
vt -4.885841 1.062334 0.000000
vt -4.971378 0.534225 0.000000
vt -5.000000 -0.000000 0.000000
vt -7.500000 -5.000000 0.000000
vt -4.971378 -0.534225 0.000000
vt -4.885841 -1.062334 0.000000
vt -4.744368 -1.578281 0.000000
vt -4.548578 -2.076159 0.000000
vt -4.300714 -2.550267 0.000000
vt -4.003612 -2.995178 0.000000
vt -3.660674 -3.405799 0.000000
vt -7.474554 -5.355787 0.000000
vt -7.398732 -5.704331 0.000000
vt -7.274080 -6.038538 0.000000
vt -7.103134 -6.351602 0.000000
vt -6.889374 -6.637152 0.000000
vt -6.637152 -6.889374 0.000000
vt -6.351602 -7.103134 0.000000
vt -6.038538 -7.274080 0.000000
vt -5.704331 -7.398732 0.000000
vt -5.355787 -7.474554 0.000000
vt -3.275826 -3.777428 0.000000
vt -5.000000 -7.500000 0.000000
vt 5.000000 -7.500000 0.000000
vt 3.275826 -3.777428 0.000000
vt 5.355787 -7.474554 0.000000
vt 3.660674 -3.405799 0.000000
vt 5.704331 -7.398732 0.000000
vt 6.038538 -7.274080 0.000000
vt 6.351602 -7.103134 0.000000
vt 6.637152 -6.889374 0.000000
vt 6.889374 -6.637152 0.000000
vt 7.103134 -6.351602 0.000000
vt 7.274080 -6.038538 0.000000
vt 7.398732 -5.704331 0.000000
vt 7.474554 -5.355787 0.000000
vt 7.500000 -5.000000 0.000000
vt 4.003612 -2.995178 0.000000
vt 4.300714 -2.550267 0.000000
vt 4.548578 -2.076159 0.000000
vt 4.744368 -1.578281 0.000000
vt 4.885841 -1.062334 0.000000
vt 4.971378 -0.534225 0.000000
vt 5.000000 0.000000 0.000000
vt 4.971378 0.534225 0.000000
vt 4.885841 1.062334 0.000000
vt 4.744368 1.578281 0.000000
vt 4.548578 2.076159 0.000000
vt 2.948244 3.399685 0.000000
vt -2.948244 3.399685 0.000000
vt 2.620661 3.021942 0.000000
vt -2.620661 3.021942 0.000000
vt 2.293078 2.644200 0.000000
vt -2.293078 2.644200 0.000000
vt 1.965496 2.266457 0.000000
vt -1.965496 2.266457 0.000000
vt 1.637913 1.888714 0.000000
vt -1.637913 1.888714 0.000000
vt 1.310330 1.510971 0.000000
vt -1.310330 1.510971 0.000000
vt 0.982748 1.133228 0.000000
vt -0.982748 1.133228 0.000000
vt 0.655165 0.755486 0.000000
vt -0.655165 0.755486 0.000000
vt 0.327583 0.377743 0.000000
vt -0.327583 0.377743 0.000000
vt 0.409333 0.287134 0.000000
vt -0.409333 0.287134 0.000000
vt 0.466699 0.179421 0.000000
vt -0.466699 0.179421 0.000000
vt 0.496263 0.061019 0.000000
vt -0.496263 0.061019 0.000000
vt 0.496263 -0.061019 0.000000
vt -0.496263 -0.061019 0.000000
vt 0.466699 -0.179421 0.000000
vt -0.466699 -0.179421 0.000000
vt 0.409333 -0.287134 0.000000
vt -0.409333 -0.287134 0.000000
vt 0.327583 -0.377743 0.000000
vt -0.327583 -0.377743 0.000000
vt 0.655165 -0.755486 0.000000
vt -0.655165 -0.755486 0.000000
vt 0.982748 -1.133228 0.000000
vt -0.982748 -1.133228 0.000000
vt 1.310330 -1.510971 0.000000
vt -1.310330 -1.510971 0.000000
vt 1.637913 -1.888714 0.000000
vt -1.637913 -1.888714 0.000000
vt 1.965496 -2.266457 0.000000
vt -1.965496 -2.266457 0.000000
vt 2.293078 -2.644200 0.000000
vt -2.293078 -2.644200 0.000000
vt 2.620661 -3.021942 0.000000
vt -2.620661 -3.021942 0.000000
vt 2.948244 -3.399685 0.000000
vt -2.948244 -3.399685 0.000000
vt -3.316398 3.041629 0.000000
vt -2.947909 2.703670 0.000000
vt -3.641358 2.643958 0.000000
vt -3.236763 2.350185 0.000000
vt -3.918892 2.211851 0.000000
vt -3.483460 1.966089 0.000000
vt -4.145386 1.750936 0.000000
vt -3.684787 1.556387 0.000000
vt -4.317889 1.267216 0.000000
vt -3.838123 1.126415 0.000000
vt -4.434154 0.766992 0.000000
vt -3.941470 0.681771 0.000000
vt -4.492668 0.256779 0.000000
vt -3.993483 0.228248 0.000000
vt -4.492668 -0.256779 0.000000
vt -3.993483 -0.228248 0.000000
vt -3.941470 -0.681771 0.000000
vt -4.434154 -0.766992 0.000000
vt -3.838123 -1.126415 0.000000
vt -4.317889 -1.267216 0.000000
vt -3.684787 -1.556387 0.000000
vt -4.145386 -1.750936 0.000000
vt -3.483460 -1.966089 0.000000
vt -3.918892 -2.211851 0.000000
vt -3.236763 -2.350185 0.000000
vt -3.641358 -2.643958 0.000000
vt -2.947909 -2.703670 0.000000
vt -3.316398 -3.041629 0.000000
vt -1.179370 -0.926869 0.000000
vt -0.800722 -0.599036 0.000000
vt -1.333407 -0.687041 0.000000
vt -0.909716 -0.415232 0.000000
vt -1.439296 -0.422405 0.000000
vt -0.977168 -0.212467 0.000000
vt -1.493214 -0.142517 0.000000
vt -1.000000 -0.000000 0.000000
vt -1.493214 0.142517 0.000000
vt -0.977168 0.212467 0.000000
vt -1.439296 0.422405 0.000000
vt -0.909716 0.415232 0.000000
vt -1.333407 0.687041 0.000000
vt -0.800722 0.599036 0.000000
vt -1.179370 0.926869 0.000000
vt 1.179370 0.926869 0.000000
vt 0.800722 0.599036 0.000000
vt 1.333407 0.687041 0.000000
vt 0.909716 0.415232 0.000000
vt 1.439296 0.422405 0.000000
vt 0.977168 0.212467 0.000000
vt 1.493214 0.142517 0.000000
vt 1.000000 0.000000 0.000000
vt 1.493214 -0.142517 0.000000
vt 0.977168 -0.212467 0.000000
vt 1.439296 -0.422405 0.000000
vt 0.909716 -0.415232 0.000000
vt 1.333407 -0.687041 0.000000
vt 0.800722 -0.599036 0.000000
vt 1.179370 -0.926869 0.000000
vt 2.598629 2.344595 0.000000
vt 2.246210 1.988602 0.000000
vt 2.865334 2.009941 0.000000
vt 2.487990 1.676277 0.000000
vt 3.089204 1.645240 0.000000
vt 2.686643 1.334897 0.000000
vt 3.266895 1.255945 0.000000
vt 2.838727 0.970377 0.000000
vt 3.395748 0.847875 0.000000
vt 2.941604 0.589037 0.000000
vt 3.473839 0.427130 0.000000
vt 2.993493 0.197487 0.000000
vt 3.500000 -0.000000 0.000000
vt 2.993493 -0.197487 0.000000
vt 3.473839 -0.427130 0.000000
vt 2.941604 -0.589037 0.000000
vt 3.395748 -0.847875 0.000000
vt 2.838727 -0.970377 0.000000
vt 3.266895 -1.255945 0.000000
vt 2.686643 -1.334897 0.000000
vt 3.089204 -1.645240 0.000000
vt 2.487990 -1.676277 0.000000
vt 2.865334 -2.009941 0.000000
vt 2.246210 -1.988602 0.000000
vt 2.598629 -2.344595 0.000000
vt 1.889924 -1.636517 0.000000
vt 1.548691 -1.265526 0.000000
vt 2.103497 -1.351037 0.000000
vt 1.741730 -0.983045 0.000000
vt 2.274289 -1.038079 0.000000
vt 1.883797 -0.671795 0.000000
vt 2.398827 -0.704009 0.000000
vt 1.970735 -0.340886 0.000000
vt 2.474577 -0.355621 0.000000
vt 2.000000 0.000000 0.000000
vt 2.500000 -0.000000 0.000000
vt 2.474577 0.355621 0.000000
vt 1.970735 0.340886 0.000000
vt 2.398827 0.704009 0.000000
vt 1.883797 0.671795 0.000000
vt 2.274289 1.038079 0.000000
vt 1.741730 0.983045 0.000000
vt 2.103497 1.351037 0.000000
vt 1.548691 1.265526 0.000000
vt 1.889924 1.636517 0.000000
vt -1.889924 -1.636517 0.000000
vt -1.548691 -1.265526 0.000000
vt -2.103497 -1.351037 0.000000
vt -1.741730 -0.983045 0.000000
vt -2.274289 -1.038079 0.000000
vt -1.883797 -0.671795 0.000000
vt -2.398827 -0.704009 0.000000
vt -1.970735 -0.340886 0.000000
vt -2.474577 -0.355621 0.000000
vt -2.000000 -0.000000 0.000000
vt -2.500000 -0.000000 0.000000
vt -2.474577 0.355621 0.000000
vt -1.970735 0.340886 0.000000
vt -2.398827 0.704009 0.000000
vt -1.883797 0.671795 0.000000
vt -2.274289 1.038079 0.000000
vt -1.741730 0.983045 0.000000
vt -2.103497 1.351037 0.000000
vt -1.548691 1.265526 0.000000
vt -1.889924 1.636517 0.000000
vt -2.598629 2.344595 0.000000
vt -2.246210 1.988602 0.000000
vt -2.865334 2.009941 0.000000
vt -2.487990 1.676277 0.000000
vt -3.089204 1.645240 0.000000
vt -2.686643 1.334897 0.000000
vt -3.266895 1.255945 0.000000
vt -2.838727 0.970377 0.000000
vt -3.395748 0.847875 0.000000
vt -2.941604 0.589037 0.000000
vt -3.473839 0.427130 0.000000
vt -2.993493 0.197487 0.000000
vt -3.500000 -0.000000 0.000000
vt -2.993493 -0.197487 0.000000
vt -3.473839 -0.427130 0.000000
vt -2.941604 -0.589037 0.000000
vt -3.395748 -0.847875 0.000000
vt -2.838727 -0.970377 0.000000
vt -3.266895 -1.255945 0.000000
vt -2.686643 -1.334897 0.000000
vt -3.089204 -1.645240 0.000000
vt -2.487990 -1.676277 0.000000
vt -2.865334 -2.009941 0.000000
vt -2.246210 -1.988602 0.000000
vt -2.598629 -2.344595 0.000000
vt 3.316398 -3.041629 0.000000
vt 2.947909 -2.703670 0.000000
vt 3.641358 -2.643958 0.000000
vt 3.236763 -2.350185 0.000000
vt 3.918892 -2.211851 0.000000
vt 3.483460 -1.966089 0.000000
vt 4.145386 -1.750936 0.000000
vt 3.684787 -1.556387 0.000000
vt 4.317889 -1.267216 0.000000
vt 3.838123 -1.126415 0.000000
vt 4.434154 -0.766992 0.000000
vt 3.941470 -0.681771 0.000000
vt 4.492668 -0.256779 0.000000
vt 3.993483 -0.228248 0.000000
vt 3.993483 0.228248 0.000000
vt 4.492668 0.256779 0.000000
vt 3.941470 0.681771 0.000000
vt 4.434154 0.766992 0.000000
vt 3.838123 1.126415 0.000000
vt 4.317889 1.267216 0.000000
vt 3.684787 1.556387 0.000000
vt 4.145386 1.750936 0.000000
vt 3.483460 1.966089 0.000000
vt 3.918892 2.211851 0.000000
vt 3.236763 2.350185 0.000000
vt 3.641358 2.643958 0.000000
vt 2.947909 2.703670 0.000000
vt 3.316398 3.041629 0.000000
vt 7.474554 5.355787 0.000000
vt 5.000000 7.500000 0.000000
vt 7.500000 5.000000 0.000000
vt -5.000000 7.500000 0.000000
vt 7.500000 -5.000000 0.000000
vt -7.500000 5.000000 0.000000
vt 5.000000 -7.500000 0.000000
vt -7.500000 -5.000000 0.000000
vt -5.000000 -7.500000 0.000000
vt -5.355787 -7.474554 0.000000
vt -5.704331 -7.398732 0.000000
vt -6.038538 -7.274080 0.000000
vt -6.351602 -7.103134 0.000000
vt -6.637152 -6.889374 0.000000
vt -6.889374 -6.637152 0.000000
vt -7.103134 -6.351602 0.000000
vt -7.274080 -6.038538 0.000000
vt -7.398732 -5.704331 0.000000
vt -7.474554 -5.355787 0.000000
vt 7.398732 5.704331 0.000000
vt 7.274080 6.038538 0.000000
vt 7.103134 6.351602 0.000000
vt 6.889374 6.637152 0.000000
vt 6.637152 6.889374 0.000000
vt 6.351602 7.103134 0.000000
vt 6.038538 7.274080 0.000000
vt 5.704331 7.398732 0.000000
vt 5.355787 7.474554 0.000000
vt -5.355787 7.474554 0.000000
vt -5.704331 7.398732 0.000000
vt -6.038538 7.274080 0.000000
vt -6.351602 7.103134 0.000000
vt -6.637152 6.889374 0.000000
vt -6.889374 6.637152 0.000000
vt -7.103134 6.351602 0.000000
vt -7.274080 6.038538 0.000000
vt -7.398732 5.704331 0.000000
vt -7.474554 5.355787 0.000000
vt 5.355787 -7.474554 0.000000
vt 5.704331 -7.398732 0.000000
vt 6.038538 -7.274080 0.000000
vt 6.351602 -7.103134 0.000000
vt 6.637152 -6.889374 0.000000
vt 6.889374 -6.637152 0.000000
vt 7.103134 -6.351602 0.000000
vt 7.274080 -6.038538 0.000000
vt 7.398732 -5.704331 0.000000
vt 7.474554 -5.355787 0.000000
vt -6.000000 0.719948 0.000000
vt -5.000000 0.719948 0.000000
vt -6.000000 0.785398 0.000000
vt -5.000000 0.785398 0.000000
vt -6.000000 -0.785398 0.000000
vt -5.000000 -0.785398 0.000000
vt -6.000000 -0.719948 0.000000
vt -5.000000 -0.719948 0.000000
vt -6.000000 -0.654498 0.000000
vt -5.000000 -0.654498 0.000000
vt -6.000000 -0.589049 0.000000
vt -5.000000 -0.589049 0.000000
vt -6.000000 -0.523599 0.000000
vt -5.000000 -0.523599 0.000000
vt -6.000000 -0.458149 0.000000
vt -5.000000 -0.458149 0.000000
vt -6.000000 -0.392699 0.000000
vt -5.000000 -0.392699 0.000000
vt -6.000000 -0.327249 0.000000
vt -5.000000 -0.327249 0.000000
vt -6.000000 -0.261799 0.000000
vt -5.000000 -0.261799 0.000000
vt -6.000000 -0.196350 0.000000
vt -5.000000 -0.196350 0.000000
vt -6.000000 -0.130900 0.000000
vt -5.000000 -0.130900 0.000000
vt -6.000000 -0.065450 0.000000
vt -5.000000 -0.065450 0.000000
vt -6.000000 0.000000 0.000000
vt -5.000000 0.000000 0.000000
vt -6.000000 0.065450 0.000000
vt -5.000000 0.065450 0.000000
vt -6.000000 0.130900 0.000000
vt -5.000000 0.130900 0.000000
vt -6.000000 0.196350 0.000000
vt -5.000000 0.196350 0.000000
vt -6.000000 0.261799 0.000000
vt -5.000000 0.261799 0.000000
vt -6.000000 0.327249 0.000000
vt -5.000000 0.327249 0.000000
vt -6.000000 0.392699 0.000000
vt -5.000000 0.392699 0.000000
vt -6.000000 0.458149 0.000000
vt -5.000000 0.458149 0.000000
vt -6.000000 0.523599 0.000000
vt -5.000000 0.523599 0.000000
vt -6.000000 0.589049 0.000000
vt -5.000000 0.589049 0.000000
vt -6.000000 0.654498 0.000000
vt -5.000000 0.654498 0.000000
vt -0.241481 -0.064705 0.000000
vt 0.241481 -0.064705 0.000000
vt -0.250000 0.000000 0.000000
vt 0.250000 0.000000 0.000000
vt -0.241481 0.064705 0.000000
vt 0.241481 0.064705 0.000000
vt -0.216506 0.125000 0.000000
vt 0.216506 0.125000 0.000000
vt -0.176777 0.176777 0.000000
vt 0.176777 0.176777 0.000000
vt -0.125000 0.216506 0.000000
vt 0.125000 0.216506 0.000000
vt -0.064705 0.241481 0.000000
vt 0.064705 0.241481 0.000000
vt 0.000000 0.250000 0.000000
vt 0.216506 -0.125000 0.000000
vt -0.216506 -0.125000 0.000000
vt 0.176777 -0.176777 0.000000
vt -0.176777 -0.176777 0.000000
vt 0.125000 -0.216506 0.000000
vt -0.125000 -0.216506 0.000000
vt 0.064705 -0.241481 0.000000
vt -0.064705 -0.241481 0.000000
vt 0.000000 -0.250000 0.000000
vt 0.497602 -5.229201 0.000000
vt 0.227012 -5.001169 0.000000
vt -0.000000 -5.229201 0.000000
vt -5.000000 -5.264290 0.000000
vt -0.000000 -5.557299 0.000000
vt -5.000000 -5.603922 0.000000
vt -0.000000 -5.885396 0.000000
vt -5.000000 -5.943554 0.000000
vt -0.000000 -6.213494 0.000000
vt -5.000000 -6.283185 0.000000
vt 0.000000 -6.541591 0.000000
vt -0.000000 6.024779 0.000000
vt -5.000000 6.283185 0.000000
vt -5.000000 5.943554 0.000000
vt -0.000000 5.696682 0.000000
vt -5.000000 5.603922 0.000000
vt -0.000000 5.368584 0.000000
vt -5.000000 5.264290 0.000000
vt -0.000000 5.040487 0.000000
vt -5.000000 4.924659 0.000000
vt -0.000000 4.712389 0.000000
vt -5.000000 4.585027 0.000000
vt -0.000000 4.384291 0.000000
vt -5.000000 4.245395 0.000000
vt -0.000000 4.056194 0.000000
vt -5.000000 3.905764 0.000000
vt -0.000000 3.728096 0.000000
vt -5.000000 3.566132 0.000000
vt -0.000000 3.399999 0.000000
vt -5.000000 3.226501 0.000000
vt -0.000000 3.071901 0.000000
vt -5.000000 2.886869 0.000000
vt -0.000000 2.743804 0.000000
vt -5.000000 2.547237 0.000000
vt -1.149912 2.420280 0.000000
vt -1.295204 2.403309 0.000000
vt -1.437770 2.355548 0.000000
vt -5.000000 2.207606 0.000000
vt -1.567970 2.279620 0.000000
vt -1.678672 2.183595 0.000000
vt -1.770101 2.068800 0.000000
vt -5.000000 1.867974 0.000000
vt -1.841126 1.935762 0.000000
vt -1.884933 1.791872 0.000000
vt -1.899888 1.646425 0.000000
vt -5.000000 1.528342 0.000000
vt -1.885702 1.500968 0.000000
vt -1.842221 1.357049 0.000000
vt -5.000000 1.188711 0.000000
vt -1.770818 1.224383 0.000000
vt -1.678503 1.110600 0.000000
vt -1.566358 1.016046 0.000000
vt -5.000000 0.849079 0.000000
vt -1.434853 0.942267 0.000000
vt -1.291445 0.896740 0.000000
vt -1.146043 0.881449 0.000000
vt -0.000000 0.745912 0.000000
vt -1.000617 0.896815 0.000000
vt -0.000000 1.076870 0.000000
vt -0.857356 0.942735 0.000000
vt -0.726430 1.017311 0.000000
vt -0.615383 1.112793 0.000000
vt -0.000000 1.193388 0.000000
vt -0.524300 1.227824 0.000000
vt -0.000000 1.309906 0.000000
vt -0.454487 1.361440 0.000000
vt -0.000000 1.426423 0.000000
vt -0.412463 1.505854 0.000000
vt -0.000000 1.522672 0.000000
vt -0.000000 1.618921 0.000000
vt -5.000000 -4.924659 0.000000
vt 0.114935 -4.874717 0.000000
vt 0.075496 -4.806581 0.000000
vt 0.062245 -4.769880 0.000000
vt -5.000000 -4.585027 0.000000
vt 0.054989 -4.730323 0.000000
vt 0.055620 -4.688270 0.000000
vt 0.063904 -4.649212 0.000000
vt 0.096409 -4.578372 0.000000
vt 0.200594 -4.449855 0.000000
vt -5.000000 -4.245395 0.000000
vt 0.468273 -4.218463 0.000000
vt -0.000000 -4.218463 0.000000
vt -5.000000 -3.905764 0.000000
vt -0.000000 -3.887505 0.000000
vt -5.000000 -3.566132 0.000000
vt -0.000000 -3.556546 0.000000
vt -5.000000 -3.226501 0.000000
vt -0.000000 -3.225588 0.000000
vt -0.000000 -2.894630 0.000000
vt -5.000000 -2.886869 0.000000
vt -0.000000 -2.563671 0.000000
vt -5.000000 -2.547237 0.000000
vt -0.000000 -2.232713 0.000000
vt -5.000000 -2.207606 0.000000
vt -0.000000 -1.901755 0.000000
vt -5.000000 -1.867974 0.000000
vt -0.000000 -1.570796 0.000000
vt -5.000000 -1.528342 0.000000
vt -0.000000 -1.239838 0.000000
vt -5.000000 -1.188711 0.000000
vt -0.000000 -0.908880 0.000000
vt -5.000000 -0.849079 0.000000
vt -0.000000 -0.577921 0.000000
vt -5.000000 -0.509447 0.000000
vt -0.000000 -0.246963 0.000000
vt -5.000000 -0.169816 0.000000
vt -0.000000 0.083995 0.000000
vt -5.000000 0.169816 0.000000
vt -0.000000 0.414954 0.000000
vt -5.000000 0.509447 0.000000
vt -0.399232 1.651285 0.000000
vt -0.000000 1.715169 0.000000
vt -0.414532 1.797014 0.000000
vt -0.000000 1.839316 0.000000
vt -0.458264 1.941123 0.000000
vt -0.000000 1.963462 0.000000
vt -0.528949 2.074279 0.000000
vt -0.000000 2.087608 0.000000
vt -0.620019 2.188964 0.000000
vt -0.000000 2.415706 0.000000
vt -0.731107 2.284921 0.000000
vt -0.861834 2.359863 0.000000
vt -1.004809 2.405699 0.000000
vt -0.241481 0.064705 0.000000
vt -1.971232 0.338002 0.000000
vt -0.250000 0.000000 0.000000
vt -2.000000 0.000000 0.000000
vt -1.971232 -0.338002 0.000000
vt -1.885755 0.666280 0.000000
vt -0.216506 0.125000 0.000000
vt -1.746028 0.975390 0.000000
vt -1.556072 1.256440 0.000000
vt -0.176777 0.176777 0.000000
vt -1.321349 1.501345 0.000000
vt -0.125000 0.216506 0.000000
vt -1.048615 1.703058 0.000000
vt -0.745713 1.855778 0.000000
vt -0.064705 0.241481 0.000000
vt -0.421359 1.955110 0.000000
vt 0.000000 0.250000 0.000000
vt -0.084882 1.998198 0.000000
vt 0.254036 1.983801 0.000000
vt 0.064705 0.241481 0.000000
vt 0.585646 1.912333 0.000000
vt 0.900407 1.785852 0.000000
vt 0.125000 0.216506 0.000000
vt 1.189266 1.607994 0.000000
vt 0.176777 0.176777 0.000000
vt 1.443912 1.383878 0.000000
vt 1.657019 1.119950 0.000000
vt 0.216506 0.125000 0.000000
vt 1.822457 0.823802 0.000000
vt 0.241481 0.064705 0.000000
vt 1.935466 0.503956 0.000000
vt 1.992795 0.169612 0.000000
vt 0.250000 0.000000 0.000000
vt 1.992795 -0.169612 0.000000
vt 0.241481 -0.064705 0.000000
vt 1.935466 -0.503956 0.000000
vt 1.822457 -0.823802 0.000000
vt 0.216506 -0.125000 0.000000
vt 1.657019 -1.119950 0.000000
vt 0.176777 -0.176777 0.000000
vt 1.443912 -1.383878 0.000000
vt 1.189266 -1.607994 0.000000
vt 0.125000 -0.216506 0.000000
vt 0.900407 -1.785852 0.000000
vt 0.064705 -0.241481 0.000000
vt 0.585646 -1.912333 0.000000
vt 0.254036 -1.983801 0.000000
vt 0.000000 -0.250000 0.000000
vt -0.084882 -1.998198 0.000000
vt -0.421359 -1.955110 0.000000
vt -0.064705 -0.241481 0.000000
vt -0.745713 -1.855778 0.000000
vt -0.125000 -0.216506 0.000000
vt -1.048615 -1.703058 0.000000
vt -1.321349 -1.501345 0.000000
vt -0.176777 -0.176777 0.000000
vt -1.556072 -1.256440 0.000000
vt -0.216506 -0.125000 0.000000
vt -1.746028 -0.975390 0.000000
vt -1.885755 -0.666280 0.000000
vt -0.241481 -0.064705 0.000000
vt 3.944527 1.000000 0.000000
vt 3.969705 0.886252 0.000000
vt 4.000000 1.000000 0.000000
vt 3.988217 0.771231 0.000000
vt 4.000000 0.655327 0.000000
vt 4.000000 0.366832 0.000000
vt 3.987210 0.243366 0.000000
vt 4.000000 0.000000 0.000000
vt 3.966786 0.120932 0.000000
vt 3.938806 0.000000 0.000000
vt 0.000000 0.000000 0.000000
vt 2.331921 0.000000 0.000000
vt 0.000000 1.000000 0.000000
vt 2.331921 1.000000 0.000000
vt 0.000000 0.000000 0.000000
vt 0.000317 -0.000000 0.000000
vt -0.000000 1.000000 0.000000
vt 0.000317 1.000000 0.000000
vt 1.000000 3.259639 0.000000
vt -0.000000 3.259639 0.000000
vt 1.000000 2.793977 0.000000
vt -0.000000 2.793977 0.000000
vt 1.000000 2.328314 0.000000
vt -0.000000 2.328314 0.000000
vt 1.000000 1.862651 0.000000
vt -0.000000 1.862651 0.000000
vt 1.000000 1.396988 0.000000
vt 0.000000 1.396988 0.000000
vt 1.000000 0.931326 0.000000
vt 0.000000 0.931326 0.000000
vt 1.000000 0.465663 0.000000
vt -0.000000 0.465663 0.000000
vt 1.000000 0.000000 0.000000
vt -0.000000 0.000000 0.000000
vt 0.000000 0.000000 0.000000
vt 2.142690 0.000000 0.000000
vt 0.000000 1.000000 0.000000
vt 2.142690 1.000000 0.000000
vt 0.000000 0.000000 0.000000
vt 1.000000 -0.000000 0.000000
vt 0.000000 1.000000 0.000000
vt 1.000000 1.000000 0.000000
vt 0.000000 0.000000 0.000000
vt 4.000000 0.000000 0.000000
vt 0.000000 0.366832 0.000000
vt 4.000000 1.000000 0.000000
vt 0.000000 0.655327 0.000000
vt 0.000000 1.000000 0.000000
vt 1.025587 1.717024 0.000000
vt 0.728740 1.862509 0.000000
vt -1.717024 -1.025587 0.000000
vt 0.411983 1.957108 0.000000
vt 0.083971 1.998236 0.000000
vt -0.246336 1.984772 0.000000
vt -0.569912 1.917081 0.000000
vt -0.877918 1.797014 0.000000
vt -1.161938 1.627851 0.000000
vt -1.414214 1.414214 0.000000
vt -1.627851 1.161938 0.000000
vt -1.797014 0.877918 0.000000
vt -1.917081 0.569912 0.000000
vt -1.984772 0.246336 0.000000
vt -1.998236 -0.083971 0.000000
vt -1.957108 -0.411983 0.000000
vt -1.862509 -0.728740 0.000000
vt 1.728647 1.005872 0.000000
vt -1.005872 -1.728647 0.000000
vt 1.869712 0.710055 0.000000
vt 1.960571 0.395172 0.000000
vt 1.998786 0.069677 0.000000
vt 1.983330 -0.257688 0.000000
vt 1.914618 -0.578133 0.000000
vt 1.794495 -0.883055 0.000000
vt 1.626187 -1.164266 0.000000
vt 1.414214 -1.414214 0.000000
vt 1.164266 -1.626187 0.000000
vt 0.883055 -1.794495 0.000000
vt -0.710055 -1.869712 0.000000
vt 0.578133 -1.914618 0.000000
vt -0.395172 -1.960571 0.000000
vt 0.257688 -1.983330 0.000000
vt -0.069677 -1.998786 0.000000
vt -1.512529 -1.308532 0.000000
vt -1.447830 -1.379778 0.000000
vt -1.308532 -1.512529 0.000000
vt -1.379778 -1.447830 0.000000
vt -6.000000 0.719948 0.000000
vt -5.000000 0.719948 0.000000
vt -6.000000 0.785398 0.000000
vt -5.000000 0.785398 0.000000
vt -6.000000 -0.785398 0.000000
vt -5.000000 -0.785398 0.000000
vt -6.000000 -0.719948 0.000000
vt -5.000000 -0.719948 0.000000
vt -6.000000 -0.654498 0.000000
vt -5.000000 -0.654498 0.000000
vt -6.000000 -0.589049 0.000000
vt -5.000000 -0.589049 0.000000
vt -6.000000 -0.523599 0.000000
vt -5.000000 -0.523599 0.000000
vt -6.000000 -0.458149 0.000000
vt -5.000000 -0.458149 0.000000
vt -6.000000 -0.392699 0.000000
vt -5.000000 -0.392699 0.000000
vt -6.000000 -0.327249 0.000000
vt -5.000000 -0.327249 0.000000
vt -6.000000 -0.261799 0.000000
vt -5.000000 -0.261799 0.000000
vt -6.000000 -0.196350 0.000000
vt -5.000000 -0.196350 0.000000
vt -6.000000 -0.130900 0.000000
vt -5.000000 -0.130900 0.000000
vt -6.000000 -0.065450 0.000000
vt -5.000000 -0.065450 0.000000
vt -6.000000 0.000000 0.000000
vt -5.000000 0.000000 0.000000
vt -6.000000 0.065450 0.000000
vt -5.000000 0.065450 0.000000
vt -6.000000 0.130900 0.000000
vt -5.000000 0.130900 0.000000
vt -6.000000 0.196350 0.000000
vt -5.000000 0.196350 0.000000
vt -6.000000 0.261799 0.000000
vt -5.000000 0.261799 0.000000
vt -6.000000 0.327249 0.000000
vt -5.000000 0.327249 0.000000
vt -6.000000 0.392699 0.000000
vt -5.000000 0.392699 0.000000
vt -6.000000 0.458149 0.000000
vt -5.000000 0.458149 0.000000
vt -6.000000 0.523599 0.000000
vt -5.000000 0.523599 0.000000
vt -6.000000 0.589049 0.000000
vt -5.000000 0.589049 0.000000
vt -6.000000 0.654498 0.000000
vt -5.000000 0.654498 0.000000
vt -0.241481 -0.064705 0.000000
vt 0.241481 -0.064705 0.000000
vt -0.250000 0.000000 0.000000
vt 0.250000 0.000000 0.000000
vt -0.241481 0.064705 0.000000
vt 0.241481 0.064705 0.000000
vt -0.216506 0.125000 0.000000
vt 0.216506 0.125000 0.000000
vt -0.176777 0.176777 0.000000
vt 0.176777 0.176777 0.000000
vt -0.125000 0.216506 0.000000
vt 0.125000 0.216506 0.000000
vt -0.064705 0.241481 0.000000
vt 0.064705 0.241481 0.000000
vt 0.000000 0.250000 0.000000
vt 0.216506 -0.125000 0.000000
vt -0.216506 -0.125000 0.000000
vt 0.176777 -0.176777 0.000000
vt -0.176777 -0.176777 0.000000
vt 0.125000 -0.216506 0.000000
vt -0.125000 -0.216506 0.000000
vt 0.064705 -0.241481 0.000000
vt -0.064705 -0.241481 0.000000
vt 0.000000 -0.250000 0.000000
vt 0.468273 4.218463 0.000000
vt -5.000000 4.245395 0.000000
vt -0.000000 4.218463 0.000000
vt -5.000000 3.905764 0.000000
vt -0.000000 3.887505 0.000000
vt -5.000000 3.566132 0.000000
vt -0.000000 3.556546 0.000000
vt -5.000000 3.226501 0.000000
vt -0.000000 3.225588 0.000000
vt -0.000000 2.894630 0.000000
vt -5.000000 2.886869 0.000000
vt -0.000000 2.563671 0.000000
vt -5.000000 2.547237 0.000000
vt -0.000000 2.232713 0.000000
vt -5.000000 2.207606 0.000000
vt -0.000000 1.901755 0.000000
vt -5.000000 1.867974 0.000000
vt -0.000000 1.570796 0.000000
vt -5.000000 1.528342 0.000000
vt -0.000000 1.239838 0.000000
vt -5.000000 1.188711 0.000000
vt -0.000000 0.908880 0.000000
vt -5.000000 0.849079 0.000000
vt -0.000000 0.577921 0.000000
vt -5.000000 0.509447 0.000000
vt -0.000000 0.246963 0.000000
vt -5.000000 0.169816 0.000000
vt -0.000000 -0.083995 0.000000
vt -5.000000 -0.169816 0.000000
vt -0.000000 -0.414954 0.000000
vt -5.000000 -0.509447 0.000000
vt -0.000000 -0.745912 0.000000
vt -5.000000 -0.849079 0.000000
vt -1.146043 -0.881449 0.000000
vt -1.291445 -0.896740 0.000000
vt -1.434853 -0.942267 0.000000
vt -1.566358 -1.016046 0.000000
vt -5.000000 -1.188711 0.000000
vt -1.678503 -1.110600 0.000000
vt -1.770818 -1.224383 0.000000
vt -1.842221 -1.357049 0.000000
vt -5.000000 -1.528342 0.000000
vt -1.885702 -1.500968 0.000000
vt -1.899888 -1.646425 0.000000
vt -5.000000 -1.867974 0.000000
vt -1.884933 -1.791872 0.000000
vt -1.841126 -1.935762 0.000000
vt -1.770101 -2.068800 0.000000
vt -5.000000 -2.207606 0.000000
vt -1.678672 -2.183595 0.000000
vt -1.567970 -2.279620 0.000000
vt -1.437770 -2.355548 0.000000
vt -5.000000 -2.547237 0.000000
vt -1.295204 -2.403309 0.000000
vt -1.149912 -2.420280 0.000000
vt -0.000000 -2.415706 0.000000
vt -1.004809 -2.405699 0.000000
vt -0.861834 -2.359863 0.000000
vt -0.731107 -2.284921 0.000000
vt -0.000000 -2.087608 0.000000
vt -0.620019 -2.188964 0.000000
vt -0.528949 -2.074279 0.000000
vt -0.000000 -1.963462 0.000000
vt -0.458264 -1.941123 0.000000
vt -0.000000 -1.839316 0.000000
vt -0.414532 -1.797014 0.000000
vt -0.000000 -1.715169 0.000000
vt -0.399232 -1.651285 0.000000
vt -0.000000 -1.618921 0.000000
vt -0.412463 -1.505854 0.000000
vt -0.000000 -1.522672 0.000000
vt -0.000000 -1.426423 0.000000
vt 0.200594 4.449855 0.000000
vt -5.000000 4.585027 0.000000
vt 0.096409 4.578372 0.000000
vt 0.063904 4.649212 0.000000
vt 0.055620 4.688270 0.000000
vt 0.054989 4.730323 0.000000
vt 0.062245 4.769880 0.000000
vt -5.000000 4.924659 0.000000
vt 0.075496 4.806581 0.000000
vt 0.114935 4.874717 0.000000
vt 0.227012 5.001169 0.000000
vt -5.000000 5.264290 0.000000
vt -0.000000 5.229201 0.000000
vt -0.000000 5.557299 0.000000
vt 0.497602 5.229201 0.000000
vt -5.000000 5.603922 0.000000
vt -0.000000 5.885396 0.000000
vt -5.000000 5.943554 0.000000
vt -0.000000 6.213494 0.000000
vt -5.000000 6.283185 0.000000
vt -5.000000 -6.283185 0.000000
vt 0.000000 -6.352877 0.000000
vt -0.000000 -6.024779 0.000000
vt -5.000000 -5.943554 0.000000
vt -0.000000 -5.696682 0.000000
vt -5.000000 -5.603922 0.000000
vt -0.000000 -5.368584 0.000000
vt -5.000000 -5.264290 0.000000
vt -0.000000 -5.040487 0.000000
vt -5.000000 -4.924659 0.000000
vt -0.000000 -4.712389 0.000000
vt -5.000000 -4.585027 0.000000
vt -0.000000 -4.384291 0.000000
vt -5.000000 -4.245395 0.000000
vt -0.000000 -4.056194 0.000000
vt -5.000000 -3.905764 0.000000
vt -0.000000 -3.728096 0.000000
vt -5.000000 -3.566132 0.000000
vt -0.000000 -3.399999 0.000000
vt -5.000000 -3.226501 0.000000
vt -0.000000 -3.071901 0.000000
vt -5.000000 -2.886869 0.000000
vt -0.000000 -2.743804 0.000000
vt -0.454487 -1.361440 0.000000
vt -0.000000 -1.309906 0.000000
vt -0.524300 -1.227824 0.000000
vt -0.000000 -1.193388 0.000000
vt -0.615383 -1.112793 0.000000
vt -0.000000 -1.076870 0.000000
vt -0.726430 -1.017311 0.000000
vt -0.857356 -0.942735 0.000000
vt -1.000617 -0.896815 0.000000
vt -0.241481 0.064705 0.000000
vt -1.971232 0.338002 0.000000
vt -0.250000 0.000000 0.000000
vt -2.000000 0.000000 0.000000
vt -1.971232 -0.338002 0.000000
vt -1.885755 0.666280 0.000000
vt -0.216506 0.125000 0.000000
vt -1.746028 0.975390 0.000000
vt -1.556072 1.256440 0.000000
vt -0.176777 0.176777 0.000000
vt -1.321349 1.501345 0.000000
vt -0.125000 0.216506 0.000000
vt -1.048615 1.703058 0.000000
vt -0.745713 1.855778 0.000000
vt -0.064705 0.241481 0.000000
vt -0.421359 1.955110 0.000000
vt 0.000000 0.250000 0.000000
vt -0.084882 1.998198 0.000000
vt 0.254036 1.983801 0.000000
vt 0.064705 0.241481 0.000000
vt 0.585646 1.912333 0.000000
vt 0.900407 1.785852 0.000000
vt 0.125000 0.216506 0.000000
vt 1.189266 1.607994 0.000000
vt 0.176777 0.176777 0.000000
vt 1.443912 1.383878 0.000000
vt 1.657019 1.119950 0.000000
vt 0.216506 0.125000 0.000000
vt 1.822457 0.823802 0.000000
vt 0.241481 0.064705 0.000000
vt 1.935466 0.503956 0.000000
vt 1.992795 0.169612 0.000000
vt 0.250000 0.000000 0.000000
vt 1.992795 -0.169612 0.000000
vt 0.241481 -0.064705 0.000000
vt 1.935466 -0.503956 0.000000
vt 1.822457 -0.823802 0.000000
vt 0.216506 -0.125000 0.000000
vt 1.657019 -1.119950 0.000000
vt 0.176777 -0.176777 0.000000
vt 1.443912 -1.383878 0.000000
vt 1.189266 -1.607994 0.000000
vt 0.125000 -0.216506 0.000000
vt 0.900407 -1.785852 0.000000
vt 0.064705 -0.241481 0.000000
vt 0.585646 -1.912333 0.000000
vt 0.254036 -1.983801 0.000000
vt 0.000000 -0.250000 0.000000
vt -0.084882 -1.998198 0.000000
vt -0.421359 -1.955110 0.000000
vt -0.064705 -0.241481 0.000000
vt -0.745713 -1.855778 0.000000
vt -0.125000 -0.216506 0.000000
vt -1.048615 -1.703058 0.000000
vt -1.321349 -1.501345 0.000000
vt -0.176777 -0.176777 0.000000
vt -1.556072 -1.256440 0.000000
vt -0.216506 -0.125000 0.000000
vt -1.746028 -0.975390 0.000000
vt -1.885755 -0.666280 0.000000
vt -0.241481 -0.064705 0.000000
vn 65.516525 -75.548560 0.000000
vn 65.516525 -75.548560 0.000000
vn 74.873683 -66.286738 0.000000
vn 74.873683 -66.286738 0.000000
vn 82.932997 -55.875915 0.000000
vn 82.932997 -55.875915 0.000000
vn 89.554770 -44.496553 0.000000
vn 89.554770 -44.496553 0.000000
vn 94.624220 -32.345897 0.000000
vn 94.624220 -32.345897 0.000000
vn 98.053475 -19.634564 0.000000
vn 98.053475 -19.634564 0.000000
vn 99.783093 -6.582890 0.000000
vn 99.783093 -6.582890 0.000000
vn 99.783093 6.582890 0.000000
vn 99.783093 6.582890 0.000000
vn 98.053475 19.634564 0.000000
vn 98.053475 19.634564 0.000000
vn 94.624220 32.345897 0.000000
vn 94.624220 32.345897 0.000000
vn 89.554770 44.496553 0.000000
vn 89.554770 44.496553 0.000000
vn 82.932997 55.875915 0.000000
vn 82.932997 55.875915 0.000000
vn 74.873683 66.286738 0.000000
vn 74.873683 66.286738 0.000000
vn 65.516525 75.548560 0.000000
vn 65.516525 75.548560 0.000000
vn -75.548560 65.516525 -0.000000
vn -75.548560 65.516525 -0.000000
vn -75.548560 65.516525 -0.000000
vn -75.548560 65.516525 -0.000000
vn -65.516525 -75.548560 0.000000
vn -65.516525 -75.548560 0.000000
vn -75.596946 -65.460689 0.000000
vn -75.596946 -65.460689 0.000000
vn -84.139876 -54.041478 0.000000
vn -84.139876 -54.041478 0.000000
vn -90.971568 -41.523171 0.000000
vn -90.971568 -41.523171 0.000000
vn -95.953081 -28.160366 0.000000
vn -95.953081 -28.160366 0.000000
vn -98.983100 -14.224835 0.000000
vn -98.983100 -14.224835 0.000000
vn -100.000000 -0.000000 0.000000
vn -100.000000 -0.000000 0.000000
vn -98.983100 14.224835 -0.000000
vn -98.983100 14.224835 -0.000000
vn -95.953081 28.160366 -0.000000
vn -95.953081 28.160366 -0.000000
vn -90.971568 41.523171 -0.000000
vn -90.971568 41.523171 -0.000000
vn -84.139876 54.041478 -0.000000
vn -84.139876 54.041478 -0.000000
vn -75.596946 65.460689 -0.000000
vn -75.596946 65.460689 -0.000000
vn -65.516525 75.548560 -0.000000
vn -65.516525 75.548560 -0.000000
vn -75.548560 -65.516525 0.000000
vn -75.548560 -65.516525 0.000000
vn -75.548560 -65.516525 0.000000
vn -75.548560 -65.516525 0.000000
vn 0.000000 0.000000 100.000000
vn 0.000000 0.000000 100.000000
vn 0.000000 0.000000 100.000000
vn 0.000000 0.000000 100.000000
vn 0.000000 0.000000 100.000000
vn 0.000000 0.000000 100.000000
vn 0.000000 0.000000 100.000000
vn 0.000000 0.000000 100.000000
vn 0.000000 0.000000 100.000000
vn 0.000000 0.000000 100.000000
vn 0.000000 0.000000 100.000000
vn 0.000000 0.000000 100.000000
vn 0.000000 0.000000 100.000000
vn 0.000000 0.000000 100.000000
vn 0.000000 0.000000 100.000000
vn 0.000000 0.000000 100.000000
vn 0.000000 0.000000 100.000000
vn 0.000000 0.000000 100.000000
vn 0.000000 0.000000 100.000000
vn 0.000000 0.000000 100.000000
vn 0.000000 0.000000 100.000000
vn 0.000000 0.000000 100.000000
vn 0.000000 0.000000 100.000000
vn 0.000000 0.000000 100.000000
vn 0.000000 0.000000 100.000000
vn 0.000000 0.000000 100.000000
vn 0.000000 0.000000 100.000000
vn -65.516525 75.548560 0.000000
vn -65.516525 75.548560 0.000000
vn -73.697726 67.591754 0.000000
vn -73.697726 67.591754 0.000000
vn -80.919067 58.754613 0.000000
vn -80.919067 58.754613 0.000000
vn -87.086495 49.152236 0.000000
vn -87.086495 49.152236 0.000000
vn -92.119685 38.909687 0.000000
vn -92.119685 38.909687 0.000000
vn -95.953081 28.160366 0.000000
vn -95.953081 28.160366 0.000000
vn -98.536758 17.044277 0.000000
vn -98.536758 17.044277 0.000000
vn -99.837064 5.706199 0.000000
vn -99.837064 5.706199 0.000000
vn -99.837064 -5.706199 0.000000
vn -99.837064 -5.706199 0.000000
vn -98.536758 -17.044277 0.000000
vn -98.536758 -17.044277 0.000000
vn -95.953081 -28.160366 0.000000
vn -95.953081 -28.160366 0.000000
vn -92.119685 -38.909687 0.000000
vn -92.119685 -38.909687 0.000000
vn -87.086495 -49.152236 0.000000
vn -87.086495 -49.152236 0.000000
vn -80.919067 -58.754613 0.000000
vn -80.919067 -58.754613 0.000000
vn -73.697726 -67.591754 0.000000
vn -73.697726 -67.591754 0.000000
vn -65.516525 -75.548560 0.000000
vn -65.516525 -75.548560 0.000000
vn 75.548560 -65.516525 0.000000
vn 75.548560 -65.516525 0.000000
vn 75.548560 -65.516525 0.000000
vn 75.548560 -65.516525 0.000000
vn 65.516525 75.548560 0.000000
vn 65.516525 75.548560 0.000000
vn 74.246557 66.988423 0.000000
vn 74.246557 66.988423 0.000000
vn 81.866681 57.426880 0.000000
vn 81.866681 57.426880 0.000000
vn 88.262985 47.006866 0.000000
vn 88.262985 47.006866 0.000000
vn 93.339851 35.884149 0.000000
vn 93.339851 35.884149 0.000000
vn 97.021386 24.225003 0.000000
vn 97.021386 24.225003 0.000000
vn 99.252553 12.203718 0.000000
vn 99.252553 12.203718 0.000000
vn 100.000000 0.000000 0.000000
vn 100.000000 0.000000 0.000000
vn 99.252553 -12.203718 0.000000
vn 99.252553 -12.203718 0.000000
vn 97.021386 -24.225003 0.000000
vn 97.021386 -24.225003 0.000000
vn 93.339851 -35.884149 0.000000
vn 93.339851 -35.884149 0.000000
vn 88.262985 -47.006866 0.000000
vn 88.262985 -47.006866 0.000000
vn 81.866681 -57.426880 0.000000
vn 81.866681 -57.426880 0.000000
vn 74.246557 -66.988423 0.000000
vn 74.246557 -66.988423 0.000000
vn 65.516525 -75.548560 0.000000
vn 65.516525 -75.548560 0.000000
vn 75.548560 65.516525 0.000000
vn 75.548560 65.516525 0.000000
vn 75.548560 65.516525 0.000000
vn 75.548560 65.516525 0.000000
vn 0.000000 0.000000 100.000000
vn 0.000000 0.000000 100.000000
vn 0.000000 0.000000 100.000000
vn 0.000000 0.000000 100.000000
vn 0.000000 0.000000 100.000000
vn 0.000000 0.000000 100.000000
vn 0.000000 0.000000 100.000000
vn 0.000000 0.000000 100.000000
vn 0.000000 0.000000 100.000000
vn 0.000000 0.000000 100.000000
vn 0.000000 0.000000 100.000000
vn 0.000000 0.000000 100.000000
vn 0.000000 0.000000 100.000000
vn 0.000000 0.000000 100.000000
vn 0.000000 0.000000 100.000000
vn 0.000000 0.000000 100.000000
vn 0.000000 0.000000 100.000000
vn 0.000000 0.000000 100.000000
vn 0.000000 0.000000 100.000000
vn 0.000000 0.000000 100.000000
vn 0.000000 0.000000 100.000000
vn 0.000000 0.000000 100.000000
vn 0.000000 0.000000 100.000000
vn 0.000000 0.000000 100.000000
vn 0.000000 0.000000 100.000000
vn 0.000000 0.000000 100.000000
vn 0.000000 0.000000 100.000000
vn 0.000000 0.000000 100.000000
vn 0.000000 0.000000 100.000000
vn 0.000000 0.000000 100.000000
vn 0.000000 0.000000 100.000000
vn -65.516525 75.548560 0.000000
vn -65.516525 75.548560 0.000000
vn -77.434565 63.276284 0.000000
vn -77.434565 63.276284 0.000000
vn -87.086495 49.152236 0.000000
vn -87.086495 49.152236 0.000000
vn -94.189852 33.589756 0.000000
vn -94.189852 33.589756 0.000000
vn -98.536758 17.044277 0.000000
vn -98.536758 17.044277 0.000000
vn -100.000000 0.000000 0.000000
vn -100.000000 0.000000 0.000000
vn -98.536758 -17.044277 0.000000
vn -98.536758 -17.044277 0.000000
vn -94.189852 -33.589756 0.000000
vn -94.189852 -33.589756 0.000000
vn -87.086495 -49.152236 0.000000
vn -87.086495 -49.152236 0.000000
vn -77.434565 -63.276284 0.000000
vn -77.434565 -63.276284 0.000000
vn -65.516525 -75.548560 0.000000
vn -65.516525 -75.548560 0.000000
vn 75.548560 -65.516525 0.000000
vn 75.548560 -65.516525 0.000000
vn 75.548560 -65.516525 0.000000
vn 75.548560 -65.516525 0.000000
vn 65.516525 75.548560 0.000000
vn 65.516525 75.548560 0.000000
vn 78.624682 61.791257 0.000000
vn 78.624682 61.791257 0.000000
vn 88.893802 45.802751 0.000000
vn 88.893802 45.802751 0.000000
vn 95.953081 28.160366 0.000000
vn 95.953081 28.160366 0.000000
vn 99.547618 9.501147 0.000000
vn 99.547618 9.501147 0.000000
vn 99.547618 -9.501147 0.000000
vn 99.547618 -9.501147 0.000000
vn 95.953081 -28.160366 0.000000
vn 95.953081 -28.160366 0.000000
vn 88.893802 -45.802751 0.000000
vn 88.893802 -45.802751 0.000000
vn 78.624682 -61.791257 0.000000
vn 78.624682 -61.791257 0.000000
vn 65.516525 -75.548560 0.000000
vn 65.516525 -75.548560 0.000000
vn 75.548560 65.516525 0.000000
vn 75.548560 65.516525 0.000000
vn 75.548560 65.516525 0.000000
vn 75.548560 65.516525 0.000000
vn 0.000000 0.000000 100.000000
vn 0.000000 0.000000 100.000000
vn 0.000000 0.000000 100.000000
vn 0.000000 0.000000 100.000000
vn 0.000000 0.000000 100.000000
vn 0.000000 0.000000 100.000000
vn 0.000000 0.000000 100.000000
vn 0.000000 0.000000 100.000000
vn 0.000000 0.000000 100.000000
vn 0.000000 0.000000 100.000000
vn 0.000000 0.000000 100.000000
vn 0.000000 0.000000 100.000000
vn 0.000000 0.000000 100.000000
vn 0.000000 0.000000 100.000000
vn 0.000000 0.000000 100.000000
vn 0.000000 0.000000 100.000000
vn 0.000000 0.000000 100.000000
vn 0.000000 0.000000 100.000000
vn 0.000000 0.000000 100.000000
vn 0.000000 0.000000 100.000000
vn 0.000000 0.000000 100.000000
vn -65.516525 75.548560 0.000000
vn -65.516525 75.548560 0.000000
vn -73.213476 68.115981 0.000000
vn -73.213476 68.115981 0.000000
vn -80.072234 59.903567 0.000000
vn -80.072234 59.903567 0.000000
vn -86.014274 51.005340 0.000000
vn -86.014274 51.005340 0.000000
vn -90.971568 41.523171 0.000000
vn -90.971568 41.523171 0.000000
vn -94.887363 31.565619 0.000000
vn -94.887363 31.565619 0.000000
vn -97.716828 21.246684 0.000000
vn -97.716828 21.246684 0.000000
vn -99.427569 10.684503 0.000000
vn -99.427569 10.684503 0.000000
vn -100.000000 0.000000 0.000000
vn -100.000000 0.000000 0.000000
vn -99.427569 -10.684503 0.000000
vn -99.427569 -10.684503 0.000000
vn -97.716828 -21.246684 0.000000
vn -97.716828 -21.246684 0.000000
vn -94.887363 -31.565619 0.000000
vn -94.887363 -31.565619 0.000000
vn -90.971568 -41.523171 0.000000
vn -90.971568 -41.523171 0.000000
vn -86.014274 -51.005340 0.000000
vn -86.014274 -51.005340 0.000000
vn -80.072234 -59.903567 0.000000
vn -80.072234 -59.903567 0.000000
vn -73.213476 -68.115981 0.000000
vn -73.213476 -68.115981 0.000000
vn -65.516525 -75.548560 0.000000
vn -65.516525 -75.548560 0.000000
vn 75.548560 -65.516525 0.000000
vn 75.548560 -65.516525 0.000000
vn 75.548560 -65.516525 0.000000
vn 75.548560 -65.516525 0.000000
vn 65.516525 75.548560 0.000000
vn 65.516525 75.548560 0.000000
vn 73.697726 67.591754 0.000000
vn 73.697726 67.591754 0.000000
vn 80.919067 58.754613 0.000000
vn 80.919067 58.754613 0.000000
vn 87.086495 49.152236 0.000000
vn 87.086495 49.152236 0.000000
vn 92.119685 38.909687 0.000000
vn 92.119685 38.909687 0.000000
vn 95.953081 28.160366 0.000000
vn 95.953081 28.160366 0.000000
vn 98.536758 17.044277 0.000000
vn 98.536758 17.044277 0.000000
vn 99.837064 5.706199 0.000000
vn 99.837064 5.706199 0.000000
vn 99.837064 -5.706199 0.000000
vn 99.837064 -5.706199 0.000000
vn 98.536758 -17.044277 0.000000
vn 98.536758 -17.044277 0.000000
vn 95.953081 -28.160366 0.000000
vn 95.953081 -28.160366 0.000000
vn 92.119685 -38.909687 0.000000
vn 92.119685 -38.909687 0.000000
vn 87.086495 -49.152236 0.000000
vn 87.086495 -49.152236 0.000000
vn 80.919067 -58.754613 0.000000
vn 80.919067 -58.754613 0.000000
vn 73.697726 -67.591754 0.000000
vn 73.697726 -67.591754 0.000000
vn 65.516525 -75.548560 0.000000
vn 65.516525 -75.548560 0.000000
vn 75.548560 65.516525 0.000000
vn 75.548560 65.516525 0.000000
vn 75.548560 65.516525 0.000000
vn 75.548560 65.516525 0.000000
vn 0.000000 0.000000 100.000000
vn 0.000000 0.000000 100.000000
vn 0.000000 0.000000 100.000000
vn 0.000000 0.000000 100.000000
vn 0.000000 0.000000 100.000000
vn 0.000000 0.000000 100.000000
vn 0.000000 0.000000 100.000000
vn 0.000000 0.000000 100.000000
vn 0.000000 0.000000 100.000000
vn 0.000000 0.000000 100.000000
vn 0.000000 0.000000 100.000000
vn 0.000000 0.000000 100.000000
vn 0.000000 0.000000 100.000000
vn 0.000000 0.000000 100.000000
vn 0.000000 0.000000 100.000000
vn 0.000000 0.000000 100.000000
vn 0.000000 0.000000 100.000000
vn 0.000000 0.000000 100.000000
vn 0.000000 0.000000 100.000000
vn 0.000000 0.000000 100.000000
vn 0.000000 0.000000 100.000000
vn 0.000000 0.000000 100.000000
vn 0.000000 0.000000 100.000000
vn 0.000000 0.000000 100.000000
vn 0.000000 0.000000 100.000000
vn 0.000000 0.000000 100.000000
vn 0.000000 0.000000 100.000000
vn 0.000000 0.000000 100.000000
vn 0.000000 0.000000 100.000000
vn 0.000000 0.000000 100.000000
vn 0.000000 0.000000 100.000000
vn 0.000000 0.000000 100.000000
vn 0.000000 0.000000 100.000000
vn 65.516525 -75.548560 0.000000
vn 65.516525 -75.548560 0.000000
vn 73.697726 -67.591754 0.000000
vn 73.697726 -67.591754 0.000000
vn 80.919067 -58.754613 0.000000
vn 80.919067 -58.754613 0.000000
vn 87.086495 -49.152236 0.000000
vn 87.086495 -49.152236 0.000000
vn 92.119685 -38.909687 0.000000
vn 92.119685 -38.909687 0.000000
vn 95.953081 -28.160366 0.000000
vn 95.953081 -28.160366 0.000000
vn 98.536758 -17.044277 0.000000
vn 98.536758 -17.044277 0.000000
vn 99.837064 -5.706199 0.000000
vn 99.837064 -5.706199 0.000000
vn 99.837064 5.706199 0.000000
vn 99.837064 5.706199 0.000000
vn 98.536758 17.044277 0.000000
vn 98.536758 17.044277 0.000000
vn 95.953081 28.160366 0.000000
vn 95.953081 28.160366 0.000000
vn 92.119685 38.909687 0.000000
vn 92.119685 38.909687 0.000000
vn 87.086495 49.152236 0.000000
vn 87.086495 49.152236 0.000000
vn 80.919067 58.754613 0.000000
vn 80.919067 58.754613 0.000000
vn 73.697726 67.591754 0.000000
vn 73.697726 67.591754 0.000000
vn 65.516525 75.548560 0.000000
vn 65.516525 75.548560 0.000000
vn -75.548560 65.516525 -0.000000
vn -75.548560 65.516525 -0.000000
vn -75.548560 65.516525 -0.000000
vn -75.548560 65.516525 -0.000000
vn -65.516525 -75.548560 0.000000
vn -65.516525 -75.548560 0.000000
vn -74.246557 -66.988423 0.000000
vn -74.246557 -66.988423 0.000000
vn -81.866681 -57.426880 0.000000
vn -81.866681 -57.426880 0.000000
vn -88.262985 -47.006866 0.000000
vn -88.262985 -47.006866 0.000000
vn -93.339851 -35.884149 0.000000
vn -93.339851 -35.884149 0.000000
vn -97.021386 -24.225003 0.000000
vn -97.021386 -24.225003 0.000000
vn -99.252553 -12.203718 0.000000
vn -99.252553 -12.203718 0.000000
vn -100.000000 -0.000000 0.000000
vn -100.000000 -0.000000 0.000000
vn -99.252553 12.203718 -0.000000
vn -99.252553 12.203718 -0.000000
vn -97.021386 24.225003 -0.000000
vn -97.021386 24.225003 -0.000000
vn -93.339851 35.884149 -0.000000
vn -93.339851 35.884149 -0.000000
vn -88.262985 47.006866 -0.000000
vn -88.262985 47.006866 -0.000000
vn -81.866681 57.426880 -0.000000
vn -81.866681 57.426880 -0.000000
vn -74.246557 66.988423 -0.000000
vn -74.246557 66.988423 -0.000000
vn -65.516525 75.548560 -0.000000
vn -65.516525 75.548560 -0.000000
vn -75.548560 -65.516525 0.000000
vn -75.548560 -65.516525 0.000000
vn -75.548560 -65.516525 0.000000
vn -75.548560 -65.516525 0.000000
vn 0.000000 0.000000 100.000000
vn 0.000000 0.000000 100.000000
vn 0.000000 0.000000 100.000000
vn 0.000000 0.000000 100.000000
vn 0.000000 0.000000 100.000000
vn 0.000000 0.000000 100.000000
vn 0.000000 0.000000 100.000000
vn 0.000000 0.000000 100.000000
vn 0.000000 0.000000 100.000000
vn 0.000000 0.000000 100.000000
vn 0.000000 0.000000 100.000000
vn 0.000000 0.000000 100.000000
vn 0.000000 0.000000 100.000000
vn 0.000000 0.000000 100.000000
vn 0.000000 0.000000 100.000000
vn 0.000000 0.000000 100.000000
vn 0.000000 0.000000 100.000000
vn 0.000000 0.000000 100.000000
vn 0.000000 0.000000 100.000000
vn 0.000000 0.000000 100.000000
vn 0.000000 0.000000 100.000000
vn 0.000000 0.000000 100.000000
vn 0.000000 0.000000 100.000000
vn 0.000000 0.000000 100.000000
vn 0.000000 0.000000 100.000000
vn 0.000000 0.000000 100.000000
vn 0.000000 0.000000 100.000000
vn 0.000000 0.000000 100.000000
vn 0.000000 0.000000 100.000000
vn 0.000000 0.000000 100.000000
vn 0.000000 0.000000 100.000000
vn 65.516525 -75.548560 0.000000
vn 65.516525 -75.548560 0.000000
vn 77.434565 -63.276284 0.000000
vn 77.434565 -63.276284 0.000000
vn 87.086495 -49.152236 0.000000
vn 87.086495 -49.152236 0.000000
vn 94.189852 -33.589756 0.000000
vn 94.189852 -33.589756 0.000000
vn 98.536758 -17.044277 0.000000
vn 98.536758 -17.044277 0.000000
vn 100.000000 0.000000 0.000000
vn 100.000000 0.000000 0.000000
vn 98.536758 17.044277 0.000000
vn 98.536758 17.044277 0.000000
vn 94.189852 33.589756 0.000000
vn 94.189852 33.589756 0.000000
vn 87.086495 49.152236 0.000000
vn 87.086495 49.152236 0.000000
vn 77.434565 63.276284 0.000000
vn 77.434565 63.276284 0.000000
vn 65.516525 75.548560 0.000000
vn 65.516525 75.548560 0.000000
vn -75.548560 65.516525 -0.000000
vn -75.548560 65.516525 -0.000000
vn -75.548560 65.516525 -0.000000
vn -75.548560 65.516525 -0.000000
vn -65.516525 -75.548560 0.000000
vn -65.516525 -75.548560 0.000000
vn -78.624682 -61.791257 0.000000
vn -78.624682 -61.791257 0.000000
vn -88.893802 -45.802751 0.000000
vn -88.893802 -45.802751 0.000000
vn -95.953081 -28.160366 0.000000
vn -95.953081 -28.160366 0.000000
vn -99.547618 -9.501147 0.000000
vn -99.547618 -9.501147 0.000000
vn -99.547618 9.501147 -0.000000
vn -99.547618 9.501147 -0.000000
vn -95.953081 28.160366 -0.000000
vn -95.953081 28.160366 -0.000000
vn -88.893802 45.802751 -0.000000
vn -88.893802 45.802751 -0.000000
vn -78.624682 61.791257 -0.000000
vn -78.624682 61.791257 -0.000000
vn -65.516525 75.548560 -0.000000
vn -65.516525 75.548560 -0.000000
vn -75.548560 -65.516525 0.000000
vn -75.548560 -65.516525 0.000000
vn -75.548560 -65.516525 0.000000
vn -75.548560 -65.516525 0.000000
vn 0.000000 0.000000 100.000000
vn 0.000000 0.000000 100.000000
vn 0.000000 0.000000 100.000000
vn 0.000000 0.000000 100.000000
vn 0.000000 0.000000 100.000000
vn 0.000000 0.000000 100.000000
vn 0.000000 0.000000 100.000000
vn 0.000000 0.000000 100.000000
vn 0.000000 0.000000 100.000000
vn 0.000000 0.000000 100.000000
vn 0.000000 0.000000 100.000000
vn 0.000000 0.000000 100.000000
vn 0.000000 0.000000 100.000000
vn 0.000000 0.000000 100.000000
vn 0.000000 0.000000 100.000000
vn 0.000000 0.000000 100.000000
vn 0.000000 0.000000 100.000000
vn 0.000000 0.000000 100.000000
vn 0.000000 0.000000 100.000000
vn 0.000000 0.000000 100.000000
vn 0.000000 0.000000 100.000000
vn -65.516525 75.548560 0.000000
vn -65.516525 75.548560 0.000000
vn -74.873683 66.286738 0.000000
vn -74.873683 66.286738 0.000000
vn -82.932997 55.875915 0.000000
vn -82.932997 55.875915 0.000000
vn -89.554770 44.496553 0.000000
vn -89.554770 44.496553 0.000000
vn -94.624220 32.345897 0.000000
vn -94.624220 32.345897 0.000000
vn -98.053475 19.634564 0.000000
vn -98.053475 19.634564 0.000000
vn -99.783093 6.582890 0.000000
vn -99.783093 6.582890 0.000000
vn -99.783093 -6.582890 0.000000
vn -99.783093 -6.582890 0.000000
vn -98.053475 -19.634564 0.000000
vn -98.053475 -19.634564 0.000000
vn -94.624220 -32.345897 0.000000
vn -94.624220 -32.345897 0.000000
vn -89.554770 -44.496553 0.000000
vn -89.554770 -44.496553 0.000000
vn -82.932997 -55.875915 0.000000
vn -82.932997 -55.875915 0.000000
vn -74.873683 -66.286738 0.000000
vn -74.873683 -66.286738 0.000000
vn -65.516525 -75.548560 0.000000
vn -65.516525 -75.548560 0.000000
vn 75.548560 -65.516525 0.000000
vn 75.548560 -65.516525 0.000000
vn 75.548560 -65.516525 0.000000
vn 75.548560 -65.516525 0.000000
vn 65.516525 75.548560 0.000000
vn 65.516525 75.548560 0.000000
vn 75.596946 65.460689 0.000000
vn 75.596946 65.460689 0.000000
vn 84.139876 54.041478 0.000000
vn 84.139876 54.041478 0.000000
vn 90.971568 41.523171 0.000000
vn 90.971568 41.523171 0.000000
vn 95.953081 28.160366 0.000000
vn 95.953081 28.160366 0.000000
vn 98.983100 14.224835 0.000000
vn 98.983100 14.224835 0.000000
vn 100.000000 0.000000 0.000000
vn 100.000000 0.000000 0.000000
vn 98.983100 -14.224835 0.000000
vn 98.983100 -14.224835 0.000000
vn 95.953081 -28.160366 0.000000
vn 95.953081 -28.160366 0.000000
vn 90.971568 -41.523171 0.000000
vn 90.971568 -41.523171 0.000000
vn 84.139876 -54.041478 0.000000
vn 84.139876 -54.041478 0.000000
vn 75.596946 -65.460689 0.000000
vn 75.596946 -65.460689 0.000000
vn 65.516525 -75.548560 0.000000
vn 65.516525 -75.548560 0.000000
vn 75.548560 65.516525 0.000000
vn 75.548560 65.516525 0.000000
vn 75.548560 65.516525 0.000000
vn 75.548560 65.516525 0.000000
vn 0.000000 0.000000 100.000000
vn 0.000000 0.000000 100.000000
vn 0.000000 0.000000 100.000000
vn 0.000000 0.000000 100.000000
vn 0.000000 0.000000 100.000000
vn 0.000000 0.000000 100.000000
vn 0.000000 0.000000 100.000000
vn 0.000000 0.000000 100.000000
vn 0.000000 0.000000 100.000000
vn 0.000000 0.000000 100.000000
vn 0.000000 0.000000 100.000000
vn 0.000000 0.000000 100.000000
vn 0.000000 0.000000 100.000000
vn 0.000000 0.000000 100.000000
vn 0.000000 0.000000 100.000000
vn 0.000000 0.000000 100.000000
vn 0.000000 0.000000 100.000000
vn 0.000000 0.000000 100.000000
vn 0.000000 0.000000 100.000000
vn 0.000000 0.000000 100.000000
vn 0.000000 0.000000 100.000000
vn 0.000000 0.000000 100.000000
vn 0.000000 0.000000 100.000000
vn 0.000000 0.000000 100.000000
vn 0.000000 0.000000 100.000000
vn 0.000000 0.000000 100.000000
vn 0.000000 0.000000 100.000000
vn -65.516525 75.548560 0.000000
vn -65.516525 75.548560 0.000000
vn -80.072234 59.903567 0.000000
vn -80.072234 59.903567 0.000000
vn -90.971568 41.523171 0.000000
vn -90.971568 41.523171 0.000000
vn -97.716828 21.246684 0.000000
vn -97.716828 21.246684 0.000000
vn -100.000000 0.000000 0.000000
vn -100.000000 0.000000 0.000000
vn -97.716828 -21.246684 0.000000
vn -97.716828 -21.246684 0.000000
vn -90.971568 -41.523171 0.000000
vn -90.971568 -41.523171 0.000000
vn -80.072234 -59.903567 0.000000
vn -80.072234 -59.903567 0.000000
vn -65.516525 -75.548560 0.000000
vn -65.516525 -75.548560 0.000000
vn 75.548560 -65.516525 0.000000
vn 75.548560 -65.516525 0.000000
vn 75.548560 -65.516525 0.000000
vn 75.548560 -65.516525 0.000000
vn 65.516525 75.548560 0.000000
vn 65.516525 75.548560 0.000000
vn 81.866681 57.426880 0.000000
vn 81.866681 57.426880 0.000000
vn 93.339851 35.884149 0.000000
vn 93.339851 35.884149 0.000000
vn 99.252553 12.203718 0.000000
vn 99.252553 12.203718 0.000000
vn 99.252553 -12.203718 0.000000
vn 99.252553 -12.203718 0.000000
vn 93.339851 -35.884149 0.000000
vn 93.339851 -35.884149 0.000000
vn 81.866681 -57.426880 0.000000
vn 81.866681 -57.426880 0.000000
vn 65.516525 -75.548560 0.000000
vn 65.516525 -75.548560 0.000000
vn 75.548560 65.516525 0.000000
vn 75.548560 65.516525 0.000000
vn 75.548560 65.516525 0.000000
vn 75.548560 65.516525 0.000000
vn 0.000000 0.000000 100.000000
vn 0.000000 0.000000 100.000000
vn 0.000000 0.000000 100.000000
vn 0.000000 0.000000 100.000000
vn 0.000000 0.000000 100.000000
vn 0.000000 0.000000 100.000000
vn 0.000000 0.000000 100.000000
vn 0.000000 0.000000 100.000000
vn 0.000000 0.000000 100.000000
vn 0.000000 0.000000 100.000000
vn 0.000000 0.000000 100.000000
vn 0.000000 0.000000 100.000000
vn 0.000000 0.000000 100.000000
vn 0.000000 0.000000 100.000000
vn 0.000000 0.000000 100.000000
vn 0.000000 0.000000 100.000000
vn 0.000000 0.000000 100.000000
vn 65.516525 -75.548560 0.000000
vn 65.516525 -75.548560 0.000000
vn 80.072234 -59.903567 0.000000
vn 80.072234 -59.903567 0.000000
vn 90.971568 -41.523171 0.000000
vn 90.971568 -41.523171 0.000000
vn 97.716828 -21.246684 0.000000
vn 97.716828 -21.246684 0.000000
vn 100.000000 0.000000 0.000000
vn 100.000000 0.000000 0.000000
vn 97.716828 21.246684 0.000000
vn 97.716828 21.246684 0.000000
vn 90.971568 41.523171 0.000000
vn 90.971568 41.523171 0.000000
vn 80.072234 59.903567 0.000000
vn 80.072234 59.903567 0.000000
vn 65.516525 75.548560 0.000000
vn 65.516525 75.548560 0.000000
vn -75.548560 65.516525 -0.000000
vn -75.548560 65.516525 -0.000000
vn -75.548560 65.516525 -0.000000
vn -75.548560 65.516525 -0.000000
vn -65.516525 -75.548560 0.000000
vn -65.516525 -75.548560 0.000000
vn -81.866681 -57.426880 0.000000
vn -81.866681 -57.426880 0.000000
vn -93.339851 -35.884149 0.000000
vn -93.339851 -35.884149 0.000000
vn -99.252553 -12.203718 0.000000
vn -99.252553 -12.203718 0.000000
vn -99.252553 12.203718 -0.000000
vn -99.252553 12.203718 -0.000000
vn -93.339851 35.884149 -0.000000
vn -93.339851 35.884149 -0.000000
vn -81.866681 57.426880 -0.000000
vn -81.866681 57.426880 -0.000000
vn -65.516525 75.548560 -0.000000
vn -65.516525 75.548560 -0.000000
vn -75.548560 -65.516525 0.000000
vn -75.548560 -65.516525 0.000000
vn -75.548560 -65.516525 0.000000
vn -75.548560 -65.516525 0.000000
vn 0.000000 0.000000 100.000000
vn 0.000000 0.000000 100.000000
vn 0.000000 0.000000 100.000000
vn 0.000000 0.000000 100.000000
vn 0.000000 0.000000 100.000000
vn 0.000000 0.000000 100.000000
vn 0.000000 0.000000 100.000000
vn 0.000000 0.000000 100.000000
vn 0.000000 0.000000 100.000000
vn 0.000000 0.000000 100.000000
vn 0.000000 0.000000 100.000000
vn 0.000000 0.000000 100.000000
vn 0.000000 0.000000 100.000000
vn 0.000000 0.000000 100.000000
vn 0.000000 0.000000 100.000000
vn 0.000000 0.000000 100.000000
vn 0.000000 0.000000 100.000000
vn 65.516525 -75.548560 0.000000
vn 65.516525 -75.548560 0.000000
vn 73.213476 -68.115981 0.000000
vn 73.213476 -68.115981 0.000000
vn 80.072234 -59.903567 0.000000
vn 80.072234 -59.903567 0.000000
vn 86.014274 -51.005340 0.000000
vn 86.014274 -51.005340 0.000000
vn 90.971568 -41.523171 0.000000
vn 90.971568 -41.523171 0.000000
vn 94.887363 -31.565619 0.000000
vn 94.887363 -31.565619 0.000000
vn 97.716828 -21.246684 0.000000
vn 97.716828 -21.246684 0.000000
vn 99.427569 -10.684503 0.000000
vn 99.427569 -10.684503 0.000000
vn 100.000000 0.000000 0.000000
vn 100.000000 0.000000 0.000000
vn 99.427569 10.684503 0.000000
vn 99.427569 10.684503 0.000000
vn 97.716828 21.246684 0.000000
vn 97.716828 21.246684 0.000000
vn 94.887363 31.565619 0.000000
vn 94.887363 31.565619 0.000000
vn 90.971568 41.523171 0.000000
vn 90.971568 41.523171 0.000000
vn 86.014274 51.005340 0.000000
vn 86.014274 51.005340 0.000000
vn 80.072234 59.903567 0.000000
vn 80.072234 59.903567 0.000000
vn 73.213476 68.115981 0.000000
vn 73.213476 68.115981 0.000000
vn 65.516525 75.548560 0.000000
vn 65.516525 75.548560 0.000000
vn -75.548560 65.516525 -0.000000
vn -75.548560 65.516525 -0.000000
vn -75.548560 65.516525 -0.000000
vn -75.548560 65.516525 -0.000000
vn -65.516525 -75.548560 0.000000
vn -65.516525 -75.548560 0.000000
vn -73.697726 -67.591754 0.000000
vn -73.697726 -67.591754 0.000000
vn -80.919067 -58.754613 0.000000
vn -80.919067 -58.754613 0.000000
vn -87.086495 -49.152236 0.000000
vn -87.086495 -49.152236 0.000000
vn -92.119685 -38.909687 0.000000
vn -92.119685 -38.909687 0.000000
vn -95.953081 -28.160366 0.000000
vn -95.953081 -28.160366 0.000000
vn -98.536758 -17.044277 0.000000
vn -98.536758 -17.044277 0.000000
vn -99.837064 -5.706199 0.000000
vn -99.837064 -5.706199 0.000000
vn -99.837064 5.706199 -0.000000
vn -99.837064 5.706199 -0.000000
vn -98.536758 17.044277 -0.000000
vn -98.536758 17.044277 -0.000000
vn -95.953081 28.160366 -0.000000
vn -95.953081 28.160366 -0.000000
vn -92.119685 38.909687 -0.000000
vn -92.119685 38.909687 -0.000000
vn -87.086495 49.152236 -0.000000
vn -87.086495 49.152236 -0.000000
vn -80.919067 58.754613 -0.000000
vn -80.919067 58.754613 -0.000000
vn -73.697726 67.591754 -0.000000
vn -73.697726 67.591754 -0.000000
vn -65.516525 75.548560 -0.000000
vn -65.516525 75.548560 -0.000000
vn -75.548560 -65.516525 0.000000
vn -75.548560 -65.516525 0.000000
vn -75.548560 -65.516525 0.000000
vn -75.548560 -65.516525 0.000000
vn 0.000000 0.000000 100.000000
vn 0.000000 0.000000 100.000000
vn 0.000000 0.000000 100.000000
vn 0.000000 0.000000 100.000000
vn 0.000000 0.000000 100.000000
vn 0.000000 0.000000 100.000000
vn 0.000000 0.000000 100.000000
vn 0.000000 0.000000 100.000000
vn 0.000000 0.000000 100.000000
vn 0.000000 0.000000 100.000000
vn 0.000000 0.000000 100.000000
vn 0.000000 0.000000 100.000000
vn 0.000000 0.000000 100.000000
vn 0.000000 0.000000 100.000000
vn 0.000000 0.000000 100.000000
vn 0.000000 0.000000 100.000000
vn 0.000000 0.000000 100.000000
vn 0.000000 0.000000 100.000000
vn 0.000000 0.000000 100.000000
vn 0.000000 0.000000 100.000000
vn 0.000000 0.000000 100.000000
vn 0.000000 0.000000 100.000000
vn 0.000000 0.000000 100.000000
vn 0.000000 0.000000 100.000000
vn 0.000000 0.000000 100.000000
vn 0.000000 0.000000 100.000000
vn 0.000000 0.000000 100.000000
vn 0.000000 0.000000 100.000000
vn 0.000000 0.000000 100.000000
vn 0.000000 0.000000 100.000000
vn 0.000000 0.000000 100.000000
vn 0.000000 0.000000 100.000000
vn 0.000000 0.000000 100.000000
vn -70.710678 70.710678 0.000000
vn -70.710678 70.710678 0.000000
vn -70.710678 70.710678 0.000000
vn -70.710678 70.710678 0.000000
vn -70.710678 70.710678 0.000000
vn -70.710678 70.710678 0.000000
vn -70.710678 70.710678 0.000000
vn -70.710678 70.710678 0.000000
vn -70.710678 70.710678 0.000000
vn -70.710678 70.710678 0.000000
vn -70.710678 70.710678 0.000000
vn -70.710678 70.710678 0.000000
vn -70.710678 70.710678 0.000000
vn -70.710678 70.710678 0.000000
vn -70.710678 70.710678 0.000000
vn -70.710678 70.710678 0.000000
vn -70.710678 70.710678 0.000000
vn -70.710678 70.710678 0.000000
vn -70.710678 70.710678 0.000000
vn -70.710678 70.710678 0.000000
vn -70.710678 70.710678 0.000000
vn -70.710678 70.710678 0.000000
vn -70.710678 70.710678 0.000000
vn -70.710678 70.710678 0.000000
vn -70.710678 70.710678 0.000000
vn 70.090892 70.090892 -13.211126
vn 70.037420 70.037420 -13.766615
vn 69.444551 69.444551 -18.839017
vn 69.359489 69.359489 -19.455653
vn 67.752718 67.752718 -28.620596
vn 67.637203 67.637203 -29.161918
vn 65.373845 65.373845 -38.111950
vn 65.237571 65.237571 -38.576143
vn 62.332056 62.332056 -47.216835
vn 62.184622 62.184622 -47.604050
vn 58.658196 58.658196 -55.842923
vn 58.508931 58.508931 -56.155231
vn 54.389519 54.389519 -63.902742
vn 54.247308 54.247308 -64.144051
vn 49.569311 49.569311 -71.314562
vn 49.442429 49.442429 -71.490505
vn 44.246451 44.246451 -78.003225
vn 44.142414 44.142414 -78.121025
vn 38.474915 38.474915 -83.900905
vn 38.400339 38.400339 -83.969208
vn 32.313228 32.313228 -88.947797
vn 32.273707 32.273707 -88.976489
vn 25.823873 25.823873 -93.092724
vn 25.823873 25.823873 -93.092724
vn 70.248871 70.248871 -11.410180
vn 70.279957 70.279957 -11.020673
vn 70.313736 70.313736 -10.580980
vn 70.331861 70.331861 -10.337246
vn 70.334420 70.334420 -10.302368
vn 70.344551 70.344551 -10.163079
vn 70.345509 70.345509 -10.149812
vn 70.710678 -70.710678 0.000000
vn 70.710678 -70.710678 0.000000
vn 70.710678 -70.710678 0.000000
vn 70.710678 -70.710678 0.000000
vn 70.710678 -70.710678 0.000000
vn 70.710678 -70.710678 0.000000
vn 70.710678 -70.710678 0.000000
vn 70.710678 -70.710678 0.000000
vn 70.710678 -70.710678 0.000000
vn 70.710678 -70.710678 0.000000
vn 70.710678 -70.710678 0.000000
vn 70.710678 -70.710678 0.000000
vn 70.710678 -70.710678 0.000000
vn 70.710678 -70.710678 0.000000
vn 70.710678 -70.710678 0.000000
vn 70.710678 -70.710678 0.000000
vn 70.710678 -70.710678 0.000000
vn 70.710678 -70.710678 0.000000
vn 70.710678 -70.710678 0.000000
vn 70.710678 -70.710678 0.000000
vn 70.710678 -70.710678 0.000000
vn 70.710678 -70.710678 0.000000
vn 70.710678 -70.710678 0.000000
vn 70.710678 -70.710678 0.000000
vn 70.710678 -70.710678 0.000000
vn 70.710678 70.710678 0.000000
vn 70.710678 70.710678 0.000000
vn 70.710678 70.710678 0.000000
vn 70.710678 70.710678 0.000000
vn 70.710678 70.710678 0.000000
vn 70.710678 70.710678 0.000000
vn 70.710678 70.710678 0.000000
vn 70.710678 70.710678 0.000000
vn 70.710678 70.710678 0.000000
vn 70.710678 70.710678 0.000000
vn 70.710678 70.710678 0.000000
vn 70.710678 70.710678 0.000000
vn 70.710678 70.710678 0.000000
vn 70.710678 70.710678 0.000000
vn 70.710678 70.710678 0.000000
vn 70.710678 70.710678 0.000000
vn 70.710678 70.710678 0.000000
vn 70.710678 70.710678 0.000000
vn 70.710678 70.710678 0.000000
vn 70.710678 70.710678 0.000000
vn 70.710678 70.710678 0.000000
vn 70.710678 70.710678 0.000000
vn 70.710678 70.710678 0.000000
vn 70.710678 70.710678 0.000000
vn 70.710678 70.710678 0.000000
vn 70.037420 -70.037420 -13.766615
vn 69.444551 -69.444551 -18.839017
vn 69.359489 -69.359489 -19.455653
vn 67.752718 -67.752718 -28.620596
vn 67.637203 -67.637203 -29.161918
vn 65.373845 -65.373845 -38.111950
vn 65.237571 -65.237571 -38.576143
vn 62.332056 -62.332056 -47.216835
vn 62.184622 -62.184622 -47.604050
vn 58.658196 -58.658196 -55.842923
vn 58.508931 -58.508931 -56.155231
vn 54.389519 -54.389519 -63.902742
vn 54.247308 -54.247308 -64.144051
vn 49.569311 -49.569311 -71.314562
vn 49.442429 -49.442429 -71.490505
vn 44.246451 -44.246451 -78.003225
vn 44.142414 -44.142414 -78.121025
vn 38.474915 -38.474915 -83.900905
vn 38.400339 -38.400339 -83.969208
vn 32.313228 -32.313228 -88.947797
vn 32.273707 -32.273707 -88.976489
vn 25.823873 -25.823873 -93.092724
vn 25.823873 -25.823873 -93.092724
vn 70.090892 -70.090892 -13.211126
vn 70.248871 -70.248871 -11.410180
vn 70.279957 -70.279957 -11.020673
vn 70.313736 -70.313736 -10.580980
vn 70.331861 -70.331861 -10.337246
vn 70.334420 -70.334420 -10.302368
vn 70.344551 -70.344551 -10.163079
vn 70.345509 -70.345509 -10.149812
vn -70.710678 -70.710678 0.000000
vn -70.710678 -70.710678 0.000000
vn -70.710678 -70.710678 0.000000
vn -70.710678 -70.710678 0.000000
vn -70.710678 -70.710678 0.000000
vn -70.710678 -70.710678 0.000000
vn -70.710678 -70.710678 0.000000
vn -70.710678 -70.710678 0.000000
vn -70.710678 -70.710678 0.000000
vn -70.710678 -70.710678 0.000000
vn -70.710678 -70.710678 0.000000
vn -70.710678 -70.710678 0.000000
vn -70.710678 -70.710678 0.000000
vn -70.710678 -70.710678 0.000000
vn -70.710678 -70.710678 0.000000
vn -70.710678 -70.710678 0.000000
vn -70.710678 -70.710678 0.000000
vn -70.710678 -70.710678 0.000000
vn -70.710678 -70.710678 0.000000
vn -70.710678 -70.710678 0.000000
vn -70.710678 -70.710678 0.000000
vn -70.710678 -70.710678 0.000000
vn -70.710678 -70.710678 0.000000
vn -70.710678 -70.710678 0.000000
vn -70.710678 -70.710678 0.000000
vn 70.710678 -70.710678 0.000000
vn 70.710678 -70.710678 0.000000
vn 70.710678 -70.710678 0.000000
vn 70.710678 -70.710678 0.000000
vn 70.710678 -70.710678 0.000000
vn 70.710678 -70.710678 0.000000
vn 70.710678 -70.710678 0.000000
vn 70.710678 -70.710678 0.000000
vn 70.710678 -70.710678 0.000000
vn 70.710678 -70.710678 0.000000
vn 70.710678 -70.710678 0.000000
vn 70.710678 -70.710678 0.000000
vn 70.710678 -70.710678 0.000000
vn 70.710678 -70.710678 0.000000
vn 70.710678 -70.710678 0.000000
vn 70.710678 -70.710678 0.000000
vn 70.710678 -70.710678 0.000000
vn 70.710678 -70.710678 0.000000
vn 70.710678 -70.710678 0.000000
vn 70.710678 -70.710678 0.000000
vn 70.710678 -70.710678 0.000000
vn 70.710678 -70.710678 0.000000
vn 70.710678 -70.710678 0.000000
vn 70.710678 -70.710678 0.000000
vn 70.710678 -70.710678 0.000000
vn -70.090892 -70.090892 -13.211126
vn -70.037420 -70.037420 -13.766615
vn -69.444551 -69.444551 -18.839017
vn -69.359489 -69.359489 -19.455653
vn -67.752718 -67.752718 -28.620596
vn -67.637203 -67.637203 -29.161918
vn -65.373845 -65.373845 -38.111950
vn -65.237571 -65.237571 -38.576143
vn -62.332056 -62.332056 -47.216835
vn -62.184622 -62.184622 -47.604050
vn -58.658196 -58.658196 -55.842923
vn -58.508931 -58.508931 -56.155231
vn -54.389519 -54.389519 -63.902742
vn -54.247308 -54.247308 -64.144051
vn -49.569311 -49.569311 -71.314562
vn -49.442429 -49.442429 -71.490505
vn -44.246451 -44.246451 -78.003225
vn -44.142414 -44.142414 -78.121025
vn -38.474915 -38.474915 -83.900905
vn -38.400339 -38.400339 -83.969208
vn -32.313228 -32.313228 -88.947797
vn -32.273707 -32.273707 -88.976489
vn -25.823873 -25.823873 -93.092724
vn -25.823873 -25.823873 -93.092724
vn -70.248871 -70.248871 -11.410180
vn -70.279957 -70.279957 -11.020673
vn -70.313736 -70.313736 -10.580980
vn -70.331861 -70.331861 -10.337246
vn -70.334420 -70.334420 -10.302368
vn -70.344551 -70.344551 -10.163079
vn -70.345509 -70.345509 -10.149812
vn -70.710678 70.710678 -0.000000
vn -70.710678 70.710678 -0.000000
vn -70.710678 70.710678 -0.000000
vn -70.710678 70.710678 -0.000000
vn -70.710678 70.710678 -0.000000
vn -70.710678 70.710678 -0.000000
vn -70.710678 70.710678 -0.000000
vn -70.710678 70.710678 -0.000000
vn -70.710678 70.710678 -0.000000
vn -70.710678 70.710678 -0.000000
vn -70.710678 70.710678 -0.000000
vn -70.710678 70.710678 -0.000000
vn -70.710678 70.710678 -0.000000
vn -70.710678 70.710678 -0.000000
vn -70.710678 70.710678 -0.000000
vn -70.710678 70.710678 -0.000000
vn -70.710678 70.710678 -0.000000
vn -70.710678 70.710678 -0.000000
vn -70.710678 70.710678 -0.000000
vn -70.710678 70.710678 -0.000000
vn -70.710678 70.710678 -0.000000
vn -70.710678 70.710678 -0.000000
vn -70.710678 70.710678 -0.000000
vn -70.710678 70.710678 -0.000000
vn -70.710678 70.710678 -0.000000
vn -70.710678 -70.710678 0.000000
vn -70.710678 -70.710678 0.000000
vn -70.710678 -70.710678 0.000000
vn -70.710678 -70.710678 0.000000
vn -70.710678 -70.710678 0.000000
vn -70.710678 -70.710678 0.000000
vn -70.710678 -70.710678 0.000000
vn -70.710678 -70.710678 0.000000
vn -70.710678 -70.710678 0.000000
vn -70.710678 -70.710678 0.000000
vn -70.710678 -70.710678 0.000000
vn -70.710678 -70.710678 0.000000
vn -70.710678 -70.710678 0.000000
vn -70.710678 -70.710678 0.000000
vn -70.710678 -70.710678 0.000000
vn -70.710678 -70.710678 0.000000
vn -70.710678 -70.710678 0.000000
vn -70.710678 -70.710678 0.000000
vn -70.710678 -70.710678 0.000000
vn -70.710678 -70.710678 0.000000
vn -70.710678 -70.710678 0.000000
vn -70.710678 -70.710678 0.000000
vn -70.710678 -70.710678 0.000000
vn -70.710678 -70.710678 0.000000
vn -70.710678 -70.710678 0.000000
vn -70.037420 70.037420 -13.766615
vn -69.444551 69.444551 -18.839017
vn -69.359489 69.359489 -19.455653
vn -67.752718 67.752718 -28.620596
vn -67.637203 67.637203 -29.161918
vn -65.373845 65.373845 -38.111950
vn -65.237571 65.237571 -38.576143
vn -62.332056 62.332056 -47.216835
vn -62.184622 62.184622 -47.604050
vn -58.658196 58.658196 -55.842923
vn -58.508931 58.508931 -56.155231
vn -54.389519 54.389519 -63.902742
vn -54.247308 54.247308 -64.144051
vn -49.569311 49.569311 -71.314562
vn -49.442429 49.442429 -71.490505
vn -44.246451 44.246451 -78.003225
vn -44.142414 44.142414 -78.121025
vn -38.474915 38.474915 -83.900905
vn -38.400339 38.400339 -83.969208
vn -32.313228 32.313228 -88.947797
vn -32.273707 32.273707 -88.976489
vn -25.823873 25.823873 -93.092724
vn -25.823873 25.823873 -93.092724
vn -70.090892 70.090892 -13.211126
vn -70.248871 70.248871 -11.410180
vn -70.279957 70.279957 -11.020673
vn -70.313736 70.313736 -10.580980
vn -70.331861 70.331861 -10.337246
vn -70.334420 70.334420 -10.302368
vn -70.344551 70.344551 -10.163079
vn -70.345509 70.345509 -10.149812
vn 70.710678 70.710678 0.000000
vn 70.710678 70.710678 0.000000
vn 70.710678 70.710678 0.000000
vn 70.710678 70.710678 0.000000
vn 70.710678 70.710678 0.000000
vn 70.710678 70.710678 0.000000
vn 70.710678 70.710678 0.000000
vn 70.710678 70.710678 0.000000
vn 70.710678 70.710678 0.000000
vn 70.710678 70.710678 0.000000
vn 70.710678 70.710678 0.000000
vn 70.710678 70.710678 0.000000
vn 70.710678 70.710678 0.000000
vn 70.710678 70.710678 0.000000
vn 70.710678 70.710678 0.000000
vn 70.710678 70.710678 0.000000
vn 70.710678 70.710678 0.000000
vn 70.710678 70.710678 0.000000
vn 70.710678 70.710678 0.000000
vn 70.710678 70.710678 0.000000
vn 70.710678 70.710678 0.000000
vn 70.710678 70.710678 0.000000
vn 70.710678 70.710678 0.000000
vn 70.710678 70.710678 0.000000
vn 70.710678 70.710678 0.000000
vn -69.821877 -68.937728 -19.300131
vn -70.602880 -70.115703 -9.950949
vn -70.742685 -70.678657 -0.000000
vn -69.472468 -70.095691 16.129795
vn -68.995317 -69.755310 19.335016
vn -63.607621 -65.298773 41.111321
vn -64.483843 -66.060677 38.442437
vn -57.413487 -59.742972 55.986327
vn -53.408021 -56.051852 63.291178
vn -48.372932 -51.344081 70.879086
vn -39.568752 -42.985089 81.157846
vn -37.504707 -41.007112 83.137318
vn -23.032937 -26.988964 93.493741
vn -24.840305 -28.752427 92.500039
vn -11.173280 -15.339495 98.182777
vn -4.927467 -9.153585 99.458192
vn 2.538611 -1.715315 99.953055
vn 13.513803 9.305595 98.644731
vn 16.165175 11.983930 97.954441
vn 31.034129 27.130614 91.108795
vn 29.488200 25.544964 92.075517
vn 41.600716 38.049872 82.592903
vn 46.439530 43.106727 77.363946
vn 51.783338 48.746107 70.301514
vn 58.680155 56.145188 58.346871
vn 60.075362 57.665848 55.367869
vn 66.921823 65.357447 35.353553
vn 66.289693 64.621307 37.812210
vn 69.889929 69.030713 18.712522
vn 70.602880 70.115703 9.950949
vn 70.728791 70.690061 -0.594436
vn 69.472468 70.095691 -16.129795
vn 68.905708 69.689185 -19.885193
vn 63.607621 65.298773 -41.111321
vn 64.361060 65.954435 -38.828682
vn 57.329460 59.666157 -56.154098
vn 53.408021 56.051852 -63.291178
vn 48.396901 51.366637 -70.846374
vn 39.568752 42.985089 -81.157846
vn 37.682048 41.177296 -82.972848
vn 25.174456 29.078094 -92.307699
vn 23.032937 26.988964 -93.493741
vn 11.617896 15.778550 -98.061521
vn 4.927467 9.153585 -99.458192
vn -2.071107 2.182467 -99.954727
vn -13.513803 -9.305595 -98.644731
vn -15.708263 -11.521915 -98.084127
vn -31.034129 -27.130614 -91.108795
vn -29.093676 -25.140739 -92.311978
vn -41.286786 -37.723175 -82.899719
vn -46.439530 -43.106727 -77.363946
vn -51.540884 -48.488763 -70.656756
vn -58.680155 -56.145188 -58.346871
vn -59.880145 -57.452447 -55.799504
vn -66.149273 -64.458914 -38.331737
vn -66.921823 -65.357447 -35.353553
vn -68.992302 -69.753095 19.353761
vn -70.742685 -70.678657 -0.000000
vn -69.810198 -68.921863 -19.398787
vn -66.093292 -64.394279 -38.536394
vn -59.752477 -57.313004 -56.079061
vn -51.336517 -48.271964 -70.953361
vn -40.975536 -37.399422 -83.200293
vn -28.685003 -24.722200 -92.552598
vn -15.222346 -11.030781 -98.217117
vn -1.541621 2.711329 -99.951349
vn 12.207492 16.360503 -97.894387
vn 25.771157 29.659357 -91.957436
vn 38.242444 41.714788 -82.446297
vn 48.889741 51.830140 -70.167156
vn 57.774667 60.072806 -55.257088
vn 64.710365 66.256200 -37.718491
vn 69.110673 69.839521 -18.605272
vn 70.756700 70.660609 0.753481
vn 69.726857 68.809379 20.085687
vn 65.965944 64.247458 38.996901
vn 59.676593 57.230163 56.244224
vn 51.406247 48.345924 70.852448
vn 41.258706 37.693961 82.926983
vn 29.191837 25.241297 92.253529
vn 15.892399 11.708084 98.032405
vn 2.251928 -2.001803 99.954598
vn -11.507995 -15.670039 98.091875
vn -25.165033 -29.068912 92.313160
vn -37.762730 -41.254708 82.897679
vn -48.525925 -51.488033 70.669775
vn -57.486421 -59.809621 55.840134
vn -64.499094 -66.073861 38.394163
vn 0.000000 0.000000 100.000000
vn 0.000000 0.000000 100.000000
vn 0.000000 0.000000 100.000000
vn 0.000000 0.000000 100.000000
vn 0.000000 0.000000 100.000000
vn 0.000000 0.000000 100.000000
vn 0.000000 0.000000 100.000000
vn 0.000000 0.000000 100.000000
vn 0.000000 0.000000 100.000000
vn 0.000000 0.000000 100.000000
vn 70.710678 -70.710678 0.000000
vn 70.710678 -70.710678 0.000000
vn 70.710678 -70.710678 0.000000
vn 70.710678 -70.710678 0.000000
vn 0.000000 0.000000 100.000000
vn 0.000000 0.000000 100.000000
vn 0.000000 0.000000 100.000000
vn 0.000000 0.000000 100.000000
vn -66.951717 66.951717 32.170408
vn -66.951717 66.951717 32.170408
vn -63.786059 63.786059 43.158747
vn -63.786059 63.786059 43.158747
vn -59.722380 59.722380 53.539469
vn -59.722380 59.722380 53.539469
vn -54.817891 54.817891 63.166428
vn -54.817891 54.817891 63.166428
vn -49.141641 49.141641 71.904090
vn -49.141641 49.141641 71.904090
vn -42.773544 42.773544 79.629441
vn -42.773544 42.773544 79.629441
vn -35.803253 35.803253 86.233718
vn -35.803253 35.803253 86.233718
vn -28.328902 28.328902 91.623941
vn -28.328902 28.328902 91.623941
vn -0.000000 0.000000 -100.000000
vn -0.000000 0.000000 -100.000000
vn -0.000000 0.000000 -100.000000
vn -0.000000 0.000000 -100.000000
vn 0.000000 0.000000 -100.000000
vn 0.000000 0.000000 -100.000000
vn 0.000000 0.000000 -100.000000
vn 0.000000 0.000000 -100.000000
vn -70.710678 70.710678 0.000000
vn -70.710678 70.710678 0.000000
vn -70.710678 70.710678 0.000000
vn -70.710678 70.710678 0.000000
vn -70.710678 70.710678 0.000000
vn -70.710678 70.710678 0.000000
vn 0.000000 0.000000 -100.000000
vn 0.000000 0.000000 -100.000000
vn 0.000000 0.000000 -100.000000
vn 0.000000 0.000000 -100.000000
vn 0.000000 0.000000 -100.000000
vn 0.000000 0.000000 -100.000000
vn 0.000000 0.000000 -100.000000
vn 0.000000 0.000000 -100.000000
vn 0.000000 0.000000 -100.000000
vn 0.000000 0.000000 -100.000000
vn 0.000000 0.000000 -100.000000
vn 0.000000 0.000000 -100.000000
vn 0.000000 0.000000 -100.000000
vn 0.000000 0.000000 -100.000000
vn 0.000000 0.000000 -100.000000
vn 0.000000 0.000000 -100.000000
vn 0.000000 0.000000 -100.000000
vn 0.000000 0.000000 -100.000000
vn 0.000000 0.000000 -100.000000
vn 0.000000 0.000000 -100.000000
vn 0.000000 0.000000 -100.000000
vn 0.000000 0.000000 -100.000000
vn 0.000000 0.000000 -100.000000
vn 0.000000 0.000000 -100.000000
vn 0.000000 0.000000 -100.000000
vn 0.000000 0.000000 -100.000000
vn 0.000000 0.000000 -100.000000
vn 0.000000 0.000000 -100.000000
vn 0.000000 0.000000 -100.000000
vn 0.000000 0.000000 -100.000000
vn 0.000000 0.000000 -100.000000
vn 0.000000 0.000000 -100.000000
vn 0.000000 0.000000 -100.000000
vn 0.000000 0.000000 -100.000000
vn 0.000000 0.000000 -100.000000
vn 0.000000 0.000000 -100.000000
vn 0.000000 0.000000 -100.000000
vn 0.000000 0.000000 -100.000000
vn -96.592583 25.881905 -0.000000
vn -96.592583 25.881905 -0.000000
vn -100.000000 0.000000 -0.000000
vn -100.000000 0.000000 -0.000000
vn -96.592583 -25.881905 0.000000
vn -96.592583 -25.881905 0.000000
vn -86.602540 -50.000000 0.000000
vn -86.602540 -50.000000 0.000000
vn -70.710678 -70.710678 0.000000
vn -70.710678 -70.710678 0.000000
vn -50.000000 -86.602540 0.000000
vn -50.000000 -86.602540 0.000000
vn -25.881905 -96.592583 0.000000
vn -25.881905 -96.592583 0.000000
vn 0.000000 -100.000000 0.000000
vn 0.000000 -100.000000 0.000000
vn 25.881905 -96.592583 0.000000
vn 25.881905 -96.592583 0.000000
vn 50.000000 -86.602540 0.000000
vn 50.000000 -86.602540 0.000000
vn 70.710678 -70.710678 0.000000
vn 70.710678 -70.710678 0.000000
vn 86.602540 -50.000000 0.000000
vn 86.602540 -50.000000 0.000000
vn 96.592583 -25.881905 0.000000
vn 96.592583 -25.881905 0.000000
vn 100.000000 0.000000 0.000000
vn 100.000000 0.000000 0.000000
vn 96.592583 25.881905 0.000000
vn 96.592583 25.881905 0.000000
vn 86.602540 50.000000 0.000000
vn 86.602540 50.000000 0.000000
vn 70.710678 70.710678 0.000000
vn 70.710678 70.710678 0.000000
vn 50.000000 86.602540 0.000000
vn 50.000000 86.602540 0.000000
vn 25.881905 96.592583 0.000000
vn 25.881905 96.592583 0.000000
vn 0.000000 100.000000 0.000000
vn 0.000000 100.000000 0.000000
vn -25.881905 96.592583 -0.000000
vn -25.881905 96.592583 -0.000000
vn -50.000000 86.602540 -0.000000
vn -50.000000 86.602540 -0.000000
vn -70.710678 70.710678 -0.000000
vn -70.710678 70.710678 -0.000000
vn -86.602540 50.000000 -0.000000
vn -86.602540 50.000000 -0.000000
vn 0.000000 0.000000 100.000000
vn 0.000000 0.000000 100.000000
vn 0.000000 0.000000 100.000000
vn 0.000000 0.000000 100.000000
vn 0.000000 0.000000 100.000000
vn 0.000000 0.000000 100.000000
vn 0.000000 0.000000 100.000000
vn 0.000000 0.000000 100.000000
vn 0.000000 0.000000 100.000000
vn 0.000000 0.000000 100.000000
vn 0.000000 0.000000 100.000000
vn 0.000000 0.000000 100.000000
vn 0.000000 0.000000 100.000000
vn 0.000000 0.000000 100.000000
vn 0.000000 0.000000 100.000000
vn 0.000000 0.000000 100.000000
vn 0.000000 0.000000 100.000000
vn 0.000000 0.000000 100.000000
vn 0.000000 0.000000 100.000000
vn 0.000000 0.000000 100.000000
vn 0.000000 0.000000 100.000000
vn 0.000000 0.000000 100.000000
vn 0.000000 0.000000 100.000000
vn 0.000000 0.000000 100.000000
vn 51.279326 -85.851213 0.000000
vn 59.463318 -80.399713 0.000000
vn 51.279326 -85.851213 0.000000
vn 45.020374 -89.292586 0.000000
vn 36.436987 -93.125431 0.000000
vn 29.282277 -95.616673 0.000000
vn 20.599156 -97.855377 0.000000
vn 12.701782 -99.190044 0.000000
vn 4.198537 -99.911823 0.000000
vn -4.244120 -99.909897 0.000000
vn -12.316790 -99.238585 0.000000
vn -21.067927 -97.755524 0.000000
vn -28.495611 -95.854057 0.000000
vn -37.285648 -92.788903 0.000000
vn -43.895905 -89.850707 0.000000
vn -52.430728 -85.152914 0.000000
vn -58.096922 -81.392553 0.000000
vn -66.067472 -75.067231 0.000000
vn -70.710678 -70.710678 0.000000
vn -77.803575 -62.822000 0.000000
vn -81.392553 -58.096922 0.000000
vn -87.301411 -48.769494 0.000000
vn -89.850707 -43.895905 0.000000
vn -94.287745 -33.313979 0.000000
vn -95.854057 -28.495611 0.000000
vn -98.561591 -16.900082 0.000000
vn -99.238585 -12.316790 0.000000
vn -100.000000 -0.000000 0.000000
vn -99.911823 4.198537 -0.000000
vn -98.561591 16.900082 -0.000000
vn -97.855377 20.599156 -0.000000
vn -94.287745 33.313979 -0.000000
vn -93.125431 36.436987 -0.000000
vn -90.444286 42.659480 -0.000000
vn -90.113863 43.353104 -0.000000
vn 60.846999 -79.357688 0.000000
vn 65.817311 -75.286663 0.000000
vn 72.195609 -69.193887 0.000000
vn 68.442144 -72.908661 0.000000
vn 69.852824 -71.558249 0.000000
vn 71.341893 -70.073777 0.000000
vn 72.713815 -68.649116 0.000000
vn 73.961226 -67.303321 0.000000
vn 76.210755 -64.745045 0.000000
vn 82.850965 -55.997479 0.000000
vn 80.149343 -59.800358 0.000000
vn 86.432375 -50.293584 0.000000
vn 86.432375 -50.293584 0.000000
vn 91.122849 -41.190125 0.000000
vn 93.485591 -35.502736 0.000000
vn 96.773295 -25.197806 0.000000
vn 98.028560 -19.758579 0.000000
vn 99.639749 -8.480592 0.000000
vn 99.939295 -3.483871 0.000000
vn 99.639749 8.480592 0.000000
vn 99.166489 12.884385 0.000000
vn 96.773295 25.197806 0.000000
vn 95.730895 28.906673 0.000000
vn 91.122849 41.190125 0.000000
vn 89.724763 44.152768 0.000000
vn 82.850965 55.997479 0.000000
vn 81.309368 58.213286 0.000000
vn 72.195609 69.193887 0.000000
vn 70.710678 70.710678 0.000000
vn 59.463318 80.399713 0.000000
vn 58.213286 81.309368 0.000000
vn 45.020374 89.292586 0.000000
vn 44.152768 89.724763 0.000000
vn 29.282277 95.616673 0.000000
vn 28.906673 95.730895 0.000000
vn 12.701782 99.190044 0.000000
vn 12.884385 99.166489 0.000000
vn -3.483871 99.939295 -0.000000
vn -4.244120 99.909897 -0.000000
vn -19.758579 98.028560 -0.000000
vn -21.067927 97.755524 -0.000000
vn -35.502736 93.485591 -0.000000
vn -35.288843 93.566541 -0.000000
vn -35.970057 93.306779 -0.000000
vn -38.098802 92.457997 -0.000000
vn -41.535777 90.965814 -0.000000
vn -50.293584 86.432375 -0.000000
vn -45.850703 88.869078 -0.000000
vn -50.868506 86.095267 -0.000000
vn -55.558412 83.146033 -0.000000
vn -56.483645 82.520288 -0.000000
vn -60.609238 79.539426 -0.000000
vn -62.277862 78.239810 -0.000000
vn -65.426606 75.626445 -0.000000
vn -67.808504 73.498346 -0.000000
vn -68.988923 72.391495 -0.000000
vn -72.969043 68.377765 -0.000000
vn -72.391495 68.988923 -0.000000
vn -75.626445 65.426606 -0.000000
vn -77.711990 62.935257 -0.000000
vn -79.307661 60.912189 -0.000000
vn -81.740064 57.606961 -0.000000
vn -82.719777 56.191090 -0.000000
vn -84.916365 52.812981 -0.000000
vn -85.851213 51.279326 -0.000000
vn -87.340008 48.700339 -0.000000
vn -89.094805 45.410525 -0.000000
vn -37.285648 92.788903 -0.000000
vn -36.081510 93.263737 -0.000000
vn -38.298189 92.375585 -0.000000
vn -41.776731 90.855406 -0.000000
vn -46.089104 88.745673 -0.000000
vn -52.430728 85.152914 -0.000000
vn -51.104173 85.955590 -0.000000
vn -56.704604 82.368610 -0.000000
vn -66.067472 75.067231 -0.000000
vn -62.478812 78.079434 -0.000000
vn -67.986906 73.333353 -0.000000
vn -73.135888 68.199280 -0.000000
vn -77.803575 62.822000 -0.000000
vn -77.849964 62.764506 -0.000000
vn -81.839058 57.466239 -0.000000
vn -87.301411 48.769494 -0.000000
vn -84.974244 52.719805 -0.000000
vn -87.370799 48.645077 -0.000000
vn -89.105427 45.389677 -0.000000
vn -90.115484 43.349735 -0.000000
vn 0.000000 0.000000 100.000000
vn 0.000000 0.000000 100.000000
vn 0.000000 0.000000 100.000000
vn 0.000000 0.000000 100.000000
vn 0.000000 0.000000 100.000000
vn 0.000000 0.000000 100.000000
vn 0.000000 0.000000 100.000000
vn 0.000000 0.000000 100.000000
vn 0.000000 0.000000 100.000000
vn 0.000000 0.000000 100.000000
vn 0.000000 0.000000 100.000000
vn 0.000000 0.000000 100.000000
vn 0.000000 0.000000 100.000000
vn 0.000000 0.000000 100.000000
vn 0.000000 0.000000 100.000000
vn 0.000000 0.000000 100.000000
vn 0.000000 0.000000 100.000000
vn 0.000000 0.000000 100.000000
vn 0.000000 0.000000 100.000000
vn 0.000000 0.000000 100.000000
vn 0.000000 0.000000 100.000000
vn 0.000000 0.000000 100.000000
vn 0.000000 0.000000 100.000000
vn 0.000000 0.000000 100.000000
vn 0.000000 0.000000 100.000000
vn 0.000000 0.000000 100.000000
vn 0.000000 0.000000 100.000000
vn 0.000000 0.000000 100.000000
vn 0.000000 0.000000 100.000000
vn 0.000000 0.000000 100.000000
vn 0.000000 0.000000 100.000000
vn 0.000000 0.000000 100.000000
vn 0.000000 0.000000 100.000000
vn 0.000000 0.000000 100.000000
vn 0.000000 0.000000 100.000000
vn 0.000000 0.000000 100.000000
vn 0.000000 0.000000 100.000000
vn 0.000000 0.000000 100.000000
vn 0.000000 0.000000 100.000000
vn 0.000000 0.000000 100.000000
vn 0.000000 0.000000 100.000000
vn 0.000000 0.000000 100.000000
vn 0.000000 0.000000 100.000000
vn 0.000000 0.000000 100.000000
vn 0.000000 0.000000 100.000000
vn 0.000000 0.000000 100.000000
vn 0.000000 0.000000 100.000000
vn 0.000000 0.000000 100.000000
vn 0.000000 0.000000 100.000000
vn 0.000000 0.000000 100.000000
vn 0.000000 0.000000 100.000000
vn 0.000000 0.000000 100.000000
vn 0.000000 0.000000 100.000000
vn 0.000000 0.000000 100.000000
vn 0.000000 0.000000 100.000000
vn 0.000000 0.000000 100.000000
vn 0.000000 0.000000 100.000000
vn 0.000000 0.000000 100.000000
vn 0.000000 0.000000 100.000000
vn 0.000000 0.000000 100.000000
vn 0.000000 0.000000 100.000000
vn -68.995317 69.755310 19.335016
vn -69.472468 70.095691 16.129795
vn -70.742685 70.678657 -0.000000
vn -70.602880 70.115703 -9.950949
vn -69.821877 68.937728 -19.300131
vn -66.921823 65.357447 -35.353553
vn -66.149273 64.458914 -38.331737
vn -58.680155 56.145188 -58.346871
vn -59.880145 57.452447 -55.799504
vn -51.540884 48.488763 -70.656756
vn -46.439530 43.106727 -77.363946
vn -41.286786 37.723175 -82.899719
vn -31.034129 27.130614 -91.108795
vn -29.093676 25.140739 -92.311978
vn -15.708263 11.521915 -98.084127
vn -13.513803 9.305595 -98.644731
vn -2.071107 -2.182467 -99.954727
vn 4.927467 -9.153585 -99.458192
vn 11.617896 -15.778550 -98.061521
vn 23.032937 -26.988964 -93.493741
vn 25.174456 -29.078094 -92.307699
vn 39.568752 -42.985089 -81.157846
vn 37.682048 -41.177296 -82.972848
vn 48.396901 -51.366637 -70.846374
vn 53.408021 -56.051852 -63.291178
vn 57.329460 -59.666157 -56.154098
vn 63.607621 -65.298773 -41.111321
vn 64.361060 -65.954435 -38.828682
vn 68.905708 -69.689185 -19.885193
vn 69.472468 -70.095691 -16.129795
vn 70.728791 -70.690061 -0.594436
vn 70.602880 -70.115703 9.950949
vn 69.889929 -69.030713 18.712522
vn 66.921823 -65.357447 35.353553
vn 66.289693 -64.621307 37.812210
vn 60.075362 -57.665848 55.367869
vn 58.680155 -56.145188 58.346871
vn 51.783338 -48.746107 70.301514
vn 46.439530 -43.106727 77.363946
vn 41.600716 -38.049872 82.592903
vn 31.034129 -27.130614 91.108795
vn 29.488200 -25.544964 92.075517
vn 16.165175 -11.983930 97.954441
vn 13.513803 -9.305595 98.644731
vn 2.538611 1.715315 99.953055
vn -4.927467 9.153585 99.458192
vn -11.173280 15.339495 98.182777
vn -23.032937 26.988964 93.493741
vn -24.840305 28.752427 92.500039
vn -37.504707 41.007112 83.137318
vn -39.568752 42.985089 81.157846
vn -48.372932 51.344081 70.879086
vn -53.408021 56.051852 63.291178
vn -57.413487 59.742972 55.986327
vn -63.607621 65.298773 41.111321
vn -64.483843 66.060677 38.442437
vn -69.810198 68.921863 -19.398787
vn -70.742685 70.678657 -0.000000
vn -68.992302 69.753095 19.353761
vn -64.499094 66.073861 38.394163
vn -57.486421 59.809621 55.840134
vn -48.525925 51.488033 70.669775
vn -37.762730 41.254708 82.897679
vn -25.165033 29.068912 92.313160
vn -11.507995 15.670039 98.091875
vn 2.251928 2.001803 99.954598
vn 15.892399 -11.708084 98.032405
vn 29.191837 -25.241297 92.253529
vn 41.258706 -37.693961 82.926983
vn 51.406247 -48.345924 70.852448
vn 59.676593 -57.230163 56.244224
vn 65.965944 -64.247458 38.996901
vn 69.726857 -68.809379 20.085687
vn 70.756700 -70.660609 0.753481
vn 69.110673 -69.839521 -18.605272
vn 64.710365 -66.256200 -37.718491
vn 57.774667 -60.072806 -55.257088
vn 48.889741 -51.830140 -70.167156
vn 38.242444 -41.714788 -82.446297
vn 25.771157 -29.659357 -91.957436
vn 12.207492 -16.360503 -97.894387
vn -1.541621 -2.711329 -99.951349
vn -15.222346 11.030781 -98.217117
vn -28.685003 24.722200 -92.552598
vn -40.975536 37.399422 -83.200293
vn -51.336517 48.271964 -70.953361
vn -59.752477 57.313004 -56.079061
vn -66.093292 64.394279 -38.536394
vn 0.000000 0.000000 -100.000000
vn 0.000000 0.000000 -100.000000
vn 0.000000 0.000000 -100.000000
vn 0.000000 0.000000 -100.000000
vn 0.000000 0.000000 -100.000000
vn 0.000000 0.000000 -100.000000
vn 0.000000 0.000000 -100.000000
vn 0.000000 0.000000 -100.000000
vn 0.000000 0.000000 -100.000000
vn 0.000000 0.000000 -100.000000
vn 0.000000 0.000000 -100.000000
vn 0.000000 0.000000 -100.000000
vn 0.000000 0.000000 -100.000000
vn 0.000000 0.000000 -100.000000
vn 0.000000 0.000000 -100.000000
vn 0.000000 0.000000 -100.000000
vn 0.000000 0.000000 -100.000000
vn 0.000000 0.000000 -100.000000
vn 0.000000 0.000000 -100.000000
vn 0.000000 0.000000 -100.000000
vn 0.000000 0.000000 -100.000000
vn -96.592583 25.881905 -0.000000
vn -96.592583 25.881905 -0.000000
vn -100.000000 0.000000 -0.000000
vn -100.000000 0.000000 -0.000000
vn -96.592583 -25.881905 0.000000
vn -96.592583 -25.881905 0.000000
vn -86.602540 -50.000000 0.000000
vn -86.602540 -50.000000 0.000000
vn -70.710678 -70.710678 0.000000
vn -70.710678 -70.710678 0.000000
vn -50.000000 -86.602540 0.000000
vn -50.000000 -86.602540 0.000000
vn -25.881905 -96.592583 0.000000
vn -25.881905 -96.592583 0.000000
vn 0.000000 -100.000000 0.000000
vn 0.000000 -100.000000 0.000000
vn 25.881905 -96.592583 0.000000
vn 25.881905 -96.592583 0.000000
vn 50.000000 -86.602540 0.000000
vn 50.000000 -86.602540 0.000000
vn 70.710678 -70.710678 0.000000
vn 70.710678 -70.710678 0.000000
vn 86.602540 -50.000000 0.000000
vn 86.602540 -50.000000 0.000000
vn 96.592583 -25.881905 0.000000
vn 96.592583 -25.881905 0.000000
vn 100.000000 0.000000 0.000000
vn 100.000000 0.000000 0.000000
vn 96.592583 25.881905 0.000000
vn 96.592583 25.881905 0.000000
vn 86.602540 50.000000 0.000000
vn 86.602540 50.000000 0.000000
vn 70.710678 70.710678 0.000000
vn 70.710678 70.710678 0.000000
vn 50.000000 86.602540 0.000000
vn 50.000000 86.602540 0.000000
vn 25.881905 96.592583 0.000000
vn 25.881905 96.592583 0.000000
vn 0.000000 100.000000 0.000000
vn 0.000000 100.000000 0.000000
vn -25.881905 96.592583 -0.000000
vn -25.881905 96.592583 -0.000000
vn -50.000000 86.602540 -0.000000
vn -50.000000 86.602540 -0.000000
vn -70.710678 70.710678 -0.000000
vn -70.710678 70.710678 -0.000000
vn -86.602540 50.000000 -0.000000
vn -86.602540 50.000000 -0.000000
vn 0.000000 0.000000 100.000000
vn 0.000000 0.000000 100.000000
vn 0.000000 0.000000 100.000000
vn 0.000000 0.000000 100.000000
vn 0.000000 0.000000 100.000000
vn 0.000000 0.000000 100.000000
vn 0.000000 0.000000 100.000000
vn 0.000000 0.000000 100.000000
vn 0.000000 0.000000 100.000000
vn 0.000000 0.000000 100.000000
vn 0.000000 0.000000 100.000000
vn 0.000000 0.000000 100.000000
vn 0.000000 0.000000 100.000000
vn 0.000000 0.000000 100.000000
vn 0.000000 0.000000 100.000000
vn 0.000000 0.000000 100.000000
vn 0.000000 0.000000 100.000000
vn 0.000000 0.000000 100.000000
vn 0.000000 0.000000 100.000000
vn 0.000000 0.000000 100.000000
vn 0.000000 0.000000 100.000000
vn 0.000000 0.000000 100.000000
vn 0.000000 0.000000 100.000000
vn 0.000000 0.000000 100.000000
vn 86.432375 50.293584 0.000000
vn 82.850965 55.997479 0.000000
vn 86.432375 50.293584 0.000000
vn 91.122849 41.190125 0.000000
vn 93.485591 35.502736 0.000000
vn 96.773295 25.197806 0.000000
vn 98.028560 19.758579 0.000000
vn 99.639749 8.480592 0.000000
vn 99.939295 3.483871 0.000000
vn 99.639749 -8.480592 0.000000
vn 99.166489 -12.884385 0.000000
vn 96.773295 -25.197806 0.000000
vn 95.730895 -28.906673 0.000000
vn 91.122849 -41.190125 0.000000
vn 89.724763 -44.152768 0.000000
vn 82.850965 -55.997479 0.000000
vn 81.309368 -58.213286 0.000000
vn 72.195609 -69.193887 0.000000
vn 70.710678 -70.710678 0.000000
vn 59.463318 -80.399713 0.000000
vn 58.213286 -81.309368 0.000000
vn 45.020374 -89.292586 0.000000
vn 44.152768 -89.724763 0.000000
vn 29.282277 -95.616673 0.000000
vn 28.906673 -95.730895 0.000000
vn 12.701782 -99.190044 0.000000
vn 12.884385 -99.166489 0.000000
vn -3.483871 -99.939295 0.000000
vn -4.244120 -99.909897 0.000000
vn -19.758579 -98.028560 0.000000
vn -21.067927 -97.755524 0.000000
vn -35.288843 -93.566541 0.000000
vn -37.285648 -92.788903 0.000000
vn -36.081510 -93.263737 0.000000
vn -38.298189 -92.375585 0.000000
vn -41.776731 -90.855406 0.000000
vn -46.089104 -88.745673 0.000000
vn -52.430728 -85.152914 0.000000
vn -51.104173 -85.955590 0.000000
vn -56.704604 -82.368610 0.000000
vn -66.067472 -75.067231 0.000000
vn -62.478812 -78.079434 0.000000
vn -67.986906 -73.333353 0.000000
vn -73.135888 -68.199280 0.000000
vn -77.803575 -62.822000 0.000000
vn -77.849964 -62.764506 0.000000
vn -81.839058 -57.466239 0.000000
vn -87.301411 -48.769494 0.000000
vn -84.974244 -52.719805 0.000000
vn -87.370799 -48.645077 0.000000
vn -89.105427 -45.389677 0.000000
vn -90.115484 -43.349735 0.000000
vn -94.287745 -33.313979 0.000000
vn -90.444286 -42.659480 0.000000
vn -93.125431 -36.436987 0.000000
vn -90.113863 -43.353104 0.000000
vn -89.094805 -45.410525 0.000000
vn -85.851213 -51.279326 0.000000
vn -87.340008 -48.700339 0.000000
vn -84.916365 -52.812981 0.000000
vn -82.719777 -56.191090 0.000000
vn -81.740064 -57.606961 0.000000
vn -79.307661 -60.912189 0.000000
vn -77.711990 -62.935257 0.000000
vn -75.626445 -65.426606 0.000000
vn -72.969043 -68.377765 0.000000
vn -72.391495 -68.988923 0.000000
vn -68.988923 -72.391495 0.000000
vn 80.149343 59.800358 0.000000
vn 76.210755 64.745045 0.000000
vn 72.195609 69.193887 0.000000
vn 73.961226 67.303321 0.000000
vn 72.713815 68.649116 0.000000
vn 71.341893 70.073777 0.000000
vn 69.852824 71.558249 0.000000
vn 68.442144 72.908661 0.000000
vn 65.817311 75.286663 0.000000
vn 59.463318 80.399713 0.000000
vn 60.846999 79.357688 0.000000
vn 51.279326 85.851213 0.000000
vn 51.279326 85.851213 0.000000
vn 45.020374 89.292586 0.000000
vn 36.436987 93.125431 0.000000
vn 29.282277 95.616673 0.000000
vn 20.599156 97.855377 0.000000
vn 12.701782 99.190044 0.000000
vn 4.198537 99.911823 0.000000
vn -4.244120 99.909897 -0.000000
vn -12.316790 99.238585 -0.000000
vn -21.067927 97.755524 -0.000000
vn -28.495611 95.854057 -0.000000
vn -37.285648 92.788903 -0.000000
vn -43.895905 89.850707 -0.000000
vn -52.430728 85.152914 -0.000000
vn -58.096922 81.392553 -0.000000
vn -66.067472 75.067231 -0.000000
vn -70.710678 70.710678 -0.000000
vn -77.803575 62.822000 -0.000000
vn -81.392553 58.096922 -0.000000
vn -87.301411 48.769494 -0.000000
vn -89.850707 43.895905 -0.000000
vn -94.287745 33.313979 -0.000000
vn -95.854057 28.495611 -0.000000
vn -98.561591 16.900082 -0.000000
vn -99.238585 12.316790 -0.000000
vn -100.000000 0.000000 -0.000000
vn -99.911823 -4.198537 0.000000
vn -98.561591 -16.900082 0.000000
vn -97.855377 -20.599156 0.000000
vn -67.808504 -73.498346 0.000000
vn -65.426606 -75.626445 0.000000
vn -62.277862 -78.239810 0.000000
vn -60.609238 -79.539426 0.000000
vn -56.483645 -82.520288 0.000000
vn -55.558412 -83.146033 0.000000
vn -50.868506 -86.095267 0.000000
vn -50.293584 -86.432375 0.000000
vn -45.850703 -88.869078 0.000000
vn -41.535777 -90.965814 0.000000
vn -35.502736 -93.485591 0.000000
vn -38.098802 -92.457997 0.000000
vn -35.970057 -93.306779 0.000000
vn 0.000000 0.000000 100.000000
vn 0.000000 0.000000 100.000000
vn 0.000000 0.000000 100.000000
vn 0.000000 0.000000 100.000000
vn 0.000000 0.000000 100.000000
vn 0.000000 0.000000 100.000000
vn 0.000000 0.000000 100.000000
vn 0.000000 0.000000 100.000000
vn 0.000000 0.000000 100.000000
vn 0.000000 0.000000 100.000000
vn 0.000000 0.000000 100.000000
vn 0.000000 0.000000 100.000000
vn 0.000000 0.000000 100.000000
vn 0.000000 0.000000 100.000000
vn 0.000000 0.000000 100.000000
vn 0.000000 0.000000 100.000000
vn 0.000000 0.000000 100.000000
vn 0.000000 0.000000 100.000000
vn 0.000000 0.000000 100.000000
vn 0.000000 0.000000 100.000000
vn 0.000000 0.000000 100.000000
vn 0.000000 0.000000 100.000000
vn 0.000000 0.000000 100.000000
vn 0.000000 0.000000 100.000000
vn 0.000000 0.000000 100.000000
vn 0.000000 0.000000 100.000000
vn 0.000000 0.000000 100.000000
vn 0.000000 0.000000 100.000000
vn 0.000000 0.000000 100.000000
vn 0.000000 0.000000 100.000000
vn 0.000000 0.000000 100.000000
vn 0.000000 0.000000 100.000000
vn 0.000000 0.000000 100.000000
vn 0.000000 0.000000 100.000000
vn 0.000000 0.000000 100.000000
vn 0.000000 0.000000 100.000000
vn 0.000000 0.000000 100.000000
vn 0.000000 0.000000 100.000000
vn 0.000000 0.000000 100.000000
vn 0.000000 0.000000 100.000000
vn 0.000000 0.000000 100.000000
vn 0.000000 0.000000 100.000000
vn 0.000000 0.000000 100.000000
vn 0.000000 0.000000 100.000000
vn 0.000000 0.000000 100.000000
vn 0.000000 0.000000 100.000000
vn 0.000000 0.000000 100.000000
vn 0.000000 0.000000 100.000000
vn 0.000000 0.000000 100.000000
vn 0.000000 0.000000 100.000000
vn 0.000000 0.000000 100.000000
vn 0.000000 0.000000 100.000000
vn 0.000000 0.000000 100.000000
vn 0.000000 0.000000 100.000000
vn 0.000000 0.000000 100.000000
vn 0.000000 0.000000 100.000000
vn 0.000000 0.000000 100.000000
vn 0.000000 0.000000 100.000000
vn 0.000000 0.000000 100.000000
vn 0.000000 0.000000 100.000000
vn 0.000000 0.000000 100.000000
vn 0.000000 0.000000 -100.000000
vn 0.000000 0.000000 -100.000000
vn 0.000000 0.000000 -100.000000
vn 0.000000 0.000000 -100.000000
vn 0.000000 0.000000 -100.000000
vn 0.000000 0.000000 -100.000000
vn 0.000000 0.000000 -100.000000
vn 0.000000 0.000000 -100.000000
vn 0.000000 0.000000 -100.000000
vn 0.000000 0.000000 -100.000000
vn 0.000000 0.000000 -100.000000
vn 0.000000 0.000000 -100.000000
vn 0.000000 0.000000 -100.000000
vn 0.000000 0.000000 -100.000000
vn 0.000000 0.000000 -100.000000
vn 0.000000 0.000000 -100.000000
vn 0.000000 0.000000 -100.000000
vn 0.000000 0.000000 100.000000
vn 0.000000 0.000000 100.000000
vn 0.000000 0.000000 100.000000
vn 0.000000 0.000000 100.000000
vn 0.000000 0.000000 100.000000
vn 0.000000 0.000000 100.000000
vn 0.000000 0.000000 100.000000
vn 0.000000 0.000000 100.000000
vn 0.000000 0.000000 100.000000
vn 0.000000 0.000000 100.000000
vn 70.710678 70.710678 0.000000
vn 70.710678 70.710678 0.000000
vn 70.710678 70.710678 0.000000
vn 70.710678 70.710678 0.000000
vn 0.000000 0.000000 100.000000
vn 0.000000 0.000000 100.000000
vn 0.000000 0.000000 100.000000
vn 0.000000 0.000000 100.000000
vn -28.328902 -28.328902 91.623941
vn -28.328902 -28.328902 91.623941
vn -35.803253 -35.803253 86.233718
vn -35.803253 -35.803253 86.233718
vn -42.773544 -42.773544 79.629441
vn -42.773544 -42.773544 79.629441
vn -49.141641 -49.141641 71.904090
vn -49.141641 -49.141641 71.904090
vn -54.817891 -54.817891 63.166428
vn -54.817891 -54.817891 63.166428
vn -59.722380 -59.722380 53.539469
vn -59.722380 -59.722380 53.539469
vn -63.786059 -63.786059 43.158747
vn -63.786059 -63.786059 43.158747
vn -66.951717 -66.951717 32.170408
vn -66.951717 -66.951717 32.170408
vn -0.000000 -0.000000 -100.000000
vn -0.000000 -0.000000 -100.000000
vn -0.000000 -0.000000 -100.000000
vn -0.000000 -0.000000 -100.000000
vn 0.000000 0.000000 -100.000000
vn 0.000000 0.000000 -100.000000
vn 0.000000 0.000000 -100.000000
vn 0.000000 0.000000 -100.000000
vn -70.710678 -70.710678 0.000000
vn -70.710678 -70.710678 0.000000
vn -70.710678 -70.710678 0.000000
vn -70.710678 -70.710678 0.000000
vn -70.710678 -70.710678 0.000000
vn -70.710678 -70.710678 0.000000
vn 0.000000 0.000000 100.000000
vn 0.000000 0.000000 100.000000
vn 0.000000 0.000000 100.000000
vn 0.000000 0.000000 100.000000
vn 0.000000 0.000000 100.000000
vn 0.000000 0.000000 100.000000
vn 0.000000 0.000000 100.000000
vn 0.000000 0.000000 100.000000
vn 0.000000 0.000000 100.000000
vn 0.000000 0.000000 100.000000
vn -70.710678 -70.710678 0.000000
vn -70.710678 -70.710678 0.000000
vn -70.710678 -70.710678 0.000000
vn -70.710678 -70.710678 0.000000
vn 0.000000 0.000000 100.000000
vn 0.000000 0.000000 100.000000
vn 0.000000 0.000000 100.000000
vn 0.000000 0.000000 100.000000
vn 28.328902 28.328902 91.623941
vn 28.328902 28.328902 91.623941
vn 35.803253 35.803253 86.233718
vn 35.803253 35.803253 86.233718
vn 42.773544 42.773544 79.629441
vn 42.773544 42.773544 79.629441
vn 49.141641 49.141641 71.904090
vn 49.141641 49.141641 71.904090
vn 54.817891 54.817891 63.166428
vn 54.817891 54.817891 63.166428
vn 59.722380 59.722380 53.539469
vn 59.722380 59.722380 53.539469
vn 63.786059 63.786059 43.158747
vn 63.786059 63.786059 43.158747
vn 66.951717 66.951717 32.170408
vn 66.951717 66.951717 32.170408
vn 0.000000 0.000000 -100.000000
vn 0.000000 0.000000 -100.000000
vn 0.000000 0.000000 -100.000000
vn 0.000000 0.000000 -100.000000
vn 0.000000 0.000000 -100.000000
vn 0.000000 0.000000 -100.000000
vn 0.000000 0.000000 -100.000000
vn 0.000000 0.000000 -100.000000
vn 70.710678 70.710678 0.000000
vn 70.710678 70.710678 0.000000
vn 70.710678 70.710678 0.000000
vn 70.710678 70.710678 0.000000
vn 70.710678 70.710678 0.000000
vn 70.710678 70.710678 0.000000
vn 0.000000 0.000000 -100.000000
vn 0.000000 0.000000 -100.000000
vn 0.000000 0.000000 -100.000000
vn 0.000000 0.000000 -100.000000
vn 0.000000 0.000000 -100.000000
vn 0.000000 0.000000 -100.000000
vn 0.000000 0.000000 -100.000000
vn 0.000000 0.000000 -100.000000
vn 0.000000 0.000000 -100.000000
vn 0.000000 0.000000 -100.000000
vn 0.000000 0.000000 -100.000000
vn 0.000000 0.000000 -100.000000
vn 0.000000 0.000000 -100.000000
vn 0.000000 0.000000 -100.000000
vn 0.000000 0.000000 -100.000000
vn 0.000000 0.000000 -100.000000
vn 0.000000 0.000000 -100.000000
vn 0.000000 0.000000 -100.000000
vn 0.000000 0.000000 -100.000000
vn 0.000000 0.000000 -100.000000
vn 0.000000 0.000000 -100.000000
vn 0.000000 0.000000 -100.000000
vn 0.000000 0.000000 -100.000000
vn 0.000000 0.000000 -100.000000
vn 0.000000 0.000000 -100.000000
vn 0.000000 0.000000 -100.000000
vn 0.000000 0.000000 -100.000000
vn 0.000000 0.000000 -100.000000
vn 0.000000 0.000000 -100.000000
vn 0.000000 0.000000 -100.000000
vn 0.000000 0.000000 -100.000000
vn 0.000000 0.000000 -100.000000
vn 0.000000 0.000000 -100.000000
vn 0.000000 0.000000 -100.000000
vn 0.000000 0.000000 -100.000000
vn 0.000000 0.000000 -100.000000
vn 0.000000 0.000000 -100.000000
vn 0.000000 0.000000 -100.000000
vn 68.992302 69.753095 19.353761
vn 69.472468 70.095691 16.129795
vn 70.742685 70.678657 -0.000000
vn 70.602880 70.115703 -9.950949
vn 69.810198 68.921863 -19.398787
vn 66.921823 65.357447 -35.353553
vn 66.093292 64.394279 -38.536394
vn 58.680155 56.145188 -58.346871
vn 59.752477 57.313004 -56.079061
vn 51.336517 48.271964 -70.953361
vn 46.439530 43.106727 -77.363946
vn 40.975536 37.399422 -83.200293
vn 31.034129 27.130614 -91.108795
vn 28.685003 24.722200 -92.552598
vn 13.513803 9.305595 -98.644731
vn 15.222346 11.030781 -98.217117
vn 1.541621 -2.711329 -99.951349
vn -4.927467 -9.153585 -99.458192
vn -12.207492 -16.360503 -97.894387
vn -23.032937 -26.988964 -93.493741
vn -25.771157 -29.659357 -91.957436
vn -39.568752 -42.985089 -81.157846
vn -38.242444 -41.714788 -82.446297
vn -48.889741 -51.830140 -70.167156
vn -53.408021 -56.051852 -63.291178
vn -57.774667 -60.072806 -55.257088
vn -63.607621 -65.298773 -41.111321
vn -64.710365 -66.256200 -37.718491
vn -69.472468 -70.095691 -16.129795
vn -69.110673 -69.839521 -18.605272
vn -70.756700 -70.660609 0.753481
vn -70.602880 -70.115703 9.950949
vn -69.726857 -68.809379 20.085687
vn -66.921823 -65.357447 35.353553
vn -65.965944 -64.247458 38.996901
vn -58.680155 -56.145188 58.346871
vn -59.676593 -57.230163 56.244224
vn -51.406247 -48.345924 70.852448
vn -46.439530 -43.106727 77.363946
vn -41.258706 -37.693961 82.926983
vn -31.034129 -27.130614 91.108795
vn -29.191837 -25.241297 92.253529
vn -15.892399 -11.708084 98.032405
vn -13.513803 -9.305595 98.644731
vn -2.251928 2.001803 99.954598
vn 4.927467 9.153585 99.458192
vn 11.507995 15.670039 98.091875
vn 23.032937 26.988964 93.493741
vn 25.165033 29.068912 92.313160
vn 39.568752 42.985089 81.157846
vn 37.762730 41.254708 82.897679
vn 48.525925 51.488033 70.669775
vn 53.408021 56.051852 63.291178
vn 57.486421 59.809621 55.840134
vn 63.607621 65.298773 41.111321
vn 64.499094 66.073861 38.394163
vn 69.821877 68.937728 -19.300131
vn 70.742685 70.678657 -0.000000
vn 68.995317 69.755310 19.335016
vn 64.483843 66.060677 38.442437
vn 57.413487 59.742972 55.986327
vn 48.372932 51.344081 70.879086
vn 37.504707 41.007112 83.137318
vn 24.840305 28.752427 92.500039
vn 11.173280 15.339495 98.182777
vn -2.538611 1.715315 99.953055
vn -16.165175 -11.983930 97.954441
vn -29.488200 -25.544964 92.075517
vn -41.600716 -38.049872 82.592903
vn -51.783338 -48.746107 70.301514
vn -60.075362 -57.665848 55.367869
vn -66.289693 -64.621307 37.812210
vn -69.889929 -69.030713 18.712522
vn -70.728791 -70.690061 -0.594436
vn -68.905708 -69.689185 -19.885193
vn -64.361060 -65.954435 -38.828682
vn -57.329460 -59.666157 -56.154098
vn -48.396901 -51.366637 -70.846374
vn -37.682048 -41.177296 -82.972848
vn -25.174456 -29.078094 -92.307699
vn -11.617896 -15.778550 -98.061521
vn 2.071107 -2.182467 -99.954727
vn 15.708263 11.521915 -98.084127
vn 29.093676 25.140739 -92.311978
vn 41.286786 37.723175 -82.899719
vn 51.540884 48.488763 -70.656756
vn 59.880145 57.452447 -55.799504
vn 66.149273 64.458914 -38.331737
vn 69.810198 -68.921863 -19.398787
vn 70.602880 -70.115703 -9.950949
vn 70.742685 -70.678657 -0.000000
vn 69.472468 -70.095691 16.129795
vn 68.992302 -69.753095 19.353761
vn 63.607621 -65.298773 41.111321
vn 64.499094 -66.073861 38.394163
vn 57.486421 -59.809621 55.840134
vn 53.408021 -56.051852 63.291178
vn 48.525925 -51.488033 70.669775
vn 39.568752 -42.985089 81.157846
vn 37.762730 -41.254708 82.897679
vn 25.165033 -29.068912 92.313160
vn 23.032937 -26.988964 93.493741
vn 11.507995 -15.670039 98.091875
vn 4.927467 -9.153585 99.458192
vn -2.251928 -2.001803 99.954598
vn -13.513803 9.305595 98.644731
vn -15.892399 11.708084 98.032405
vn -31.034129 27.130614 91.108795
vn -29.191837 25.241297 92.253529
vn -41.258706 37.693961 82.926983
vn -46.439530 43.106727 77.363946
vn -51.406247 48.345924 70.852448
vn -58.680155 56.145188 58.346871
vn -59.676593 57.230163 56.244224
vn -65.965944 64.247458 38.996901
vn -66.921823 65.357447 35.353553
vn -69.726857 68.809379 20.085687
vn -70.602880 70.115703 9.950949
vn -70.756700 70.660609 0.753481
vn -69.472468 70.095691 -16.129795
vn -69.110673 69.839521 -18.605272
vn -64.710365 66.256200 -37.718491
vn -63.607621 65.298773 -41.111321
vn -57.774667 60.072806 -55.257088
vn -53.408021 56.051852 -63.291178
vn -48.889741 51.830140 -70.167156
vn -39.568752 42.985089 -81.157846
vn -38.242444 41.714788 -82.446297
vn -25.771157 29.659357 -91.957436
vn -23.032937 26.988964 -93.493741
vn -12.207492 16.360503 -97.894387
vn -4.927467 9.153585 -99.458192
vn 1.541621 2.711329 -99.951349
vn 13.513803 -9.305595 -98.644731
vn 15.222346 -11.030781 -98.217117
vn 28.685003 -24.722200 -92.552598
vn 31.034129 -27.130614 -91.108795
vn 40.975536 -37.399422 -83.200293
vn 46.439530 -43.106727 -77.363946
vn 51.336517 -48.271964 -70.953361
vn 58.680155 -56.145188 -58.346871
vn 59.752477 -57.313004 -56.079061
vn 66.093292 -64.394279 -38.536394
vn 66.921823 -65.357447 -35.353553
vn 68.995317 -69.755310 19.335016
vn 70.742685 -70.678657 -0.000000
vn 69.821877 -68.937728 -19.300131
vn 66.149273 -64.458914 -38.331737
vn 59.880145 -57.452447 -55.799504
vn 51.540884 -48.488763 -70.656756
vn 41.286786 -37.723175 -82.899719
vn 29.093676 -25.140739 -92.311978
vn 15.708263 -11.521915 -98.084127
vn 2.071107 2.182467 -99.954727
vn -11.617896 15.778550 -98.061521
vn -25.174456 29.078094 -92.307699
vn -37.682048 41.177296 -82.972848
vn -48.396901 51.366637 -70.846374
vn -57.329460 59.666157 -56.154098
vn -64.361060 65.954435 -38.828682
vn -68.905708 69.689185 -19.885193
vn -70.728791 70.690061 -0.594436
vn -69.889929 69.030713 18.712522
vn -66.289693 64.621307 37.812210
vn -60.075362 57.665848 55.367869
vn -51.783338 48.746107 70.301514
vn -41.600716 38.049872 82.592903
vn -29.488200 25.544964 92.075517
vn -16.165175 11.983930 97.954441
vn -2.538611 -1.715315 99.953055
vn 11.173280 -15.339495 98.182777
vn 24.840305 -28.752427 92.500039
vn 37.504707 -41.007112 83.137318
vn 48.372932 -51.344081 70.879086
vn 57.413487 -59.742972 55.986327
vn 64.483843 -66.060677 38.442437
vn 0.000000 100.000000 0.000000
vn 0.000000 100.000000 0.000000
vn 0.000000 100.000000 0.000000
vn 0.000000 100.000000 0.000000
vn 49.619512 86.821104 0.000000
vn 41.541501 90.963200 0.000000
vn 49.102690 87.114441 0.000000
vn 41.541501 90.963200 0.000000
vn 54.064082 84.125353 0.000000
vn 54.064082 84.125353 0.000000
vn 51.156214 85.924629 0.000000
vn 53.627088 84.404594 0.000000
vn 56.744907 82.340850 0.000000
vn 60.407859 79.692475 0.000000
vn 65.486073 75.574957 0.000000
vn 64.532491 76.390822 0.000000
vn 68.808146 72.563345 0.000000
vn 75.574957 65.486073 0.000000
vn 72.898322 68.453156 0.000000
vn 76.742766 64.113555 0.000000
vn 80.294091 59.605863 0.000000
vn 84.125353 54.064082 0.000000
vn 83.336952 55.271624 0.000000
vn 85.765473 51.422599 0.000000
vn 87.648203 48.143458 0.000000
vn 90.963200 41.541501 0.000000
vn 89.035844 45.526020 0.000000
vn 89.859679 43.877536 0.000000
vn 90.140087 43.298554 0.000000
vn 90.963200 41.541501 0.000000
vn 95.949297 28.173256 0.000000
vn 95.949297 28.173256 0.000000
vn 98.982144 14.231484 0.000000
vn 98.982144 14.231484 0.000000
vn 100.000000 0.000000 0.000000
vn 100.000000 0.000000 0.000000
vn 89.891723 43.811850 0.000000
vn 89.096377 45.407441 0.000000
vn 87.727520 47.998774 0.000000
vn 84.125353 54.064082 0.000000
vn 85.851810 51.278326 0.000000
vn 83.431851 55.128270 0.000000
vn 80.394224 59.470739 0.000000
vn 75.574957 65.486073 0.000000
vn 76.845951 63.989841 0.000000
vn 73.002234 68.342328 0.000000
vn 68.919079 72.457991 0.000000
vn 65.486073 75.574957 0.000000
vn 64.637355 76.302112 0.000000
vn 60.493356 79.627595 0.000000
vn 56.800897 82.302236 0.000000
vn 53.659936 84.383714 0.000000
vn 51.168463 85.917335 0.000000
vn 49.621461 86.819990 0.000000
vn 28.173256 95.949297 0.000000
vn 28.173256 95.949297 0.000000
vn 14.231484 98.982144 0.000000
vn 14.231484 98.982144 0.000000
vn 100.000000 0.000000 0.000000
vn 100.000000 0.000000 0.000000
vn 49.621461 -86.819990 0.000000
vn 41.541501 -90.963200 0.000000
vn 49.102690 -87.114441 0.000000
vn 41.541501 -90.963200 0.000000
vn 49.619512 -86.821104 0.000000
vn 54.064082 -84.125353 0.000000
vn 51.156214 -85.924629 0.000000
vn 53.627088 -84.404594 0.000000
vn 56.744907 -82.340850 0.000000
vn 60.407859 -79.692475 0.000000
vn 65.486073 -75.574957 0.000000
vn 64.532491 -76.390822 0.000000
vn 68.808146 -72.563345 0.000000
vn 75.574957 -65.486073 0.000000
vn 72.898322 -68.453156 0.000000
vn 76.742766 -64.113555 0.000000
vn 80.294091 -59.605863 0.000000
vn 84.125353 -54.064082 0.000000
vn 83.336952 -55.271624 0.000000
vn 85.765473 -51.422599 0.000000
vn 87.648203 -48.143458 0.000000
vn 90.963200 -41.541501 0.000000
vn 89.035844 -45.526020 0.000000
vn 89.859679 -43.877536 0.000000
vn 90.140087 -43.298554 0.000000
vn 90.963200 -41.541501 0.000000
vn 89.891723 -43.811850 0.000000
vn 89.096377 -45.407441 0.000000
vn 87.727520 -47.998774 0.000000
vn 84.125353 -54.064082 0.000000
vn 85.851810 -51.278326 0.000000
vn 83.431851 -55.128270 0.000000
vn 80.394224 -59.470739 0.000000
vn 75.574957 -65.486073 0.000000
vn 76.845951 -63.989841 0.000000
vn 73.002234 -68.342328 0.000000
vn 68.919079 -72.457991 0.000000
vn 65.486073 -75.574957 0.000000
vn 64.637355 -76.302112 0.000000
vn 60.493356 -79.627595 0.000000
vn 54.064082 -84.125353 0.000000
vn 56.800897 -82.302236 0.000000
vn 53.659936 -84.383714 0.000000
vn 51.168463 -85.917335 0.000000
vn 0.000000 -100.000000 0.000000
vn 0.000000 -100.000000 0.000000
vn 14.231484 -98.982144 0.000000
vn 14.231484 -98.982144 0.000000
vn 28.173256 -95.949297 0.000000
vn 28.173256 -95.949297 0.000000
vn 95.949297 -28.173256 0.000000
vn 95.949297 -28.173256 0.000000
vn 98.982144 -14.231484 0.000000
vn 98.982144 -14.231484 0.000000
vn 0.000000 -100.000000 0.000000
vn 0.000000 -100.000000 0.000000
vn -49.619512 -86.821104 0.000000
vn -41.541501 -90.963200 0.000000
vn -49.102690 -87.114441 0.000000
vn -41.541501 -90.963200 0.000000
vn -54.064082 -84.125353 0.000000
vn -54.064082 -84.125353 0.000000
vn -51.156214 -85.924629 0.000000
vn -53.627088 -84.404594 0.000000
vn -56.744907 -82.340850 0.000000
vn -60.407859 -79.692475 0.000000
vn -65.486073 -75.574957 0.000000
vn -64.532491 -76.390822 0.000000
vn -68.808146 -72.563345 0.000000
vn -75.574957 -65.486073 0.000000
vn -72.898322 -68.453156 0.000000
vn -76.742766 -64.113555 0.000000
vn -80.294091 -59.605863 0.000000
vn -84.125353 -54.064082 0.000000
vn -83.336952 -55.271624 0.000000
vn -85.765473 -51.422599 0.000000
vn -87.648203 -48.143458 0.000000
vn -90.963200 -41.541501 0.000000
vn -89.035844 -45.526020 0.000000
vn -89.859679 -43.877536 0.000000
vn -90.140087 -43.298554 0.000000
vn -90.963200 -41.541501 0.000000
vn -95.949297 -28.173256 0.000000
vn -95.949297 -28.173256 0.000000
vn -98.982144 -14.231484 0.000000
vn -98.982144 -14.231484 0.000000
vn -100.000000 0.000000 0.000000
vn -100.000000 0.000000 0.000000
vn -89.891723 -43.811850 0.000000
vn -89.096377 -45.407441 0.000000
vn -87.727520 -47.998774 0.000000
vn -84.125353 -54.064082 0.000000
vn -85.851810 -51.278326 0.000000
vn -83.431851 -55.128270 0.000000
vn -80.394224 -59.470739 0.000000
vn -75.574957 -65.486073 0.000000
vn -76.845951 -63.989841 0.000000
vn -73.002234 -68.342328 0.000000
vn -68.919079 -72.457991 0.000000
vn -65.486073 -75.574957 0.000000
vn -64.637355 -76.302112 0.000000
vn -60.493356 -79.627595 0.000000
vn -56.800897 -82.302236 0.000000
vn -53.659936 -84.383714 0.000000
vn -51.168463 -85.917335 0.000000
vn -49.621461 -86.819990 0.000000
vn -28.173256 -95.949297 0.000000
vn -28.173256 -95.949297 0.000000
vn -14.231484 -98.982144 0.000000
vn -14.231484 -98.982144 0.000000
vn -100.000000 0.000000 0.000000
vn -100.000000 0.000000 0.000000
vn -49.621461 86.819990 -0.000000
vn -41.541501 90.963200 -0.000000
vn -49.102690 87.114441 -0.000000
vn -41.541501 90.963200 -0.000000
vn -49.619512 86.821104 -0.000000
vn -54.064082 84.125353 -0.000000
vn -51.156214 85.924629 -0.000000
vn -53.627088 84.404594 -0.000000
vn -56.744907 82.340850 -0.000000
vn -60.407859 79.692475 -0.000000
vn -65.486073 75.574957 -0.000000
vn -64.532491 76.390822 -0.000000
vn -68.808146 72.563345 -0.000000
vn -75.574957 65.486073 -0.000000
vn -72.898322 68.453156 -0.000000
vn -76.742766 64.113555 -0.000000
vn -80.294091 59.605863 -0.000000
vn -84.125353 54.064082 -0.000000
vn -83.336952 55.271624 -0.000000
vn -85.765473 51.422599 -0.000000
vn -87.648203 48.143458 -0.000000
vn -90.963200 41.541501 -0.000000
vn -89.035844 45.526020 -0.000000
vn -89.859679 43.877536 -0.000000
vn -90.140087 43.298554 -0.000000
vn -90.963200 41.541501 -0.000000
vn -89.891723 43.811850 -0.000000
vn -89.096377 45.407441 -0.000000
vn -87.727520 47.998774 -0.000000
vn -84.125353 54.064082 -0.000000
vn -85.851810 51.278326 -0.000000
vn -83.431851 55.128270 -0.000000
vn -80.394224 59.470739 -0.000000
vn -75.574957 65.486073 -0.000000
vn -76.845951 63.989841 -0.000000
vn -73.002234 68.342328 -0.000000
vn -68.919079 72.457991 -0.000000
vn -65.486073 75.574957 -0.000000
vn -64.637355 76.302112 -0.000000
vn -60.493356 79.627595 -0.000000
vn -54.064082 84.125353 -0.000000
vn -56.800897 82.302236 -0.000000
vn -53.659936 84.383714 -0.000000
vn -51.168463 85.917335 -0.000000
vn -14.231484 98.982144 -0.000000
vn -14.231484 98.982144 -0.000000
vn -28.173256 95.949297 -0.000000
vn -28.173256 95.949297 -0.000000
vn -95.949297 28.173256 -0.000000
vn -95.949297 28.173256 -0.000000
vn -98.982144 14.231484 -0.000000
vn -98.982144 14.231484 -0.000000
vn 0.000000 0.000000 100.000000
vn 0.000000 0.000000 100.000000
vn 0.000000 0.000000 100.000000
vn 0.000000 0.000000 100.000000
vn 0.000000 0.000000 100.000000
vn 0.000000 0.000000 100.000000
vn 0.000000 0.000000 100.000000
vn 0.000000 0.000000 100.000000
vn 0.000000 0.000000 100.000000
vn 0.000000 0.000000 100.000000
vn 0.000000 0.000000 100.000000
vn 0.000000 0.000000 100.000000
vn 0.000000 0.000000 100.000000
vn 0.000000 0.000000 100.000000
vn 0.000000 0.000000 100.000000
vn 0.000000 0.000000 100.000000
vn 0.000000 0.000000 100.000000
vn 0.000000 0.000000 100.000000
vn 0.000000 0.000000 100.000000
vn 0.000000 0.000000 100.000000
vn 0.000000 0.000000 100.000000
vn 0.000000 0.000000 100.000000
vn 0.000000 0.000000 100.000000
vn 0.000000 0.000000 100.000000
vn 0.000000 0.000000 100.000000
vn 0.000000 0.000000 100.000000
vn 0.000000 0.000000 100.000000
vn 0.000000 0.000000 100.000000
vn 0.000000 0.000000 100.000000
vn 0.000000 0.000000 100.000000
vn 0.000000 0.000000 100.000000
vn 0.000000 0.000000 100.000000
vn 0.000000 0.000000 100.000000
vn 0.000000 0.000000 100.000000
vn 0.000000 0.000000 100.000000
vn 0.000000 0.000000 100.000000
vn 0.000000 0.000000 100.000000
vn 0.000000 0.000000 100.000000
vn 0.000000 0.000000 100.000000
vn 0.000000 0.000000 100.000000
vn 0.000000 0.000000 100.000000
vn 0.000000 0.000000 100.000000
vn 0.000000 0.000000 100.000000
vn 0.000000 0.000000 100.000000
vn 0.000000 0.000000 100.000000
vn 0.000000 0.000000 100.000000
vn 0.000000 0.000000 100.000000
vn 0.000000 0.000000 100.000000
vn 0.000000 0.000000 100.000000
vn 0.000000 0.000000 100.000000
vn 0.000000 0.000000 100.000000
vn 0.000000 0.000000 100.000000
vn 0.000000 0.000000 100.000000
vn 0.000000 0.000000 100.000000
vn 0.000000 0.000000 100.000000
vn 0.000000 0.000000 100.000000
vn 0.000000 0.000000 100.000000
vn 0.000000 0.000000 100.000000
vn 0.000000 0.000000 100.000000
vn 0.000000 0.000000 100.000000
vn 0.000000 0.000000 100.000000
vn 0.000000 0.000000 100.000000
vn 0.000000 0.000000 100.000000
vn 0.000000 0.000000 100.000000
vn 0.000000 0.000000 100.000000
vn 0.000000 0.000000 100.000000
vn 0.000000 0.000000 100.000000
vn 0.000000 0.000000 100.000000
vn 0.000000 0.000000 100.000000
vn 0.000000 0.000000 100.000000
vn 0.000000 0.000000 100.000000
vn 0.000000 0.000000 100.000000
vn 0.000000 0.000000 100.000000
vn 0.000000 0.000000 100.000000
vn 0.000000 0.000000 100.000000
vn 0.000000 0.000000 100.000000
vn 0.000000 0.000000 100.000000
vn 0.000000 0.000000 100.000000
vn 0.000000 0.000000 100.000000
vn 0.000000 0.000000 100.000000
vn 0.000000 0.000000 100.000000
vn 0.000000 0.000000 100.000000
vn 0.000000 0.000000 100.000000
vn 0.000000 0.000000 100.000000
vn 0.000000 0.000000 100.000000
vn 0.000000 0.000000 100.000000
vn 0.000000 0.000000 100.000000
vn 0.000000 0.000000 100.000000
vn 0.000000 0.000000 100.000000
vn 0.000000 0.000000 100.000000
vn 0.000000 0.000000 100.000000
vn 0.000000 0.000000 100.000000
vn 0.000000 0.000000 100.000000
vn 0.000000 0.000000 100.000000
vn 0.000000 0.000000 100.000000
vn 0.000000 0.000000 100.000000
vn 0.000000 0.000000 100.000000
vn 0.000000 0.000000 100.000000
vn 0.000000 0.000000 100.000000
vn 0.000000 0.000000 100.000000
vn 0.000000 0.000000 100.000000
vn 0.000000 0.000000 100.000000
vn 0.000000 0.000000 100.000000
vn 0.000000 0.000000 100.000000
vn 0.000000 0.000000 100.000000
vn 0.000000 0.000000 100.000000
vn 0.000000 0.000000 100.000000
vn 0.000000 0.000000 100.000000
vn 0.000000 0.000000 100.000000
vn 0.000000 0.000000 100.000000
vn 0.000000 0.000000 100.000000
vn 0.000000 0.000000 100.000000
vn 0.000000 0.000000 100.000000
vn 0.000000 0.000000 100.000000
vn 0.000000 0.000000 100.000000
vn 0.000000 0.000000 100.000000
vn 0.000000 0.000000 100.000000
vn 0.000000 0.000000 100.000000
vn 0.000000 0.000000 100.000000
vn 0.000000 0.000000 100.000000
vn 0.000000 0.000000 100.000000
vn 0.000000 0.000000 100.000000
vn 0.000000 0.000000 100.000000
vn 0.000000 0.000000 100.000000
vn 0.000000 0.000000 100.000000
vn 0.000000 0.000000 100.000000
vn 0.000000 0.000000 100.000000
vn 0.000000 0.000000 100.000000
vn 0.000000 0.000000 100.000000
vn 0.000000 0.000000 100.000000
vn 0.000000 0.000000 100.000000
vn 0.000000 0.000000 100.000000
vn 0.000000 0.000000 100.000000
vn 0.000000 0.000000 100.000000
vn 0.000000 0.000000 100.000000
vn 0.000000 0.000000 100.000000
vn 0.000000 0.000000 100.000000
vn 0.000000 0.000000 100.000000
vn 0.000000 0.000000 100.000000
vn 0.000000 0.000000 100.000000
vn 0.000000 0.000000 100.000000
vn 0.000000 0.000000 100.000000
vn 0.000000 0.000000 100.000000
vn 0.000000 0.000000 100.000000
vn 0.000000 0.000000 100.000000
vn 0.000000 0.000000 100.000000
vn 0.000000 0.000000 100.000000
vn 0.000000 0.000000 100.000000
vn 0.000000 0.000000 100.000000
vn 0.000000 0.000000 100.000000
vn 0.000000 0.000000 100.000000
vn 0.000000 0.000000 100.000000
vn 0.000000 0.000000 100.000000
vn 0.000000 0.000000 100.000000
vn 0.000000 0.000000 100.000000
vn 0.000000 0.000000 100.000000
vn 0.000000 0.000000 100.000000
vn 0.000000 0.000000 100.000000
vn 0.000000 0.000000 100.000000
vn 0.000000 0.000000 100.000000
vn 0.000000 0.000000 100.000000
vn 0.000000 0.000000 100.000000
vn 0.000000 0.000000 100.000000
vn 0.000000 0.000000 100.000000
vn 0.000000 0.000000 100.000000
vn 0.000000 0.000000 100.000000
vn 0.000000 0.000000 100.000000
vn 0.000000 0.000000 100.000000
vn 0.000000 0.000000 100.000000
vn 0.000000 0.000000 100.000000
vn 0.000000 0.000000 100.000000
vn 0.000000 0.000000 100.000000
vn 0.000000 0.000000 100.000000
vn 0.000000 0.000000 100.000000
vn 0.000000 0.000000 100.000000
vn 0.000000 0.000000 100.000000
vn 0.000000 0.000000 100.000000
vn 0.000000 0.000000 100.000000
vn 0.000000 0.000000 100.000000
vn 0.000000 0.000000 100.000000
vn 0.000000 0.000000 100.000000
vn 0.000000 0.000000 100.000000
vn 0.000000 0.000000 100.000000
vn 0.000000 0.000000 100.000000
vn 0.000000 0.000000 100.000000
vn 0.000000 0.000000 100.000000
vn 0.000000 0.000000 100.000000
vn 0.000000 0.000000 100.000000
vn 0.000000 0.000000 100.000000
vn 0.000000 0.000000 100.000000
vn 0.000000 0.000000 100.000000
vn 0.000000 0.000000 100.000000
vn 0.000000 0.000000 100.000000
vn 0.000000 0.000000 100.000000
vn 0.000000 0.000000 100.000000
vn 0.000000 0.000000 100.000000
vn 0.000000 0.000000 100.000000
vn 0.000000 0.000000 100.000000
vn 0.000000 0.000000 100.000000
vn 0.000000 0.000000 100.000000
vn 0.000000 0.000000 100.000000
vn 0.000000 0.000000 100.000000
vn 0.000000 0.000000 100.000000
vn 0.000000 0.000000 100.000000
vn 0.000000 0.000000 100.000000
vn 0.000000 0.000000 100.000000
vn 0.000000 0.000000 100.000000
vn 0.000000 0.000000 100.000000
vn 0.000000 0.000000 100.000000
vn 0.000000 0.000000 100.000000
vn 0.000000 0.000000 100.000000
vn 0.000000 0.000000 100.000000
vn 0.000000 0.000000 100.000000
vn 0.000000 0.000000 100.000000
vn 0.000000 0.000000 100.000000
vn 0.000000 0.000000 100.000000
vn 0.000000 0.000000 100.000000
vn 0.000000 0.000000 100.000000
vn 0.000000 0.000000 100.000000
vn 0.000000 0.000000 100.000000
vn 0.000000 0.000000 100.000000
vn 0.000000 0.000000 100.000000
vn 0.000000 0.000000 100.000000
vn 0.000000 0.000000 100.000000
vn 0.000000 0.000000 100.000000
vn 0.000000 0.000000 100.000000
vn 0.000000 0.000000 100.000000
vn 0.000000 0.000000 100.000000
vn 0.000000 0.000000 100.000000
vn 0.000000 0.000000 100.000000
vn 0.000000 0.000000 100.000000
vn 0.000000 0.000000 100.000000
vn 0.000000 0.000000 100.000000
vn 0.000000 0.000000 100.000000
vn 0.000000 0.000000 100.000000
vn 0.000000 0.000000 100.000000
vn 0.000000 0.000000 100.000000
vn 0.000000 0.000000 100.000000
vn 0.000000 0.000000 100.000000
vn 0.000000 0.000000 100.000000
vn 0.000000 0.000000 100.000000
vn 0.000000 0.000000 100.000000
vn 0.000000 0.000000 100.000000
vn 0.000000 0.000000 100.000000
vn 0.000000 0.000000 100.000000
vn 0.000000 0.000000 100.000000
vn 0.000000 0.000000 100.000000
vn 0.000000 0.000000 100.000000
vn 0.000000 0.000000 100.000000
vn 0.000000 0.000000 100.000000
vn 0.000000 0.000000 100.000000
vn 0.000000 0.000000 100.000000
vn 0.000000 0.000000 100.000000
vn 0.000000 0.000000 100.000000
vn 0.000000 0.000000 100.000000
vn 0.000000 0.000000 100.000000
vn 0.000000 0.000000 100.000000
vn 0.000000 0.000000 100.000000
vn 0.000000 0.000000 100.000000
vn 0.000000 0.000000 100.000000
vn 0.000000 0.000000 100.000000
vn 0.000000 0.000000 100.000000
vn 0.000000 0.000000 100.000000
vn 0.000000 0.000000 100.000000
vn 0.000000 0.000000 100.000000
vn 0.000000 0.000000 100.000000
vn 0.000000 0.000000 100.000000
vn 0.000000 0.000000 100.000000
vn 0.000000 0.000000 100.000000
vn 0.000000 0.000000 100.000000
vn 0.000000 0.000000 100.000000
vn 0.000000 0.000000 100.000000
vn 0.000000 0.000000 100.000000
vn 0.000000 0.000000 100.000000
vn 0.000000 0.000000 100.000000
vn 0.000000 0.000000 100.000000
vn 0.000000 0.000000 100.000000
vn 0.000000 0.000000 100.000000
vn 0.000000 0.000000 100.000000
vn 0.000000 0.000000 100.000000
vn 0.000000 0.000000 100.000000
vn 0.000000 0.000000 100.000000
vn 0.000000 0.000000 100.000000
vn 0.000000 0.000000 100.000000
vn 0.000000 0.000000 100.000000
vn 0.000000 0.000000 100.000000
vn 0.000000 0.000000 100.000000
vn 0.000000 0.000000 100.000000
vn 0.000000 0.000000 100.000000
vn 0.000000 0.000000 100.000000
vn 0.000000 0.000000 100.000000
vn 0.000000 0.000000 100.000000
vn 0.000000 0.000000 100.000000
vn 0.000000 0.000000 100.000000
vn 0.000000 0.000000 100.000000
vn 0.000000 0.000000 100.000000
vn 0.000000 0.000000 100.000000
vn 0.000000 0.000000 100.000000
vn 0.000000 0.000000 100.000000
vn 0.000000 0.000000 100.000000
vn 0.000000 0.000000 100.000000
vn 0.000000 0.000000 100.000000
vn 0.000000 0.000000 100.000000
vn 0.000000 0.000000 100.000000
vn 0.000000 0.000000 100.000000
vn 0.000000 0.000000 100.000000
vn -0.000000 0.000000 -100.000000
vn -0.000000 0.000000 -100.000000
vn -0.000000 0.000000 -100.000000
vn -0.000000 0.000000 -100.000000
vn -0.000000 0.000000 -100.000000
vn -0.000000 0.000000 -100.000000
vn -0.000000 0.000000 -100.000000
vn -0.000000 0.000000 -100.000000
vn -0.000000 0.000000 -100.000000
vn -0.000000 0.000000 -100.000000
vn -0.000000 0.000000 -100.000000
vn -0.000000 0.000000 -100.000000
vn -0.000000 0.000000 -100.000000
vn -0.000000 0.000000 -100.000000
vn -0.000000 0.000000 -100.000000
vn -0.000000 0.000000 -100.000000
vn -0.000000 0.000000 -100.000000
vn -0.000000 0.000000 -100.000000
vn -0.000000 0.000000 -100.000000
vn -0.000000 0.000000 -100.000000
vn -0.000000 0.000000 -100.000000
vn -0.000000 0.000000 -100.000000
vn -0.000000 0.000000 -100.000000
vn -0.000000 0.000000 -100.000000
vn -0.000000 0.000000 -100.000000
vn -0.000000 0.000000 -100.000000
vn -0.000000 0.000000 -100.000000
vn -0.000000 0.000000 -100.000000
vn -0.000000 0.000000 -100.000000
vn -0.000000 0.000000 -100.000000
vn -0.000000 0.000000 -100.000000
vn -0.000000 0.000000 -100.000000
vn -0.000000 0.000000 -100.000000
vn -0.000000 0.000000 -100.000000
vn -0.000000 0.000000 -100.000000
vn -0.000000 0.000000 -100.000000
vn -0.000000 0.000000 -100.000000
vn -0.000000 0.000000 -100.000000
vn -0.000000 0.000000 -100.000000
vn -0.000000 0.000000 -100.000000
vn -0.000000 0.000000 -100.000000
vn -0.000000 0.000000 -100.000000
vn -0.000000 0.000000 -100.000000
vn -0.000000 0.000000 -100.000000
vn -0.000000 0.000000 -100.000000
vn -0.000000 0.000000 -100.000000
vn -0.000000 0.000000 -100.000000
vn -0.000000 0.000000 -100.000000
vn -96.592583 25.881905 -0.000000
vn -96.592583 25.881905 -0.000000
vn -100.000000 0.000000 -0.000000
vn -100.000000 0.000000 -0.000000
vn -96.592583 -25.881905 0.000000
vn -96.592583 -25.881905 0.000000
vn -86.602540 -50.000000 0.000000
vn -86.602540 -50.000000 0.000000
vn -70.710678 -70.710678 0.000000
vn -70.710678 -70.710678 0.000000
vn -50.000000 -86.602540 0.000000
vn -50.000000 -86.602540 0.000000
vn -25.881905 -96.592583 0.000000
vn -25.881905 -96.592583 0.000000
vn 0.000000 -100.000000 0.000000
vn 0.000000 -100.000000 0.000000
vn 25.881905 -96.592583 0.000000
vn 25.881905 -96.592583 0.000000
vn 50.000000 -86.602540 0.000000
vn 50.000000 -86.602540 0.000000
vn 70.710678 -70.710678 0.000000
vn 70.710678 -70.710678 0.000000
vn 86.602540 -50.000000 0.000000
vn 86.602540 -50.000000 0.000000
vn 96.592583 -25.881905 0.000000
vn 96.592583 -25.881905 0.000000
vn 100.000000 0.000000 0.000000
vn 100.000000 0.000000 0.000000
vn 96.592583 25.881905 0.000000
vn 96.592583 25.881905 0.000000
vn 86.602540 50.000000 0.000000
vn 86.602540 50.000000 0.000000
vn 70.710678 70.710678 0.000000
vn 70.710678 70.710678 0.000000
vn 50.000000 86.602540 0.000000
vn 50.000000 86.602540 0.000000
vn 25.881905 96.592583 0.000000
vn 25.881905 96.592583 0.000000
vn 0.000000 100.000000 0.000000
vn 0.000000 100.000000 0.000000
vn -25.881905 96.592583 -0.000000
vn -25.881905 96.592583 -0.000000
vn -50.000000 86.602540 -0.000000
vn -50.000000 86.602540 -0.000000
vn -70.710678 70.710678 -0.000000
vn -70.710678 70.710678 -0.000000
vn -86.602540 50.000000 -0.000000
vn -86.602540 50.000000 -0.000000
vn 0.000000 0.000000 100.000000
vn 0.000000 0.000000 100.000000
vn 0.000000 0.000000 100.000000
vn 0.000000 0.000000 100.000000
vn 0.000000 0.000000 100.000000
vn 0.000000 0.000000 100.000000
vn 0.000000 0.000000 100.000000
vn 0.000000 0.000000 100.000000
vn 0.000000 0.000000 100.000000
vn 0.000000 0.000000 100.000000
vn 0.000000 0.000000 100.000000
vn 0.000000 0.000000 100.000000
vn 0.000000 0.000000 100.000000
vn 0.000000 0.000000 100.000000
vn 0.000000 0.000000 100.000000
vn 0.000000 0.000000 100.000000
vn 0.000000 0.000000 100.000000
vn 0.000000 0.000000 100.000000
vn 0.000000 0.000000 100.000000
vn 0.000000 0.000000 100.000000
vn 0.000000 0.000000 100.000000
vn 0.000000 0.000000 100.000000
vn 0.000000 0.000000 100.000000
vn 0.000000 0.000000 100.000000
vn -86.432375 -50.293584 0.000000
vn -80.149343 -59.800358 0.000000
vn -86.432375 -50.293584 0.000000
vn -87.301411 -48.769494 0.000000
vn -93.485591 -35.502736 0.000000
vn -94.287745 -33.313979 0.000000
vn -98.028560 -19.758579 0.000000
vn -98.561591 -16.900082 0.000000
vn -99.939295 -3.483871 0.000000
vn -100.000000 -0.000000 0.000000
vn -99.166489 12.884385 -0.000000
vn -98.561591 16.900082 -0.000000
vn -95.730895 28.906673 -0.000000
vn -94.287745 33.313979 -0.000000
vn -89.724763 44.152768 -0.000000
vn -87.301411 48.769494 -0.000000
vn -81.309368 58.213286 -0.000000
vn -77.803575 62.822000 -0.000000
vn -70.710678 70.710678 -0.000000
vn -66.067472 75.067231 -0.000000
vn -58.213286 81.309368 -0.000000
vn -52.430728 85.152914 -0.000000
vn -44.152768 89.724763 -0.000000
vn -37.285648 92.788903 -0.000000
vn -28.906673 95.730895 -0.000000
vn -21.067927 97.755524 -0.000000
vn -12.884385 99.166489 -0.000000
vn -4.244120 99.909897 -0.000000
vn 3.483871 99.939295 0.000000
vn 12.701782 99.190044 0.000000
vn 19.758579 98.028560 0.000000
vn 29.282277 95.616673 0.000000
vn 35.288843 93.566541 0.000000
vn 36.081510 93.263737 0.000000
vn 38.298189 92.375585 0.000000
vn 45.020374 89.292586 0.000000
vn 41.776731 90.855406 0.000000
vn 46.089104 88.745673 0.000000
vn 51.104173 85.955590 0.000000
vn 59.463318 80.399713 0.000000
vn 56.704604 82.368610 0.000000
vn 62.478812 78.079434 0.000000
vn 67.986906 73.333353 0.000000
vn 72.195609 69.193887 0.000000
vn 73.135888 68.199280 0.000000
vn 77.849964 62.764506 0.000000
vn 82.850965 55.997479 0.000000
vn 81.839058 57.466239 0.000000
vn 84.974244 52.719805 0.000000
vn 87.370799 48.645077 0.000000
vn 91.122849 41.190125 0.000000
vn 89.105427 45.389677 0.000000
vn 90.115484 43.349735 0.000000
vn 90.444286 42.659480 0.000000
vn 93.125431 36.436987 0.000000
vn 90.113863 43.353104 0.000000
vn 85.851213 51.279326 0.000000
vn 89.094805 45.410525 0.000000
vn 87.340008 48.700339 0.000000
vn 84.916365 52.812981 0.000000
vn 82.719777 56.191090 0.000000
vn 81.740064 57.606961 0.000000
vn 79.307661 60.912189 0.000000
vn 77.711990 62.935257 0.000000
vn 75.626445 65.426606 0.000000
vn 72.969043 68.377765 0.000000
vn 72.391495 68.988923 0.000000
vn 68.988923 72.391495 0.000000
vn -77.803575 -62.822000 0.000000
vn -76.210755 -64.745045 0.000000
vn -73.961226 -67.303321 0.000000
vn -72.713815 -68.649116 0.000000
vn -66.067472 -75.067231 0.000000
vn -71.341893 -70.073777 0.000000
vn -69.852824 -71.558249 0.000000
vn -68.442144 -72.908661 0.000000
vn -65.817311 -75.286663 0.000000
vn -60.846999 -79.357688 0.000000
vn -52.430728 -85.152914 0.000000
vn -51.279326 -85.851213 0.000000
vn -51.279326 -85.851213 0.000000
vn -37.285648 -92.788903 0.000000
vn -36.436987 -93.125431 0.000000
vn -21.067927 -97.755524 0.000000
vn -20.599156 -97.855377 0.000000
vn -4.244120 -99.909897 0.000000
vn -4.198537 -99.911823 0.000000
vn 12.316790 -99.238585 0.000000
vn 12.701782 -99.190044 0.000000
vn 28.495611 -95.854057 0.000000
vn 29.282277 -95.616673 0.000000
vn 43.895905 -89.850707 0.000000
vn 45.020374 -89.292586 0.000000
vn 58.096922 -81.392553 0.000000
vn 59.463318 -80.399713 0.000000
vn 70.710678 -70.710678 0.000000
vn 72.195609 -69.193887 0.000000
vn 81.392553 -58.096922 0.000000
vn 82.850965 -55.997479 0.000000
vn 89.850707 -43.895905 0.000000
vn 91.122849 -41.190125 0.000000
vn 95.854057 -28.495611 0.000000
vn 96.773295 -25.197806 0.000000
vn 99.238585 -12.316790 0.000000
vn 99.639749 -8.480592 0.000000
vn 99.911823 4.198537 0.000000
vn 99.639749 8.480592 0.000000
vn 97.855377 20.599156 0.000000
vn 96.773295 25.197806 0.000000
vn 67.808504 73.498346 0.000000
vn 65.426606 75.626445 0.000000
vn 62.277862 78.239810 0.000000
vn 60.609238 79.539426 0.000000
vn 56.483645 82.520288 0.000000
vn 55.558412 83.146033 0.000000
vn 50.868506 86.095267 0.000000
vn 50.293584 86.432375 0.000000
vn 45.850703 88.869078 0.000000
vn 35.502736 93.485591 0.000000
vn 41.535777 90.965814 0.000000
vn 38.098802 92.457997 0.000000
vn 35.970057 93.306779 0.000000
vn 0.000000 0.000000 100.000000
vn 0.000000 0.000000 100.000000
vn 0.000000 0.000000 100.000000
vn 0.000000 0.000000 100.000000
vn 0.000000 0.000000 100.000000
vn 0.000000 0.000000 100.000000
vn 0.000000 0.000000 100.000000
vn 0.000000 0.000000 100.000000
vn 0.000000 0.000000 100.000000
vn 0.000000 0.000000 100.000000
vn 0.000000 0.000000 100.000000
vn 0.000000 0.000000 100.000000
vn 0.000000 0.000000 100.000000
vn 0.000000 0.000000 100.000000
vn 0.000000 0.000000 100.000000
vn 0.000000 0.000000 100.000000
vn 0.000000 0.000000 100.000000
vn 0.000000 0.000000 100.000000
vn 0.000000 0.000000 100.000000
vn 0.000000 0.000000 100.000000
vn 0.000000 0.000000 100.000000
vn 0.000000 0.000000 100.000000
vn 0.000000 0.000000 100.000000
vn 0.000000 0.000000 100.000000
vn 0.000000 0.000000 100.000000
vn 0.000000 0.000000 100.000000
vn 0.000000 0.000000 100.000000
vn 0.000000 0.000000 100.000000
vn 0.000000 0.000000 100.000000
vn 0.000000 0.000000 100.000000
vn 0.000000 0.000000 100.000000
vn 0.000000 0.000000 100.000000
vn 0.000000 0.000000 100.000000
vn 0.000000 0.000000 100.000000
vn 0.000000 0.000000 100.000000
vn 0.000000 0.000000 100.000000
vn 0.000000 0.000000 100.000000
vn 0.000000 0.000000 100.000000
vn 0.000000 0.000000 100.000000
vn 0.000000 0.000000 100.000000
vn 0.000000 0.000000 100.000000
vn 0.000000 0.000000 100.000000
vn 0.000000 0.000000 100.000000
vn 0.000000 0.000000 100.000000
vn 0.000000 0.000000 100.000000
vn 0.000000 0.000000 100.000000
vn 0.000000 0.000000 100.000000
vn 0.000000 0.000000 100.000000
vn 0.000000 0.000000 100.000000
vn 0.000000 0.000000 100.000000
vn 0.000000 0.000000 100.000000
vn 0.000000 0.000000 100.000000
vn 0.000000 0.000000 100.000000
vn 0.000000 0.000000 100.000000
vn 0.000000 0.000000 100.000000
vn 0.000000 0.000000 100.000000
vn 0.000000 0.000000 100.000000
vn 0.000000 0.000000 100.000000
vn 0.000000 0.000000 100.000000
vn 0.000000 0.000000 100.000000
vn 0.000000 0.000000 100.000000
vn 0.000000 0.000000 100.000000
vn 0.000000 0.000000 100.000000
vn 0.000000 0.000000 100.000000
vn 0.000000 0.000000 100.000000
vn 0.000000 0.000000 100.000000
vn 0.000000 0.000000 100.000000
vn 0.000000 0.000000 100.000000
vn 0.000000 0.000000 100.000000
vn 0.000000 0.000000 100.000000
vn 0.000000 0.000000 100.000000
vn -70.710678 70.710678 0.000000
vn -70.710678 70.710678 0.000000
vn -70.710678 70.710678 0.000000
vn -70.710678 70.710678 0.000000
vn 0.000000 0.000000 100.000000
vn 0.000000 0.000000 100.000000
vn 0.000000 0.000000 100.000000
vn 0.000000 0.000000 100.000000
vn 66.951717 -66.951717 32.170408
vn 66.951717 -66.951717 32.170408
vn 63.786059 -63.786059 43.158747
vn 63.786059 -63.786059 43.158747
vn 59.722380 -59.722380 53.539469
vn 59.722380 -59.722380 53.539469
vn 54.817891 -54.817891 63.166428
vn 54.817891 -54.817891 63.166428
vn 49.141641 -49.141641 71.904090
vn 49.141641 -49.141641 71.904090
vn 42.773544 -42.773544 79.629441
vn 42.773544 -42.773544 79.629441
vn 35.803253 -35.803253 86.233718
vn 35.803253 -35.803253 86.233718
vn 28.328902 -28.328902 91.623941
vn 28.328902 -28.328902 91.623941
vn 0.000000 -0.000000 -100.000000
vn 0.000000 -0.000000 -100.000000
vn 0.000000 -0.000000 -100.000000
vn 0.000000 -0.000000 -100.000000
vn 0.000000 0.000000 -100.000000
vn 0.000000 0.000000 -100.000000
vn 0.000000 0.000000 -100.000000
vn 0.000000 0.000000 -100.000000
vn 70.710678 -70.710678 0.000000
vn 70.710678 -70.710678 0.000000
vn 70.710678 -70.710678 0.000000
vn 70.710678 -70.710678 0.000000
vn 70.710678 -70.710678 0.000000
vn 70.710678 -70.710678 0.000000
vn 0.000000 0.000000 -100.000000
vn 0.000000 0.000000 -100.000000
vn 0.000000 0.000000 -100.000000
vn 0.000000 0.000000 -100.000000
vn 0.000000 0.000000 -100.000000
vn 0.000000 0.000000 -100.000000
vn 0.000000 0.000000 -100.000000
vn 0.000000 0.000000 -100.000000
vn 0.000000 0.000000 -100.000000
vn 0.000000 0.000000 -100.000000
vn 0.000000 0.000000 -100.000000
vn 0.000000 0.000000 -100.000000
vn 0.000000 0.000000 -100.000000
vn 0.000000 0.000000 -100.000000
vn 0.000000 0.000000 -100.000000
vn 0.000000 0.000000 -100.000000
vn 0.000000 0.000000 -100.000000
vn 0.000000 0.000000 -100.000000
vn 0.000000 0.000000 -100.000000
vn 0.000000 0.000000 -100.000000
vn 0.000000 0.000000 -100.000000
vn 0.000000 0.000000 -100.000000
vn 0.000000 0.000000 -100.000000
vn 0.000000 0.000000 -100.000000
vn 0.000000 0.000000 -100.000000
vn 0.000000 0.000000 -100.000000
vn 0.000000 0.000000 -100.000000
vn 0.000000 0.000000 -100.000000
vn 0.000000 0.000000 -100.000000
vn 0.000000 0.000000 -100.000000
vn 0.000000 0.000000 -100.000000
vn 0.000000 0.000000 -100.000000
vn 0.000000 0.000000 -100.000000
vn 0.000000 0.000000 -100.000000
vn 0.000000 0.000000 -100.000000
vn 0.000000 0.000000 -100.000000
vn 0.000000 0.000000 -100.000000
vn 0.000000 0.000000 -100.000000
vn -96.592583 25.881905 -0.000000
vn -96.592583 25.881905 -0.000000
vn -100.000000 0.000000 -0.000000
vn -100.000000 0.000000 -0.000000
vn -96.592583 -25.881905 0.000000
vn -96.592583 -25.881905 0.000000
vn -86.602540 -50.000000 0.000000
vn -86.602540 -50.000000 0.000000
vn -70.710678 -70.710678 0.000000
vn -70.710678 -70.710678 0.000000
vn -50.000000 -86.602540 0.000000
vn -50.000000 -86.602540 0.000000
vn -25.881905 -96.592583 0.000000
vn -25.881905 -96.592583 0.000000
vn 0.000000 -100.000000 0.000000
vn 0.000000 -100.000000 0.000000
vn 25.881905 -96.592583 0.000000
vn 25.881905 -96.592583 0.000000
vn 50.000000 -86.602540 0.000000
vn 50.000000 -86.602540 0.000000
vn 70.710678 -70.710678 0.000000
vn 70.710678 -70.710678 0.000000
vn 86.602540 -50.000000 0.000000
vn 86.602540 -50.000000 0.000000
vn 96.592583 -25.881905 0.000000
vn 96.592583 -25.881905 0.000000
vn 100.000000 0.000000 0.000000
vn 100.000000 0.000000 0.000000
vn 96.592583 25.881905 0.000000
vn 96.592583 25.881905 0.000000
vn 86.602540 50.000000 0.000000
vn 86.602540 50.000000 0.000000
vn 70.710678 70.710678 0.000000
vn 70.710678 70.710678 0.000000
vn 50.000000 86.602540 0.000000
vn 50.000000 86.602540 0.000000
vn 25.881905 96.592583 0.000000
vn 25.881905 96.592583 0.000000
vn 0.000000 100.000000 0.000000
vn 0.000000 100.000000 0.000000
vn -25.881905 96.592583 -0.000000
vn -25.881905 96.592583 -0.000000
vn -50.000000 86.602540 -0.000000
vn -50.000000 86.602540 -0.000000
vn -70.710678 70.710678 -0.000000
vn -70.710678 70.710678 -0.000000
vn -86.602540 50.000000 -0.000000
vn -86.602540 50.000000 -0.000000
vn 0.000000 0.000000 100.000000
vn 0.000000 0.000000 100.000000
vn 0.000000 0.000000 100.000000
vn 0.000000 0.000000 100.000000
vn 0.000000 0.000000 100.000000
vn 0.000000 0.000000 100.000000
vn 0.000000 0.000000 100.000000
vn 0.000000 0.000000 100.000000
vn 0.000000 0.000000 100.000000
vn 0.000000 0.000000 100.000000
vn 0.000000 0.000000 100.000000
vn 0.000000 0.000000 100.000000
vn 0.000000 0.000000 100.000000
vn 0.000000 0.000000 100.000000
vn 0.000000 0.000000 100.000000
vn 0.000000 0.000000 100.000000
vn 0.000000 0.000000 100.000000
vn 0.000000 0.000000 100.000000
vn 0.000000 0.000000 100.000000
vn 0.000000 0.000000 100.000000
vn 0.000000 0.000000 100.000000
vn 0.000000 0.000000 100.000000
vn 0.000000 0.000000 100.000000
vn 0.000000 0.000000 100.000000
vn -51.279326 85.851213 -0.000000
vn -52.430728 85.152914 -0.000000
vn -51.279326 85.851213 -0.000000
vn -37.285648 92.788903 -0.000000
vn -36.436987 93.125431 -0.000000
vn -21.067927 97.755524 -0.000000
vn -20.599156 97.855377 -0.000000
vn -4.244120 99.909897 -0.000000
vn -4.198537 99.911823 -0.000000
vn 12.316790 99.238585 0.000000
vn 12.701782 99.190044 0.000000
vn 28.495611 95.854057 0.000000
vn 29.282277 95.616673 0.000000
vn 43.895905 89.850707 0.000000
vn 45.020374 89.292586 0.000000
vn 58.096922 81.392553 0.000000
vn 59.463318 80.399713 0.000000
vn 70.710678 70.710678 0.000000
vn 72.195609 69.193887 0.000000
vn 81.392553 58.096922 0.000000
vn 82.850965 55.997479 0.000000
vn 89.850707 43.895905 0.000000
vn 91.122849 41.190125 0.000000
vn 95.854057 28.495611 0.000000
vn 96.773295 25.197806 0.000000
vn 99.238585 12.316790 0.000000
vn 99.639749 8.480592 0.000000
vn 99.911823 -4.198537 0.000000
vn 99.639749 -8.480592 0.000000
vn 97.855377 -20.599156 0.000000
vn 96.773295 -25.197806 0.000000
vn 93.125431 -36.436987 0.000000
vn 91.122849 -41.190125 0.000000
vn 90.444286 -42.659480 0.000000
vn 90.115484 -43.349735 0.000000
vn 89.105427 -45.389677 0.000000
vn 87.370799 -48.645077 0.000000
vn 82.850965 -55.997479 0.000000
vn 84.974244 -52.719805 0.000000
vn 81.839058 -57.466239 0.000000
vn 77.849964 -62.764506 0.000000
vn 72.195609 -69.193887 0.000000
vn 73.135888 -68.199280 0.000000
vn 67.986906 -73.333353 0.000000
vn 59.463318 -80.399713 0.000000
vn 62.478812 -78.079434 0.000000
vn 56.704604 -82.368610 0.000000
vn 51.104173 -85.955590 0.000000
vn 45.020374 -89.292586 0.000000
vn 46.089104 -88.745673 0.000000
vn 41.776731 -90.855406 0.000000
vn 38.298189 -92.375585 0.000000
vn 29.282277 -95.616673 0.000000
vn 36.081510 -93.263737 0.000000
vn 35.288843 -93.566541 0.000000
vn 35.502736 -93.485591 0.000000
vn 35.970057 -93.306779 0.000000
vn 38.098802 -92.457997 0.000000
vn 41.535777 -90.965814 0.000000
vn 50.293584 -86.432375 0.000000
vn 45.850703 -88.869078 0.000000
vn 50.868506 -86.095267 0.000000
vn 55.558412 -83.146033 0.000000
vn 56.483645 -82.520288 0.000000
vn 60.609238 -79.539426 0.000000
vn 62.277862 -78.239810 0.000000
vn 65.426606 -75.626445 0.000000
vn 67.808504 -73.498346 0.000000
vn 68.988923 -72.391495 0.000000
vn 72.969043 -68.377765 0.000000
vn 72.391495 -68.988923 0.000000
vn 75.626445 -65.426606 0.000000
vn -60.846999 79.357688 -0.000000
vn -66.067472 75.067231 -0.000000
vn -65.817311 75.286663 -0.000000
vn -68.442144 72.908661 -0.000000
vn -69.852824 71.558249 -0.000000
vn -71.341893 70.073777 -0.000000
vn -72.713815 68.649116 -0.000000
vn -77.803575 62.822000 -0.000000
vn -73.961226 67.303321 -0.000000
vn -76.210755 64.745045 -0.000000
vn -80.149343 59.800358 -0.000000
vn -87.301411 48.769494 -0.000000
vn -86.432375 50.293584 -0.000000
vn -93.485591 35.502736 -0.000000
vn -86.432375 50.293584 -0.000000
vn -94.287745 33.313979 -0.000000
vn -98.028560 19.758579 -0.000000
vn -98.561591 16.900082 -0.000000
vn -99.939295 3.483871 -0.000000
vn -100.000000 0.000000 -0.000000
vn -99.166489 -12.884385 0.000000
vn -98.561591 -16.900082 0.000000
vn -95.730895 -28.906673 0.000000
vn -94.287745 -33.313979 0.000000
vn -89.724763 -44.152768 0.000000
vn -87.301411 -48.769494 0.000000
vn -81.309368 -58.213286 0.000000
vn -77.803575 -62.822000 0.000000
vn -70.710678 -70.710678 0.000000
vn -66.067472 -75.067231 0.000000
vn -58.213286 -81.309368 0.000000
vn -52.430728 -85.152914 0.000000
vn -44.152768 -89.724763 0.000000
vn -37.285648 -92.788903 0.000000
vn -28.906673 -95.730895 0.000000
vn -21.067927 -97.755524 0.000000
vn -12.884385 -99.166489 0.000000
vn -4.244120 -99.909897 0.000000
vn 3.483871 -99.939295 0.000000
vn 12.701782 -99.190044 0.000000
vn 19.758579 -98.028560 0.000000
vn 77.711990 -62.935257 0.000000
vn 79.307661 -60.912189 0.000000
vn 81.740064 -57.606961 0.000000
vn 82.719777 -56.191090 0.000000
vn 84.916365 -52.812981 0.000000
vn 85.851213 -51.279326 0.000000
vn 87.340008 -48.700339 0.000000
vn 89.094805 -45.410525 0.000000
vn 90.113863 -43.353104 0.000000
vn 0.000000 0.000000 100.000000
vn 0.000000 0.000000 100.000000
vn 0.000000 0.000000 100.000000
vn 0.000000 0.000000 100.000000
vn 0.000000 0.000000 100.000000
vn 0.000000 0.000000 100.000000
vn 0.000000 0.000000 100.000000
vn 0.000000 0.000000 100.000000
vn 0.000000 0.000000 100.000000
vn 0.000000 0.000000 100.000000
vn 0.000000 0.000000 100.000000
vn 0.000000 0.000000 100.000000
vn 0.000000 0.000000 100.000000
vn 0.000000 0.000000 100.000000
vn 0.000000 0.000000 100.000000
vn 0.000000 0.000000 100.000000
vn 0.000000 0.000000 100.000000
vn 0.000000 0.000000 100.000000
vn 0.000000 0.000000 100.000000
vn 0.000000 0.000000 100.000000
vn 0.000000 0.000000 100.000000
vn 0.000000 0.000000 100.000000
vn 0.000000 0.000000 100.000000
vn 0.000000 0.000000 100.000000
vn 0.000000 0.000000 100.000000
vn 0.000000 0.000000 100.000000
vn 0.000000 0.000000 100.000000
vn 0.000000 0.000000 100.000000
vn 0.000000 0.000000 100.000000
vn 0.000000 0.000000 100.000000
vn 0.000000 0.000000 100.000000
vn 0.000000 0.000000 100.000000
vn 0.000000 0.000000 100.000000
vn 0.000000 0.000000 100.000000
vn 0.000000 0.000000 100.000000
vn 0.000000 0.000000 100.000000
vn 0.000000 0.000000 100.000000
vn 0.000000 0.000000 100.000000
vn 0.000000 0.000000 100.000000
vn 0.000000 0.000000 100.000000
vn 0.000000 0.000000 100.000000
vn 0.000000 0.000000 100.000000
vn 0.000000 0.000000 100.000000
vn 0.000000 0.000000 100.000000
vn 0.000000 0.000000 100.000000
vn 0.000000 0.000000 100.000000
vn 0.000000 0.000000 100.000000
vn 0.000000 0.000000 100.000000
vn 0.000000 0.000000 100.000000
vn 0.000000 0.000000 100.000000
vn 0.000000 0.000000 100.000000
vn 0.000000 0.000000 100.000000
vn 0.000000 0.000000 100.000000
vn 0.000000 0.000000 100.000000
vn 0.000000 0.000000 100.000000
vn 0.000000 0.000000 100.000000
vn 0.000000 0.000000 100.000000
vn 0.000000 0.000000 100.000000
vn 0.000000 0.000000 100.000000
vn 0.000000 0.000000 100.000000
vn 0.000000 0.000000 100.000000
usemtl Steel_-_Satin
f 28/1/1 1/2/2 27/3/3
f 27/3/3 1/2/2 2/4/4
f 27/3/3 2/4/4 26/5/5
f 26/5/5 2/4/4 3/6/6
f 26/5/5 3/6/6 25/7/7
f 25/7/7 3/6/6 4/8/8
f 25/7/7 4/8/8 24/9/9
f 24/9/9 4/8/8 5/10/10
f 24/9/9 5/10/10 23/11/11
f 23/11/11 5/10/10 6/12/12
f 23/11/11 6/12/12 22/13/13
f 22/13/13 6/12/12 7/14/14
f 22/13/13 7/14/14 21/15/15
f 21/15/15 7/14/14 8/16/16
f 21/15/15 8/16/16 20/17/17
f 20/17/17 8/16/16 9/18/18
f 20/17/17 9/18/18 19/19/19
f 19/19/19 9/18/18 10/20/20
f 19/19/19 10/20/20 18/21/21
f 18/21/21 10/20/20 11/22/22
f 18/21/21 11/22/22 17/23/23
f 17/23/23 11/22/22 12/24/24
f 17/23/23 12/24/24 16/25/25
f 16/25/25 12/24/24 13/26/26
f 16/25/25 13/26/26 15/27/27
f 15/27/27 13/26/26 14/28/28
f 14/29/29 29/30/30 15/31/31
f 15/31/31 29/30/30 30/32/32
f 30/33/33 29/34/34 54/35/35
f 54/35/35 29/34/34 31/36/36
f 54/35/35 31/36/36 53/37/37
f 53/37/37 31/36/36 32/38/38
f 53/37/37 32/38/38 52/39/39
f 52/39/39 32/38/38 33/40/40
f 52/39/39 33/40/40 51/41/41
f 51/41/41 33/40/40 34/42/42
f 51/41/41 34/42/42 50/43/43
f 50/43/43 34/42/42 35/44/44
f 50/43/43 35/44/44 49/45/45
f 49/45/45 35/44/44 36/46/46
f 49/45/45 36/46/46 48/47/47
f 48/47/47 36/46/46 37/48/48
f 48/47/47 37/48/48 47/49/49
f 47/49/49 37/48/48 38/50/50
f 47/49/49 38/50/50 46/51/51
f 46/51/51 38/50/50 39/52/52
f 46/51/51 39/52/52 45/53/53
f 45/53/53 39/52/52 40/54/54
f 45/53/53 40/54/54 44/55/55
f 44/55/55 40/54/54 41/56/56
f 44/55/55 41/56/56 43/57/57
f 43/57/57 41/56/56 42/58/58
f 42/59/59 1/60/60 43/61/61
f 43/61/61 1/60/60 28/62/62
f 43/63/63 28/64/64 44/65/65
f 44/65/65 28/64/64 45/66/66
f 45/66/66 28/64/64 27/67/67
f 45/66/66 27/67/67 46/68/68
f 46/68/68 27/67/67 26/69/69
f 46/68/68 26/69/69 47/70/70
f 47/70/70 26/69/69 25/71/71
f 47/70/70 25/71/71 48/72/72
f 48/72/72 25/71/71 24/73/73
f 48/72/72 24/73/73 49/74/74
f 49/74/74 24/73/73 23/75/75
f 49/74/74 23/75/75 22/76/76
f 22/76/76 21/77/77 49/74/74
f 49/74/74 21/77/77 20/78/78
f 49/74/74 20/78/78 19/79/79
f 49/74/74 19/79/79 50/80/80
f 50/80/80 19/79/79 18/81/81
f 50/80/80 18/81/81 51/82/82
f 51/82/82 18/81/81 17/83/83
f 51/82/82 17/83/83 52/84/84
f 52/84/84 17/83/83 16/85/85
f 52/84/84 16/85/85 53/86/86
f 53/86/86 16/85/85 15/87/87
f 53/86/86 15/87/87 54/88/88
f 54/88/88 15/87/87 30/89/89
f 86/90/90 55/91/91 85/92/92
f 85/92/92 55/91/91 56/93/93
f 85/92/92 56/93/93 84/94/94
f 84/94/94 56/93/93 57/95/95
f 84/94/94 57/95/95 83/96/96
f 83/96/96 57/95/95 58/97/97
f 83/96/96 58/97/97 82/98/98
f 82/98/98 58/97/97 59/99/99
f 82/98/98 59/99/99 81/100/100
f 81/100/100 59/99/99 60/101/101
f 81/100/100 60/101/101 80/102/102
f 80/102/102 60/101/101 61/103/103
f 80/102/102 61/103/103 79/104/104
f 79/104/104 61/103/103 62/105/105
f 79/104/104 62/105/105 78/106/106
f 78/106/106 62/105/105 63/107/107
f 78/106/106 63/107/107 77/108/108
f 77/108/108 63/107/107 64/109/109
f 77/108/108 64/109/109 76/110/110
f 76/110/110 64/109/109 65/111/111
f 76/110/110 65/111/111 75/112/112
f 75/112/112 65/111/111 66/113/113
f 75/112/112 66/113/113 74/114/114
f 74/114/114 66/113/113 67/115/115
f 74/114/114 67/115/115 73/116/116
f 73/116/116 67/115/115 68/117/117
f 73/116/116 68/117/117 72/118/118
f 72/118/118 68/117/117 69/119/119
f 72/118/118 69/119/119 71/120/120
f 71/120/120 69/119/119 70/121/121
f 70/122/122 87/123/123 71/124/124
f 71/124/124 87/123/123 88/125/125
f 88/126/126 87/127/127 116/128/128
f 116/128/128 87/127/127 89/129/129
f 116/128/128 89/129/129 115/130/130
f 115/130/130 89/129/129 90/131/131
f 115/130/130 90/131/131 114/132/132
f 114/132/132 90/131/131 91/133/133
f 114/132/132 91/133/133 113/134/134
f 113/134/134 91/133/133 92/135/135
f 113/134/134 92/135/135 112/136/136
f 112/136/136 92/135/135 93/137/137
f 112/136/136 93/137/137 111/138/138
f 111/138/138 93/137/137 94/139/139
f 111/138/138 94/139/139 110/140/140
f 110/140/140 94/139/139 95/141/141
f 110/140/140 95/141/141 109/142/142
f 109/142/142 95/141/141 96/143/143
f 109/142/142 96/143/143 108/144/144
f 108/144/144 96/143/143 97/145/145
f 108/144/144 97/145/145 107/146/146
f 107/146/146 97/145/145 98/147/147
f 107/146/146 98/147/147 106/148/148
f 106/148/148 98/147/147 99/149/149
f 106/148/148 99/149/149 105/150/150
f 105/150/150 99/149/149 100/151/151
f 105/150/150 100/151/151 104/152/152
f 104/152/152 100/151/151 101/153/153
f 104/152/152 101/153/153 103/154/154
f 103/154/154 101/153/153 102/155/155
f 102/156/156 55/157/157 103/158/158
f 103/158/158 55/157/157 86/159/159
f 103/160/160 86/161/161 104/162/162
f 104/162/162 86/161/161 85/163/163
f 104/162/162 85/163/163 105/164/164
f 105/164/164 85/163/163 106/165/165
f 106/165/165 85/163/163 84/166/166
f 106/165/165 84/166/166 107/167/167
f 107/167/167 84/166/166 83/168/168
f 107/167/167 83/168/168 108/169/169
f 108/169/169 83/168/168 82/170/170
f 108/169/169 82/170/170 109/171/171
f 109/171/171 82/170/170 81/172/172
f 109/171/171 81/172/172 80/173/173
f 109/171/171 80/173/173 110/174/174
f 110/174/174 80/173/173 79/175/175
f 110/174/174 79/175/175 78/176/176
f 78/176/176 77/177/177 110/174/174
f 110/174/174 77/177/177 111/178/178
f 111/178/178 77/177/177 76/179/179
f 111/178/178 76/179/179 75/180/180
f 111/178/178 75/180/180 112/181/181
f 112/181/181 75/180/180 74/182/182
f 112/181/181 74/182/182 113/183/183
f 113/183/183 74/182/182 73/184/184
f 113/183/183 73/184/184 114/185/185
f 114/185/185 73/184/184 72/186/186
f 114/185/185 72/186/186 115/187/187
f 115/187/187 72/186/186 116/188/188
f 116/188/188 72/186/186 71/189/189
f 116/188/188 71/189/189 88/190/190
f 138/191/191 117/192/192 137/193/193
f 137/193/193 117/192/192 118/194/194
f 137/193/193 118/194/194 136/195/195
f 136/195/195 118/194/194 119/196/196
f 136/195/195 119/196/196 135/197/197
f 135/197/197 119/196/196 120/198/198
f 135/197/197 120/198/198 134/199/199
f 134/199/199 120/198/198 121/200/200
f 134/199/199 121/200/200 133/201/201
f 133/201/201 121/200/200 122/202/202
f 133/201/201 122/202/202 132/203/203
f 132/203/203 122/202/202 123/204/204
f 132/203/203 123/204/204 131/205/205
f 131/205/205 123/204/204 124/206/206
f 131/205/205 124/206/206 130/207/207
f 130/207/207 124/206/206 125/208/208
f 130/207/207 125/208/208 129/209/209
f 129/209/209 125/208/208 126/210/210
f 129/209/209 126/210/210 128/211/211
f 128/211/211 126/210/210 127/212/212
f 127/213/213 139/214/214 128/215/215
f 128/215/215 139/214/214 140/216/216
f 140/217/217 139/218/218 158/219/219
f 158/219/219 139/218/218 141/220/220
f 158/219/219 141/220/220 157/221/221
f 157/221/221 141/220/220 142/222/222
f 157/221/221 142/222/222 156/223/223
f 156/223/223 142/222/222 143/224/224
f 156/223/223 143/224/224 155/225/225
f 155/225/225 143/224/224 144/226/226
f 155/225/225 144/226/226 154/227/227
f 154/227/227 144/226/226 145/228/228
f 154/227/227 145/228/228 153/229/229
f 153/229/229 145/228/228 146/230/230
f 153/229/229 146/230/230 152/231/231
f 152/231/231 146/230/230 147/232/232
f 152/231/231 147/232/232 151/233/233
f 151/233/233 147/232/232 148/234/234
f 151/233/233 148/234/234 150/235/235
f 150/235/235 148/234/234 149/236/236
f 149/237/237 117/238/238 150/239/239
f 150/239/239 117/238/238 138/240/240
f 150/241/241 138/242/242 151/243/243
f 151/243/243 138/242/242 152/244/244
f 152/244/244 138/242/242 137/245/245
f 152/244/244 137/245/245 153/246/246
f 153/246/246 137/245/245 136/247/247
f 153/246/246 136/247/247 154/248/248
f 154/248/248 136/247/247 135/249/249
f 154/248/248 135/249/249 134/250/250
f 154/248/248 134/250/250 155/251/251
f 155/251/251 134/250/250 133/252/252
f 155/251/251 133/252/252 132/253/253
f 132/253/253 131/254/254 155/251/251
f 155/251/251 131/254/254 130/255/255
f 155/251/251 130/255/255 156/256/256
f 156/256/256 130/255/255 129/257/257
f 156/256/256 129/257/257 157/258/258
f 157/258/258 129/257/257 128/259/259
f 157/258/258 128/259/259 158/260/260
f 158/260/260 128/259/259 140/261/261
f 192/262/262 159/263/263 191/264/264
f 191/264/264 159/263/263 160/265/265
f 191/264/264 160/265/265 190/266/266
f 190/266/266 160/265/265 161/267/267
f 190/266/266 161/267/267 189/268/268
f 189/268/268 161/267/267 162/269/269
f 189/268/268 162/269/269 188/270/270
f 188/270/270 162/269/269 163/271/271
f 188/270/270 163/271/271 187/272/272
f 187/272/272 163/271/271 164/273/273
f 187/272/272 164/273/273 186/274/274
f 186/274/274 164/273/273 165/275/275
f 186/274/274 165/275/275 185/276/276
f 185/276/276 165/275/275 166/277/277
f 185/276/276 166/277/277 184/278/278
f 184/278/278 166/277/277 167/279/279
f 184/278/278 167/279/279 183/280/280
f 183/280/280 167/279/279 168/281/281
f 183/280/280 168/281/281 182/282/282
f 182/282/282 168/281/281 169/283/283
f 182/282/282 169/283/283 181/284/284
f 181/284/284 169/283/283 170/285/285
f 181/284/284 170/285/285 180/286/286
f 180/286/286 170/285/285 171/287/287
f 180/286/286 171/287/287 179/288/288
f 179/288/288 171/287/287 172/289/289
f 179/288/288 172/289/289 178/290/290
f 178/290/290 172/289/289 173/291/291
f 178/290/290 173/291/291 177/292/292
f 177/292/292 173/291/291 174/293/293
f 177/292/292 174/293/293 176/294/294
f 176/294/294 174/293/293 175/295/295
f 175/296/296 193/297/297 176/298/298
f 176/298/298 193/297/297 194/299/299
f 194/300/300 193/301/301 224/302/302
f 224/302/302 193/301/301 195/303/303
f 224/302/302 195/303/303 223/304/304
f 223/304/304 195/303/303 196/305/305
f 223/304/304 196/305/305 222/306/306
f 222/306/306 196/305/305 197/307/307
f 222/306/306 197/307/307 221/308/308
f 221/308/308 197/307/307 198/309/309
f 221/308/308 198/309/309 220/310/310
f 220/310/310 198/309/309 199/311/311
f 220/310/310 199/311/311 219/312/312
f 219/312/312 199/311/311 200/313/313
f 219/312/312 200/313/313 218/314/314
f 218/314/314 200/313/313 201/315/315
f 218/314/314 201/315/315 217/316/316
f 217/316/316 201/315/315 202/317/317
f 217/316/316 202/317/317 216/318/318
f 216/318/318 202/317/317 203/319/319
f 216/318/318 203/319/319 215/320/320
f 215/320/320 203/319/319 204/321/321
f 215/320/320 204/321/321 214/322/322
f 214/322/322 204/321/321 205/323/323
f 214/322/322 205/323/323 213/324/324
f 213/324/324 205/323/323 206/325/325
f 213/324/324 206/325/325 212/326/326
f 212/326/326 206/325/325 207/327/327
f 212/326/326 207/327/327 211/328/328
f 211/328/328 207/327/327 208/329/329
f 211/328/328 208/329/329 210/330/330
f 210/330/330 208/329/329 209/331/331
f 209/332/332 159/333/333 210/334/334
f 210/334/334 159/333/333 192/335/335
f 210/336/336 192/337/337 211/338/338
f 211/338/338 192/337/337 191/339/339
f 211/338/338 191/339/339 212/340/340
f 212/340/340 191/339/339 190/341/341
f 212/340/340 190/341/341 213/342/342
f 213/342/342 190/341/341 189/343/343
f 213/342/342 189/343/343 214/344/344
f 214/344/344 189/343/343 215/345/345
f 215/345/345 189/343/343 188/346/346
f 215/345/345 188/346/346 216/347/347
f 216/347/347 188/346/346 187/348/348
f 216/347/347 187/348/348 217/349/349
f 217/349/349 187/348/348 186/350/350
f 217/349/349 186/350/350 185/351/351
f 185/351/351 184/352/352 217/349/349
f 217/349/349 184/352/352 218/353/353
f 218/353/353 184/352/352 183/354/354
f 218/353/353 183/354/354 182/355/355
f 182/355/355 181/356/356 218/353/353
f 218/353/353 181/356/356 219/357/357
f 219/357/357 181/356/356 180/358/358
f 219/357/357 180/358/358 220/359/359
f 220/359/359 180/358/358 179/360/360
f 220/359/359 179/360/360 221/361/361
f 221/361/361 179/360/360 222/362/362
f 222/362/362 179/360/360 178/363/363
f 222/362/362 178/363/363 223/364/364
f 223/364/364 178/363/363 177/365/365
f 223/364/364 177/365/365 224/366/366
f 224/366/366 177/365/365 176/367/367
f 224/366/366 176/367/367 194/368/368
f 256/369/369 225/370/370 255/371/371
f 255/371/371 225/370/370 226/372/372
f 255/371/371 226/372/372 254/373/373
f 254/373/373 226/372/372 227/374/374
f 254/373/373 227/374/374 253/375/375
f 253/375/375 227/374/374 228/376/376
f 253/375/375 228/376/376 252/377/377
f 252/377/377 228/376/376 229/378/378
f 252/377/377 229/378/378 251/379/379
f 251/379/379 229/378/378 230/380/380
f 251/379/379 230/380/380 250/381/381
f 250/381/381 230/380/380 231/382/382
f 250/381/381 231/382/382 249/383/383
f 249/383/383 231/382/382 232/384/384
f 249/383/383 232/384/384 248/385/385
f 248/385/385 232/384/384 233/386/386
f 248/385/385 233/386/386 247/387/387
f 247/387/387 233/386/386 234/388/388
f 247/387/387 234/388/388 246/389/389
f 246/389/389 234/388/388 235/390/390
f 246/389/389 235/390/390 245/391/391
f 245/391/391 235/390/390 236/392/392
f 245/391/391 236/392/392 244/393/393
f 244/393/393 236/392/392 237/394/394
f 244/393/393 237/394/394 243/395/395
f 243/395/395 237/394/394 238/396/396
f 243/395/395 238/396/396 242/397/397
f 242/397/397 238/396/396 239/398/398
f 242/397/397 239/398/398 241/399/399
f 241/399/399 239/398/398 240/400/400
f 240/401/401 257/402/402 241/403/403
f 241/403/403 257/402/402 258/404/404
f 258/405/405 257/406/406 286/407/407
f 286/407/407 257/406/406 259/408/408
f 286/407/407 259/408/408 285/409/409
f 285/409/409 259/408/408 260/410/410
f 285/409/409 260/410/410 284/411/411
f 284/411/411 260/410/410 261/412/412
f 284/411/411 261/412/412 283/413/413
f 283/413/413 261/412/412 262/414/414
f 283/413/413 262/414/414 282/415/415
f 282/415/415 262/414/414 263/416/416
f 282/415/415 263/416/416 281/417/417
f 281/417/417 263/416/416 264/418/418
f 281/417/417 264/418/418 280/419/419
f 280/419/419 264/418/418 265/420/420
f 280/419/419 265/420/420 279/421/421
f 279/421/421 265/420/420 266/422/422
f 279/421/421 266/422/422 278/423/423
f 278/423/423 266/422/422 267/424/424
f 278/423/423 267/424/424 277/425/425
f 277/425/425 267/424/424 268/426/426
f 277/425/425 268/426/426 276/427/427
f 276/427/427 268/426/426 269/428/428
f 276/427/427 269/428/428 275/429/429
f 275/429/429 269/428/428 270/430/430
f 275/429/429 270/430/430 274/431/431
f 274/431/431 270/430/430 271/432/432
f 274/431/431 271/432/432 273/433/433
f 273/433/433 271/432/432 272/434/434
f 272/435/435 225/436/436 273/437/437
f 273/437/437 225/436/436 256/438/438
f 273/439/439 256/440/440 274/441/441
f 274/441/441 256/440/440 255/442/442
f 274/441/441 255/442/442 275/443/443
f 275/443/443 255/442/442 276/444/444
f 276/444/444 255/442/442 254/445/445
f 276/444/444 254/445/445 277/446/446
f 277/446/446 254/445/445 253/447/447
f 277/446/446 253/447/447 278/448/448
f 278/448/448 253/447/447 252/449/449
f 278/448/448 252/449/449 279/450/450
f 279/450/450 252/449/449 251/451/451
f 279/450/450 251/451/451 250/452/452
f 279/450/450 250/452/452 280/453/453
f 280/453/453 250/452/452 249/454/454
f 280/453/453 249/454/454 248/455/455
f 248/455/455 247/456/456 280/453/453
f 280/453/453 247/456/456 281/457/457
f 281/457/457 247/456/456 246/458/458
f 281/457/457 246/458/458 245/459/459
f 281/457/457 245/459/459 282/460/460
f 282/460/460 245/459/459 244/461/461
f 282/460/460 244/461/461 283/462/462
f 283/462/462 244/461/461 243/463/463
f 283/462/462 243/463/463 284/464/464
f 284/464/464 243/463/463 242/465/465
f 284/464/464 242/465/465 285/466/466
f 285/466/466 242/465/465 286/467/467
f 286/467/467 242/465/465 241/468/468
f 286/467/467 241/468/468 258/469/469
f 308/470/470 287/471/471 307/472/472
f 307/472/472 287/471/471 288/473/473
f 307/472/472 288/473/473 306/474/474
f 306/474/474 288/473/473 289/475/475
f 306/474/474 289/475/475 305/476/476
f 305/476/476 289/475/475 290/477/477
f 305/476/476 290/477/477 304/478/478
f 304/478/478 290/477/477 291/479/479
f 304/478/478 291/479/479 303/480/480
f 303/480/480 291/479/479 292/481/481
f 303/480/480 292/481/481 302/482/482
f 302/482/482 292/481/481 293/483/483
f 302/482/482 293/483/483 301/484/484
f 301/484/484 293/483/483 294/485/485
f 301/484/484 294/485/485 300/486/486
f 300/486/486 294/485/485 295/487/487
f 300/486/486 295/487/487 299/488/488
f 299/488/488 295/487/487 296/489/489
f 299/488/488 296/489/489 298/490/490
f 298/490/490 296/489/489 297/491/491
f 297/492/492 309/493/493 298/494/494
f 298/494/494 309/493/493 310/495/495
f 310/496/496 309/497/497 328/498/498
f 328/498/498 309/497/497 311/499/499
f 328/498/498 311/499/499 327/500/500
f 327/500/500 311/499/499 312/501/501
f 327/500/500 312/501/501 326/502/502
f 326/502/502 312/501/501 313/503/503
f 326/502/502 313/503/503 325/504/504
f 325/504/504 313/503/503 314/505/505
f 325/504/504 314/505/505 324/506/506
f 324/506/506 314/505/505 315/507/507
f 324/506/506 315/507/507 323/508/508
f 323/508/508 315/507/507 316/509/509
f 323/508/508 316/509/509 322/510/510
f 322/510/510 316/509/509 317/511/511
f 322/510/510 317/511/511 321/512/512
f 321/512/512 317/511/511 318/513/513
f 321/512/512 318/513/513 320/514/514
f 320/514/514 318/513/513 319/515/515
f 319/516/516 287/517/517 320/518/518
f 320/518/518 287/517/517 308/519/519
f 320/520/520 308/521/521 321/522/522
f 321/522/522 308/521/521 322/523/523
f 322/523/523 308/521/521 307/524/524
f 322/523/523 307/524/524 323/525/525
f 323/525/525 307/524/524 306/526/526
f 323/525/525 306/526/526 324/527/527
f 324/527/527 306/526/526 305/528/528
f 324/527/527 305/528/528 304/529/529
f 304/529/529 303/530/530 324/527/527
f 324/527/527 303/530/530 302/531/531
f 324/527/527 302/531/531 325/532/532
f 325/532/532 302/531/531 301/533/533
f 325/532/532 301/533/533 300/534/534
f 325/532/532 300/534/534 326/535/535
f 326/535/535 300/534/534 299/536/536
f 326/535/535 299/536/536 327/537/537
f 327/537/537 299/536/536 298/538/538
f 327/537/537 298/538/538 328/539/539
f 328/539/539 298/538/538 310/540/540
f 356/541/541 329/542/542 355/543/543
f 355/543/543 329/542/542 330/544/544
f 355/543/543 330/544/544 354/545/545
f 354/545/545 330/544/544 331/546/546
f 354/545/545 331/546/546 353/547/547
f 353/547/547 331/546/546 332/548/548
f 353/547/547 332/548/548 352/549/549
f 352/549/549 332/548/548 333/550/550
f 352/549/549 333/550/550 351/551/551
f 351/551/551 333/550/550 334/552/552
f 351/551/551 334/552/552 350/553/553
f 350/553/553 334/552/552 335/554/554
f 350/553/553 335/554/554 349/555/555
f 349/555/555 335/554/554 336/556/556
f 349/555/555 336/556/556 348/557/557
f 348/557/557 336/556/556 337/558/558
f 348/557/557 337/558/558 347/559/559
f 347/559/559 337/558/558 338/560/560
f 347/559/559 338/560/560 346/561/561
f 346/561/561 338/560/560 339/562/562
f 346/561/561 339/562/562 345/563/563
f 345/563/563 339/562/562 340/564/564
f 345/563/563 340/564/564 344/565/565
f 344/565/565 340/564/564 341/566/566
f 344/565/565 341/566/566 343/567/567
f 343/567/567 341/566/566 342/568/568
f 342/569/569 357/570/570 343/571/571
f 343/571/571 357/570/570 358/572/572
f 358/573/573 357/574/574 382/575/575
f 382/575/575 357/574/574 359/576/576
f 382/575/575 359/576/576 381/577/577
f 381/577/577 359/576/576 360/578/578
f 381/577/577 360/578/578 380/579/579
f 380/579/579 360/578/578 361/580/580
f 380/579/579 361/580/580 379/581/581
f 379/581/581 361/580/580 362/582/582
f 379/581/581 362/582/582 378/583/583
f 378/583/583 362/582/582 363/584/584
f 378/583/583 363/584/584 377/585/585
f 377/585/585 363/584/584 364/586/586
f 377/585/585 364/586/586 376/587/587
f 376/587/587 364/586/586 365/588/588
f 376/587/587 365/588/588 375/589/589
f 375/589/589 365/588/588 366/590/590
f 375/589/589 366/590/590 374/591/591
f 374/591/591 366/590/590 367/592/592
f 374/591/591 367/592/592 373/593/593
f 373/593/593 367/592/592 368/594/594
f 373/593/593 368/594/594 372/595/595
f 372/595/595 368/594/594 369/596/596
f 372/595/595 369/596/596 371/597/597
f 371/597/597 369/596/596 370/598/598
f 370/599/599 329/600/600 371/601/601
f 371/601/601 329/600/600 356/602/602
f 371/603/603 356/604/604 372/605/605
f 372/605/605 356/604/604 373/606/606
f 373/606/606 356/604/604 355/607/607
f 373/606/606 355/607/607 374/608/608
f 374/608/608 355/607/607 354/609/609
f 374/608/608 354/609/609 375/610/610
f 375/610/610 354/609/609 353/611/611
f 375/610/610 353/611/611 376/612/612
f 376/612/612 353/611/611 352/613/613
f 376/612/612 352/613/613 377/614/614
f 377/614/614 352/613/613 351/615/615
f 377/614/614 351/615/615 350/616/616
f 350/616/616 349/617/617 377/614/614
f 377/614/614 349/617/617 348/618/618
f 377/614/614 348/618/618 347/619/619
f 377/614/614 347/619/619 378/620/620
f 378/620/620 347/619/619 346/621/621
f 378/620/620 346/621/621 379/622/622
f 379/622/622 346/621/621 345/623/623
f 379/622/622 345/623/623 380/624/624
f 380/624/624 345/623/623 344/625/625
f 380/624/624 344/625/625 381/626/626
f 381/626/626 344/625/625 343/627/627
f 381/626/626 343/627/627 382/628/628
f 382/628/628 343/627/627 358/629/629
f 400/630/630 383/631/631 399/632/632
f 399/632/632 383/631/631 384/633/633
f 399/632/632 384/633/633 385/634/634
f 399/632/632 385/634/634 398/635/635
f 398/635/635 385/634/634 386/636/636
f 398/635/635 386/636/636 397/637/637
f 397/637/637 386/636/636 387/638/638
f 397/637/637 387/638/638 396/639/639
f 396/639/639 387/638/638 388/640/640
f 396/639/639 388/640/640 395/641/641
f 395/641/641 388/640/640 389/642/642
f 395/641/641 389/642/642 394/643/643
f 394/643/643 389/642/642 390/644/644
f 394/643/643 390/644/644 393/645/645
f 393/645/645 390/644/644 392/646/646
f 392/646/646 390/644/644 391/647/647
f 391/648/648 401/649/649 392/650/650
f 392/650/650 401/649/649 402/651/651
f 402/652/652 401/653/653 416/654/654
f 416/654/654 401/653/653 403/655/655
f 416/654/654 403/655/655 415/656/656
f 415/656/656 403/655/655 404/657/657
f 415/656/656 404/657/657 414/658/658
f 414/658/658 404/657/657 405/659/659
f 414/658/658 405/659/659 413/660/660
f 413/660/660 405/659/659 406/661/661
f 413/660/660 406/661/661 412/662/662
f 412/662/662 406/661/661 407/663/663
f 412/662/662 407/663/663 411/664/664
f 411/664/664 407/663/663 408/665/665
f 411/664/664 408/665/665 410/666/666
f 410/666/666 408/665/665 409/667/667
f 409/668/668 383/669/669 410/670/670
f 410/670/670 383/669/669 400/671/671
f 410/672/672 400/673/673 411/674/674
f 411/674/674 400/673/673 412/675/675
f 412/675/675 400/673/673 413/676/676
f 413/676/676 400/673/673 399/677/677
f 413/676/676 399/677/677 398/678/678
f 413/676/676 398/678/678 414/679/679
f 414/679/679 398/678/678 397/680/680
f 414/679/679 397/680/680 396/681/681
f 396/681/681 395/682/682 414/679/679
f 414/679/679 395/682/682 394/683/683
f 414/679/679 394/683/683 393/684/684
f 393/684/684 392/685/685 414/679/679
f 414/679/679 392/685/685 415/686/686
f 415/686/686 392/685/685 416/687/687
f 416/687/687 392/685/685 402/688/688
f 434/689/689 417/690/690 433/691/691
f 433/691/691 417/690/690 418/692/692
f 433/691/691 418/692/692 419/693/693
f 433/691/691 419/693/693 432/694/694
f 432/694/694 419/693/693 420/695/695
f 432/694/694 420/695/695 431/696/696
f 431/696/696 420/695/695 421/697/697
f 431/696/696 421/697/697 430/698/698
f 430/698/698 421/697/697 422/699/699
f 430/698/698 422/699/699 429/700/700
f 429/700/700 422/699/699 423/701/701
f 429/700/700 423/701/701 428/702/702
f 428/702/702 423/701/701 424/703/703
f 428/702/702 424/703/703 427/704/704
f 427/704/704 424/703/703 426/705/705
f 426/705/705 424/703/703 425/706/706
f 425/707/707 435/708/708 426/709/709
f 426/709/709 435/708/708 436/710/710
f 436/711/711 435/712/712 450/713/713
f 450/713/713 435/712/712 437/714/714
f 450/713/713 437/714/714 449/715/715
f 449/715/715 437/714/714 438/716/716
f 449/715/715 438/716/716 448/717/717
f 448/717/717 438/716/716 439/718/718
f 448/717/717 439/718/718 447/719/719
f 447/719/719 439/718/718 440/720/720
f 447/719/719 440/720/720 446/721/721
f 446/721/721 440/720/720 441/722/722
f 446/721/721 441/722/722 445/723/723
f 445/723/723 441/722/722 442/724/724
f 445/723/723 442/724/724 444/725/725
f 444/725/725 442/724/724 443/726/726
f 443/727/727 417/728/728 444/729/729
f 444/729/729 417/728/728 434/730/730
f 444/731/731 434/732/732 445/733/733
f 445/733/733 434/732/732 446/734/734
f 446/734/734 434/732/732 447/735/735
f 447/735/735 434/732/732 433/736/736
f 447/735/735 433/736/736 432/737/737
f 432/737/737 431/738/738 447/735/735
f 447/735/735 431/738/738 430/739/739
f 447/735/735 430/739/739 429/740/740
f 429/740/740 428/741/741 447/735/735
f 447/735/735 428/741/741 448/742/742
f 448/742/742 428/741/741 427/743/743
f 448/742/742 427/743/743 426/744/744
f 436/745/745 450/746/746 426/744/744
f 426/744/744 450/746/746 449/747/747
f 426/744/744 449/747/747 448/742/742
f 484/748/748 451/749/749 483/750/750
f 483/750/750 451/749/749 452/751/751
f 483/750/750 452/751/751 482/752/752
f 482/752/752 452/751/751 453/753/753
f 482/752/752 453/753/753 481/754/754
f 481/754/754 453/753/753 454/755/755
f 481/754/754 454/755/755 480/756/756
f 480/756/756 454/755/755 455/757/757
f 480/756/756 455/757/757 479/758/758
f 479/758/758 455/757/757 456/759/759
f 479/758/758 456/759/759 478/760/760
f 478/760/760 456/759/759 457/761/761
f 478/760/760 457/761/761 477/762/762
f 477/762/762 457/761/761 458/763/763
f 477/762/762 458/763/763 476/764/764
f 476/764/764 458/763/763 459/765/765
f 476/764/764 459/765/765 475/766/766
f 475/766/766 459/765/765 460/767/767
f 475/766/766 460/767/767 474/768/768
f 474/768/768 460/767/767 461/769/769
f 474/768/768 461/769/769 473/770/770
f 473/770/770 461/769/769 462/771/771
f 473/770/770 462/771/771 472/772/772
f 472/772/772 462/771/771 463/773/773
f 472/772/772 463/773/773 471/774/774
f 471/774/774 463/773/773 464/775/775
f 471/774/774 464/775/775 470/776/776
f 470/776/776 464/775/775 465/777/777
f 470/776/776 465/777/777 469/778/778
f 469/778/778 465/777/777 466/779/779
f 469/778/778 466/779/779 468/780/780
f 468/780/780 466/779/779 467/781/781
f 467/782/782 485/783/783 468/784/784
f 468/784/784 485/783/783 486/785/785
f 486/786/786 485/787/787 516/788/788
f 516/788/788 485/787/787 487/789/789
f 516/788/788 487/789/789 515/790/790
f 515/790/790 487/789/789 488/791/791
f 515/790/790 488/791/791 514/792/792
f 514/792/792 488/791/791 489/793/793
f 514/792/792 489/793/793 513/794/794
f 513/794/794 489/793/793 490/795/795
f 513/794/794 490/795/795 512/796/796
f 512/796/796 490/795/795 491/797/797
f 512/796/796 491/797/797 511/798/798
f 511/798/798 491/797/797 492/799/799
f 511/798/798 492/799/799 510/800/800
f 510/800/800 492/799/799 493/801/801
f 510/800/800 493/801/801 509/802/802
f 509/802/802 493/801/801 494/803/803
f 509/802/802 494/803/803 508/804/804
f 508/804/804 494/803/803 495/805/805
f 508/804/804 495/805/805 507/806/806
f 507/806/806 495/805/805 496/807/807
f 507/806/806 496/807/807 506/808/808
f 506/808/808 496/807/807 497/809/809
f 506/808/808 497/809/809 505/810/810
f 505/810/810 497/809/809 498/811/811
f 505/810/810 498/811/811 504/812/812
f 504/812/812 498/811/811 499/813/813
f 504/812/812 499/813/813 503/814/814
f 503/814/814 499/813/813 500/815/815
f 503/814/814 500/815/815 502/816/816
f 502/816/816 500/815/815 501/817/817
f 501/818/818 451/819/819 502/820/820
f 502/820/820 451/819/819 484/821/821
f 502/822/822 484/823/823 503/824/824
f 503/824/824 484/823/823 483/825/825
f 503/824/824 483/825/825 504/826/826
f 504/826/826 483/825/825 482/827/827
f 504/826/826 482/827/827 505/828/828
f 505/828/828 482/827/827 481/829/829
f 505/828/828 481/829/829 506/830/830
f 506/830/830 481/829/829 507/831/831
f 507/831/831 481/829/829 480/832/832
f 507/831/831 480/832/832 508/833/833
f 508/833/833 480/832/832 479/834/834
f 508/833/833 479/834/834 509/835/835
f 509/835/835 479/834/834 478/836/836
f 509/835/835 478/836/836 477/837/837
f 477/837/837 476/838/838 509/835/835
f 509/835/835 476/838/838 510/839/839
f 510/839/839 476/838/838 475/840/840
f 510/839/839 475/840/840 474/841/841
f 474/841/841 473/842/842 510/839/839
f 510/839/839 473/842/842 511/843/843
f 511/843/843 473/842/842 472/844/844
f 511/843/843 472/844/844 512/845/845
f 512/845/845 472/844/844 471/846/846
f 512/845/845 471/846/846 513/847/847
f 513/847/847 471/846/846 514/848/848
f 514/848/848 471/846/846 470/849/849
f 514/848/848 470/849/849 515/850/850
f 515/850/850 470/849/849 469/851/851
f 515/850/850 469/851/851 516/852/852
f 516/852/852 469/851/851 468/853/853
f 516/852/852 468/853/853 486/854/854
f 531/855/855 517/856/856 532/857/857
f 532/857/857 517/856/856 518/858/858
f 532/857/857 518/858/858 519/859/859
f 519/859/859 520/860/860 532/857/857
f 532/857/857 520/860/860 541/861/861
f 541/861/861 520/860/860 521/862/862
f 541/861/861 521/862/862 540/863/863
f 540/863/863 521/862/862 522/864/864
f 540/863/863 522/864/864 539/865/865
f 539/865/865 522/864/864 523/866/866
f 539/865/865 523/866/866 524/867/867
f 539/865/865 524/867/867 538/868/868
f 538/868/868 524/867/867 525/869/869
f 538/868/868 525/869/869 537/870/870
f 537/870/870 525/869/869 526/871/871
f 537/870/870 526/871/871 536/872/872
f 536/872/872 526/871/871 527/873/873
f 536/872/872 527/873/873 535/874/874
f 535/874/874 527/873/873 528/875/875
f 535/874/874 528/875/875 534/876/876
f 534/876/876 528/875/875 529/877/877
f 534/876/876 529/877/877 530/878/878
f 534/876/876 530/878/878 533/879/879
f 533/879/879 530/878/878 531/855/855
f 533/879/879 531/855/855 532/857/857
f 542/880/880 550/881/881 518/882/882
f 518/882/882 550/881/881 551/883/883
f 518/882/882 551/883/883 519/884/884
f 519/884/884 551/883/883 552/885/885
f 519/884/884 552/885/885 520/886/886
f 520/886/886 552/885/885 553/887/887
f 520/886/886 553/887/887 521/888/888
f 521/888/888 553/887/887 554/889/889
f 521/888/888 554/889/889 522/890/890
f 522/890/890 554/889/889 555/891/891
f 522/890/890 555/891/891 523/892/892
f 523/892/892 555/891/891 556/893/893
f 523/892/892 556/893/893 524/894/894
f 524/894/894 556/893/893 557/895/895
f 524/894/894 557/895/895 525/896/896
f 525/896/896 557/895/895 558/897/897
f 525/896/896 558/897/897 526/898/898
f 526/898/898 558/897/897 559/899/899
f 526/898/898 559/899/899 527/900/900
f 527/900/900 559/899/899 560/901/901
f 527/900/900 560/901/901 528/902/902
f 528/902/902 560/901/901 561/903/903
f 550/881/881 542/880/880 549/904/904
f 549/904/904 542/880/880 543/905/905
f 549/904/904 543/905/905 548/906/906
f 548/906/906 543/905/905 544/907/907
f 548/906/906 544/907/907 547/908/908
f 547/908/908 544/907/907 545/909/909
f 547/908/908 545/909/909 546/910/910
f 552/911/911 551/912/912 567/913/913
f 567/913/913 551/912/912 562/914/914
f 567/913/913 562/914/914 563/915/915
f 567/913/913 563/915/915 566/916/916
f 566/916/916 563/915/915 564/917/917
f 566/916/916 564/917/917 575/918/918
f 575/918/918 564/917/917 565/919/919
f 575/918/918 565/919/919 561/920/920
f 575/918/918 561/920/920 574/921/921
f 574/921/921 561/920/920 560/922/922
f 574/921/921 560/922/922 573/923/923
f 573/923/923 560/922/922 559/924/924
f 573/923/923 559/924/924 572/925/925
f 572/925/925 559/924/924 558/926/926
f 572/925/925 558/926/926 571/927/927
f 571/927/927 558/926/926 557/928/928
f 571/927/927 557/928/928 570/929/929
f 570/929/929 557/928/928 556/930/930
f 570/929/929 556/930/930 555/931/931
f 570/929/929 555/931/931 569/932/932
f 569/932/932 555/931/931 554/933/933
f 569/932/932 554/933/933 568/934/934
f 568/934/934 554/933/933 553/935/935
f 568/934/934 553/935/935 567/913/913
f 567/913/913 553/935/935 552/911/911
f 590/936/936 576/937/937 591/938/938
f 591/938/938 576/937/937 577/939/939
f 591/938/938 577/939/939 578/940/940
f 578/940/940 579/941/941 591/938/938
f 591/938/938 579/941/941 600/942/942
f 600/942/942 579/941/941 580/943/943
f 600/942/942 580/943/943 599/944/944
f 599/944/944 580/943/943 581/945/945
f 599/944/944 581/945/945 598/946/946
f 598/946/946 581/945/945 582/947/947
f 598/946/946 582/947/947 583/948/948
f 598/946/946 583/948/948 597/949/949
f 597/949/949 583/948/948 584/950/950
f 597/949/949 584/950/950 596/951/951
f 596/951/951 584/950/950 585/952/952
f 596/951/951 585/952/952 595/953/953
f 595/953/953 585/952/952 586/954/954
f 595/953/953 586/954/954 594/955/955
f 594/955/955 586/954/954 587/956/956
f 594/955/955 587/956/956 593/957/957
f 593/957/957 587/956/956 588/958/958
f 593/957/957 588/958/958 589/959/959
f 593/957/957 589/959/959 592/960/960
f 592/960/960 589/959/959 590/936/936
f 592/960/960 590/936/936 591/938/938
f 601/961/961 610/962/962 577/963/963
f 577/963/963 610/962/962 611/964/964
f 577/963/963 611/964/964 578/965/965
f 578/965/965 611/964/964 612/966/966
f 578/965/965 612/966/966 579/967/967
f 579/967/967 612/966/966 613/968/968
f 579/967/967 613/968/968 580/969/969
f 580/969/969 613/968/968 614/970/970
f 580/969/969 614/970/970 581/971/971
f 581/971/971 614/970/970 615/972/972
f 581/971/971 615/972/972 582/973/973
f 582/973/973 615/972/972 616/974/974
f 582/973/973 616/974/974 583/975/975
f 583/975/975 616/974/974 617/976/976
f 583/975/975 617/976/976 584/977/977
f 584/977/977 617/976/976 618/978/978
f 584/977/977 618/978/978 585/979/979
f 585/979/979 618/978/978 619/980/980
f 585/979/979 619/980/980 586/981/981
f 586/981/981 619/980/980 620/982/982
f 586/981/981 620/982/982 587/983/983
f 610/962/962 601/961/961 609/984/984
f 609/984/984 601/961/961 602/985/985
f 609/984/984 602/985/985 608/986/986
f 608/986/986 602/985/985 603/987/987
f 608/986/986 603/987/987 607/988/988
f 607/988/988 603/987/987 604/989/989
f 607/988/988 604/989/989 606/990/990
f 606/990/990 604/989/989 605/991/991
f 611/992/992 610/993/993 626/994/994
f 626/994/994 610/993/993 621/995/995
f 626/994/994 621/995/995 622/996/996
f 626/994/994 622/996/996 625/997/997
f 625/997/997 622/996/996 623/998/998
f 625/997/997 623/998/998 634/999/999
f 634/999/999 623/998/998 624/1000/1000
f 634/999/999 624/1000/1000 620/1001/1001
f 634/999/999 620/1001/1001 633/1002/1002
f 633/1002/1002 620/1001/1001 619/1003/1003
f 633/1002/1002 619/1003/1003 632/1004/1004
f 632/1004/1004 619/1003/1003 618/1005/1005
f 632/1004/1004 618/1005/1005 631/1006/1006
f 631/1006/1006 618/1005/1005 617/1007/1007
f 631/1006/1006 617/1007/1007 630/1008/1008
f 630/1008/1008 617/1007/1007 616/1009/1009
f 630/1008/1008 616/1009/1009 629/1010/1010
f 629/1010/1010 616/1009/1009 615/1011/1011
f 629/1010/1010 615/1011/1011 614/1012/1012
f 629/1010/1010 614/1012/1012 628/1013/1013
f 628/1013/1013 614/1012/1012 613/1014/1014
f 628/1013/1013 613/1014/1014 627/1015/1015
f 627/1015/1015 613/1014/1014 612/1016/1016
f 627/1015/1015 612/1016/1016 626/994/994
f 626/994/994 612/1016/1016 611/992/992
f 649/1017/1017 635/1018/1018 650/1019/1019
f 650/1019/1019 635/1018/1018 636/1020/1020
f 650/1019/1019 636/1020/1020 637/1021/1021
f 637/1021/1021 638/1022/1022 650/1019/1019
f 650/1019/1019 638/1022/1022 659/1023/1023
f 659/1023/1023 638/1022/1022 639/1024/1024
f 659/1023/1023 639/1024/1024 658/1025/1025
f 658/1025/1025 639/1024/1024 640/1026/1026
f 658/1025/1025 640/1026/1026 657/1027/1027
f 657/1027/1027 640/1026/1026 641/1028/1028
f 657/1027/1027 641/1028/1028 642/1029/1029
f 657/1027/1027 642/1029/1029 656/1030/1030
f 656/1030/1030 642/1029/1029 643/1031/1031
f 656/1030/1030 643/1031/1031 655/1032/1032
f 655/1032/1032 643/1031/1031 644/1033/1033
f 655/1032/1032 644/1033/1033 654/1034/1034
f 654/1034/1034 644/1033/1033 645/1035/1035
f 654/1034/1034 645/1035/1035 653/1036/1036
f 653/1036/1036 645/1035/1035 646/1037/1037
f 653/1036/1036 646/1037/1037 652/1038/1038
f 652/1038/1038 646/1037/1037 647/1039/1039
f 652/1038/1038 647/1039/1039 648/1040/1040
f 652/1038/1038 648/1040/1040 651/1041/1041
f 651/1041/1041 648/1040/1040 649/1017/1017
f 651/1041/1041 649/1017/1017 650/1019/1019
f 660/1042/1042 668/1043/1043 636/1044/1044
f 636/1044/1044 668/1043/1043 669/1045/1045
f 636/1044/1044 669/1045/1045 637/1046/1046
f 637/1046/1046 669/1045/1045 670/1047/1047
f 637/1046/1046 670/1047/1047 638/1048/1048
f 638/1048/1048 670/1047/1047 671/1049/1049
f 638/1048/1048 671/1049/1049 639/1050/1050
f 639/1050/1050 671/1049/1049 672/1051/1051
f 639/1050/1050 672/1051/1051 640/1052/1052
f 640/1052/1052 672/1051/1051 673/1053/1053
f 640/1052/1052 673/1053/1053 641/1054/1054
f 641/1054/1054 673/1053/1053 674/1055/1055
f 641/1054/1054 674/1055/1055 642/1056/1056
f 642/1056/1056 674/1055/1055 675/1057/1057
f 642/1056/1056 675/1057/1057 643/1058/1058
f 643/1058/1058 675/1057/1057 676/1059/1059
f 643/1058/1058 676/1059/1059 644/1060/1060
f 644/1060/1060 676/1059/1059 677/1061/1061
f 644/1060/1060 677/1061/1061 645/1062/1062
f 645/1062/1062 677/1061/1061 678/1063/1063
f 645/1062/1062 678/1063/1063 646/1064/1064
f 646/1064/1064 678/1063/1063 679/1065/1065
f 668/1043/1043 660/1042/1042 667/1066/1066
f 667/1066/1066 660/1042/1042 661/1067/1067
f 667/1066/1066 661/1067/1067 666/1068/1068
f 666/1068/1068 661/1067/1067 662/1069/1069
f 666/1068/1068 662/1069/1069 665/1070/1070
f 665/1070/1070 662/1069/1069 663/1071/1071
f 665/1070/1070 663/1071/1071 664/1072/1072
f 670/1073/1073 669/1074/1074 685/1075/1075
f 685/1075/1075 669/1074/1074 680/1076/1076
f 685/1075/1075 680/1076/1076 681/1077/1077
f 685/1075/1075 681/1077/1077 684/1078/1078
f 684/1078/1078 681/1077/1077 682/1079/1079
f 684/1078/1078 682/1079/1079 693/1080/1080
f 693/1080/1080 682/1079/1079 683/1081/1081
f 693/1080/1080 683/1081/1081 679/1082/1082
f 693/1080/1080 679/1082/1082 692/1083/1083
f 692/1083/1083 679/1082/1082 678/1084/1084
f 692/1083/1083 678/1084/1084 691/1085/1085
f 691/1085/1085 678/1084/1084 677/1086/1086
f 691/1085/1085 677/1086/1086 690/1087/1087
f 690/1087/1087 677/1086/1086 676/1088/1088
f 690/1087/1087 676/1088/1088 689/1089/1089
f 689/1089/1089 676/1088/1088 675/1090/1090
f 689/1089/1089 675/1090/1090 688/1091/1091
f 688/1091/1091 675/1090/1090 674/1092/1092
f 688/1091/1091 674/1092/1092 673/1093/1093
f 688/1091/1091 673/1093/1093 687/1094/1094
f 687/1094/1094 673/1093/1093 672/1095/1095
f 687/1094/1094 672/1095/1095 686/1096/1096
f 686/1096/1096 672/1095/1095 671/1097/1097
f 686/1096/1096 671/1097/1097 685/1075/1075
f 685/1075/1075 671/1097/1097 670/1073/1073
f 708/1098/1098 694/1099/1099 709/1100/1100
f 709/1100/1100 694/1099/1099 695/1101/1101
f 709/1100/1100 695/1101/1101 696/1102/1102
f 696/1102/1102 697/1103/1103 709/1100/1100
f 709/1100/1100 697/1103/1103 718/1104/1104
f 718/1104/1104 697/1103/1103 698/1105/1105
f 718/1104/1104 698/1105/1105 717/1106/1106
f 717/1106/1106 698/1105/1105 699/1107/1107
f 717/1106/1106 699/1107/1107 716/1108/1108
f 716/1108/1108 699/1107/1107 700/1109/1109
f 716/1108/1108 700/1109/1109 701/1110/1110
f 716/1108/1108 701/1110/1110 715/1111/1111
f 715/1111/1111 701/1110/1110 702/1112/1112
f 715/1111/1111 702/1112/1112 714/1113/1113
f 714/1113/1113 702/1112/1112 703/1114/1114
f 714/1113/1113 703/1114/1114 713/1115/1115
f 713/1115/1115 703/1114/1114 704/1116/1116
f 713/1115/1115 704/1116/1116 712/1117/1117
f 712/1117/1117 704/1116/1116 705/1118/1118
f 712/1117/1117 705/1118/1118 711/1119/1119
f 711/1119/1119 705/1118/1118 706/1120/1120
f 711/1119/1119 706/1120/1120 707/1121/1121
f 711/1119/1119 707/1121/1121 710/1122/1122
f 710/1122/1122 707/1121/1121 708/1098/1098
f 710/1122/1122 708/1098/1098 709/1100/1100
f 719/1123/1123 728/1124/1124 695/1125/1125
f 695/1125/1125 728/1124/1124 729/1126/1126
f 695/1125/1125 729/1126/1126 696/1127/1127
f 696/1127/1127 729/1126/1126 730/1128/1128
f 696/1127/1127 730/1128/1128 697/1129/1129
f 697/1129/1129 730/1128/1128 731/1130/1130
f 697/1129/1129 731/1130/1130 698/1131/1131
f 698/1131/1131 731/1130/1130 732/1132/1132
f 698/1131/1131 732/1132/1132 699/1133/1133
f 699/1133/1133 732/1132/1132 733/1134/1134
f 699/1133/1133 733/1134/1134 700/1135/1135
f 700/1135/1135 733/1134/1134 734/1136/1136
f 700/1135/1135 734/1136/1136 701/1137/1137
f 701/1137/1137 734/1136/1136 735/1138/1138
f 701/1137/1137 735/1138/1138 702/1139/1139
f 702/1139/1139 735/1138/1138 736/1140/1140
f 702/1139/1139 736/1140/1140 703/1141/1141
f 703/1141/1141 736/1140/1140 737/1142/1142
f 703/1141/1141 737/1142/1142 704/1143/1143
f 704/1143/1143 737/1142/1142 738/1144/1144
f 704/1143/1143 738/1144/1144 705/1145/1145
f 728/1124/1124 719/1123/1123 727/1146/1146
f 727/1146/1146 719/1123/1123 720/1147/1147
f 727/1146/1146 720/1147/1147 726/1148/1148
f 726/1148/1148 720/1147/1147 721/1149/1149
f 726/1148/1148 721/1149/1149 725/1150/1150
f 725/1150/1150 721/1149/1149 722/1151/1151
f 725/1150/1150 722/1151/1151 724/1152/1152
f 724/1152/1152 722/1151/1151 723/1153/1153
f 729/1154/1154 728/1155/1155 744/1156/1156
f 744/1156/1156 728/1155/1155 739/1157/1157
f 744/1156/1156 739/1157/1157 740/1158/1158
f 744/1156/1156 740/1158/1158 743/1159/1159
f 743/1159/1159 740/1158/1158 741/1160/1160
f 743/1159/1159 741/1160/1160 752/1161/1161
f 752/1161/1161 741/1160/1160 742/1162/1162
f 752/1161/1161 742/1162/1162 738/1163/1163
f 752/1161/1161 738/1163/1163 751/1164/1164
f 751/1164/1164 738/1163/1163 737/1165/1165
f 751/1164/1164 737/1165/1165 750/1166/1166
f 750/1166/1166 737/1165/1165 736/1167/1167
f 750/1166/1166 736/1167/1167 749/1168/1168
f 749/1168/1168 736/1167/1167 735/1169/1169
f 749/1168/1168 735/1169/1169 748/1170/1170
f 748/1170/1170 735/1169/1169 734/1171/1171
f 748/1170/1170 734/1171/1171 747/1172/1172
f 747/1172/1172 734/1171/1171 733/1173/1173
f 747/1172/1172 733/1173/1173 732/1174/1174
f 747/1172/1172 732/1174/1174 746/1175/1175
f 746/1175/1175 732/1174/1174 731/1176/1176
f 746/1175/1175 731/1176/1176 745/1177/1177
f 745/1177/1177 731/1176/1176 730/1178/1178
f 745/1177/1177 730/1178/1178 744/1156/1156
f 744/1156/1156 730/1178/1178 729/1154/1154
f 754/1179/1179 818/1180/1180 753/1181/1181
f 753/1181/1181 818/1180/1180 817/1182/1182
f 753/1181/1181 817/1182/1182 784/1183/1183
f 784/1183/1183 817/1182/1182 840/1184/1184
f 784/1183/1183 840/1184/1184 783/1185/1185
f 783/1185/1185 840/1184/1184 782/1186/1186
f 782/1186/1186 840/1184/1184 839/1187/1187
f 782/1186/1186 839/1187/1187 781/1188/1188
f 781/1189/1188 839/1190/1187 838/1191/1189
f 781/1189/1188 838/1191/1189 780/1192/1190
f 780/1192/1190 838/1191/1189 837/1193/1191
f 780/1192/1190 837/1193/1191 779/1194/1192
f 779/1194/1192 837/1193/1191 778/1195/1193
f 778/1195/1193 837/1193/1191 836/1196/1194
f 778/1195/1193 836/1196/1194 777/1197/1195
f 777/1197/1195 836/1196/1194 835/1198/1196
f 777/1197/1195 835/1198/1196 776/1199/1197
f 776/1199/1197 835/1198/1196 834/1200/1198
f 776/1199/1197 834/1200/1198 775/1201/1199
f 775/1201/1199 834/1200/1198 774/1202/1200
f 774/1202/1200 834/1200/1198 833/1203/1201
f 774/1202/1200 833/1203/1201 773/1204/1202
f 773/1204/1202 833/1203/1201 832/1205/1203
f 773/1204/1202 832/1205/1203 772/1206/1204
f 772/1206/1204 832/1205/1203 831/1207/1205
f 772/1206/1204 831/1207/1205 771/1208/1206
f 771/1208/1206 831/1207/1205 770/1209/1207
f 770/1209/1207 831/1207/1205 830/1210/1208
f 770/1209/1207 830/1210/1208 769/1211/1209
f 769/1211/1209 830/1210/1208 829/1212/1210
f 769/1211/1209 829/1212/1210 768/1213/1211
f 768/1213/1211 829/1212/1210 828/1214/1212
f 768/1213/1211 828/1214/1212 767/1215/1213
f 767/1215/1213 828/1214/1212 766/1216/1214
f 766/1216/1214 828/1214/1212 827/1217/1215
f 766/1216/1214 827/1217/1215 765/1218/1216
f 765/1218/1216 827/1217/1215 826/1219/1217
f 765/1218/1216 826/1219/1217 764/1220/1218
f 764/1220/1218 826/1219/1217 763/1221/1219
f 763/1221/1219 826/1219/1217 825/1222/1220
f 763/1221/1219 825/1222/1220 762/1223/1221
f 762/1223/1221 825/1222/1220 824/1224/1222
f 762/1223/1221 824/1224/1222 761/1225/1223
f 761/1225/1223 824/1224/1222 823/1226/1224
f 761/1225/1223 823/1226/1224 760/1227/1225
f 760/1227/1225 823/1226/1224 822/1228/1226
f 760/1227/1225 822/1228/1226 759/1229/1227
f 759/1229/1227 822/1228/1226 758/1230/1228
f 758/1230/1228 822/1228/1226 821/1231/1229
f 758/1230/1228 821/1231/1229 757/1232/1230
f 757/1232/1230 821/1231/1229 820/1233/1231
f 757/1232/1230 820/1233/1231 756/1234/1232
f 756/1234/1232 820/1233/1231 755/1235/1233
f 755/1235/1233 820/1233/1231 819/1236/1234
f 755/1235/1233 819/1236/1234 754/1179/1179
f 754/1179/1179 819/1236/1234 818/1180/1180
f 786/1237/1235 817/1182/1182 785/1238/1236
f 785/1238/1236 817/1182/1182 818/1180/1180
f 785/1238/1236 818/1180/1180 816/1239/1237
f 816/1239/1237 818/1180/1180 819/1236/1234
f 816/1239/1237 819/1236/1234 815/1240/1238
f 815/1240/1238 819/1236/1234 820/1233/1231
f 815/1240/1238 820/1233/1231 814/1241/1239
f 814/1241/1239 820/1233/1231 813/1242/1240
f 813/1242/1240 820/1233/1231 821/1231/1229
f 813/1242/1240 821/1231/1229 812/1243/1241
f 812/1243/1241 821/1231/1229 822/1228/1226
f 812/1243/1241 822/1228/1226 811/1244/1242
f 811/1244/1242 822/1228/1226 823/1226/1224
f 811/1244/1242 823/1226/1224 810/1245/1243
f 810/1245/1243 823/1226/1224 809/1246/1244
f 809/1246/1244 823/1226/1224 824/1224/1222
f 809/1246/1244 824/1224/1222 808/1247/1245
f 808/1247/1245 824/1224/1222 825/1222/1220
f 808/1247/1245 825/1222/1220 807/1248/1246
f 807/1248/1246 825/1222/1220 826/1219/1217
f 807/1248/1246 826/1219/1217 806/1249/1247
f 806/1249/1247 826/1219/1217 805/1250/1248
f 805/1250/1248 826/1219/1217 827/1217/1215
f 805/1250/1248 827/1217/1215 804/1251/1249
f 804/1251/1249 827/1217/1215 828/1214/1212
f 804/1251/1249 828/1214/1212 803/1252/1250
f 803/1252/1250 828/1214/1212 829/1212/1210
f 803/1252/1250 829/1212/1210 802/1253/1251
f 802/1253/1251 829/1212/1210 801/1254/1252
f 801/1254/1252 829/1212/1210 830/1210/1208
f 801/1254/1252 830/1210/1208 800/1255/1253
f 800/1255/1253 830/1210/1208 831/1207/1205
f 800/1255/1253 831/1207/1205 799/1256/1254
f 799/1256/1254 831/1207/1205 832/1205/1203
f 799/1256/1254 832/1205/1203 798/1257/1255
f 798/1257/1255 832/1205/1203 797/1258/1256
f 797/1258/1256 832/1205/1203 833/1203/1201
f 797/1258/1256 833/1203/1201 796/1259/1257
f 796/1259/1257 833/1203/1201 834/1200/1198
f 796/1259/1257 834/1200/1198 795/1260/1258
f 795/1260/1258 834/1200/1198 794/1261/1259
f 794/1261/1259 834/1200/1198 835/1198/1196
f 794/1261/1259 835/1198/1196 793/1262/1260
f 793/1262/1260 835/1198/1196 836/1196/1194
f 793/1262/1260 836/1196/1194 792/1263/1261
f 792/1263/1261 836/1196/1194 837/1193/1191
f 792/1263/1261 837/1193/1191 791/1264/1262
f 791/1264/1262 837/1193/1191 838/1191/1189
f 791/1264/1262 838/1191/1189 790/1265/1263
f 790/1265/1263 838/1191/1189 789/1266/1264
f 789/1266/1264 838/1191/1189 839/1190/1187
f 789/1266/1264 839/1190/1187 788/1267/1265
f 788/1268/1265 839/1187/1187 840/1184/1184
f 788/1268/1265 840/1184/1184 787/1269/1266
f 787/1269/1266 840/1184/1184 786/1237/1235
f 786/1237/1235 840/1184/1184 817/1182/1182
f 622/1270/1267 841/1271/1268 623/1272/1269
f 623/1272/1269 841/1271/1268 842/1273/1270
f 623/1272/1269 842/1273/1270 843/1274/1271
f 844/1275/1272 845/1276/1273 589/1277/1274
f 589/1277/1274 845/1276/1273 846/1278/1275
f 589/1277/1274 846/1278/1275 590/1279/1276
f 593/1280/1277 592/1281/1278 634/1282/1279
f 634/1282/1279 592/1281/1278 625/1283/1280
f 594/1284/1281 593/1285/1282 633/1286/1283
f 633/1286/1283 593/1285/1282 634/1287/1284
f 626/1288/1285 591/1289/1286 627/1290/1287
f 627/1290/1287 591/1289/1286 600/1291/1288
f 627/1290/1287 600/1291/1288 628/1292/1289
f 628/1292/1289 600/1291/1288 599/1293/1290
f 628/1292/1289 599/1293/1290 629/1294/1291
f 629/1294/1291 599/1293/1290 598/1295/1292
f 629/1294/1291 598/1295/1292 630/1296/1293
f 630/1296/1293 598/1295/1292 597/1297/1294
f 630/1296/1293 597/1297/1294 631/1298/1295
f 631/1298/1295 597/1297/1294 596/1299/1296
f 631/1298/1295 596/1299/1296 632/1300/1297
f 632/1300/1297 596/1299/1296 595/1301/1298
f 632/1300/1297 595/1301/1298 633/1302/1299
f 633/1302/1299 595/1301/1298 594/1303/1300
f 592/1304/1301 591/1305/1302 625/1306/1303
f 625/1306/1303 591/1305/1302 626/1307/1304
f 588/1308/1305 587/1309/1306 624/1310/1307
f 624/1310/1307 587/1309/1306 620/1311/1308
f 589/1312/1309 588/1313/1310 844/1314/1311
f 844/1314/1311 588/1313/1310 624/1315/1312
f 844/1314/1311 624/1315/1312 843/1316/1313
f 843/1316/1313 624/1315/1312 623/1317/1314
f 622/1318/1315 621/1319/1316 861/1320/1317
f 861/1320/1317 621/1319/1316 860/1321/1318
f 860/1321/1318 621/1319/1316 859/1322/1319
f 859/1322/1319 621/1319/1316 858/1323/1320
f 858/1323/1320 621/1319/1316 857/1324/1321
f 857/1324/1321 621/1319/1316 856/1325/1322
f 856/1325/1322 621/1319/1316 855/1326/1323
f 855/1326/1323 621/1319/1316 854/1327/1324
f 854/1327/1324 621/1319/1316 853/1328/1325
f 853/1328/1325 621/1319/1316 852/1329/1326
f 852/1329/1326 621/1319/1316 847/1330/1327
f 852/1329/1326 847/1330/1327 851/1331/1328
f 851/1331/1328 847/1330/1327 848/1332/1329
f 851/1331/1328 848/1332/1329 850/1333/1330
f 850/1333/1330 848/1332/1329 849/1334/1331
f 590/1335/1332 862/1336/1333 576/1337/1334
f 576/1337/1334 862/1336/1333 863/1338/1335
f 576/1337/1334 863/1338/1335 864/1339/1336
f 864/1339/1336 865/1340/1337 576/1337/1334
f 576/1337/1334 865/1340/1337 866/1341/1338
f 576/1337/1334 866/1341/1338 867/1342/1339
f 867/1342/1339 868/1343/1340 576/1337/1334
f 576/1337/1334 868/1343/1340 869/1344/1341
f 576/1337/1334 869/1344/1341 870/1345/1342
f 870/1345/1342 871/1346/1343 576/1337/1334
f 576/1337/1334 871/1346/1343 872/1347/1344
f 576/1337/1334 872/1347/1344 873/1348/1345
f 873/1348/1345 874/1349/1346 576/1337/1334
f 576/1337/1334 874/1349/1346 875/1350/1347
f 576/1337/1334 875/1350/1347 876/1351/1348
f 844/1352/1349 843/1353/1350 878/1354/1351
f 878/1354/1351 843/1353/1350 877/1355/1352
f 880/1356/1353 926/1357/1354 879/1358/1355
f 879/1358/1355 926/1357/1354 903/1359/1356
f 879/1360/1355 903/1361/1356 902/1362/1357
f 902/1362/1357 903/1361/1356 904/1363/1358
f 902/1362/1357 904/1363/1358 901/1364/1359
f 901/1364/1359 904/1363/1358 905/1365/1360
f 901/1364/1359 905/1365/1360 900/1366/1361
f 900/1366/1361 905/1365/1360 906/1367/1362
f 900/1366/1361 906/1367/1362 899/1368/1363
f 899/1368/1363 906/1367/1362 907/1369/1364
f 899/1368/1363 907/1369/1364 898/1370/1365
f 898/1370/1365 907/1369/1364 908/1371/1366
f 898/1370/1365 908/1371/1366 897/1372/1367
f 897/1372/1367 908/1371/1366 909/1373/1368
f 897/1372/1367 909/1373/1368 896/1374/1369
f 896/1374/1369 909/1373/1368 910/1375/1370
f 896/1374/1369 910/1375/1370 895/1376/1371
f 895/1376/1371 910/1375/1370 911/1377/1372
f 895/1376/1371 911/1377/1372 894/1378/1373
f 894/1378/1373 911/1377/1372 912/1379/1374
f 894/1378/1373 912/1379/1374 893/1380/1375
f 893/1380/1375 912/1379/1374 913/1381/1376
f 893/1380/1375 913/1381/1376 892/1382/1377
f 892/1382/1377 913/1381/1376 914/1383/1378
f 892/1382/1377 914/1383/1378 891/1384/1379
f 891/1384/1379 914/1383/1378 915/1385/1380
f 891/1384/1379 915/1385/1380 890/1386/1381
f 890/1386/1381 915/1385/1380 916/1387/1382
f 890/1386/1381 916/1387/1382 889/1388/1383
f 889/1388/1383 916/1387/1382 917/1389/1384
f 889/1388/1383 917/1389/1384 888/1390/1385
f 888/1390/1385 917/1389/1384 918/1391/1386
f 888/1390/1385 918/1391/1386 887/1392/1387
f 887/1392/1387 918/1391/1386 919/1393/1388
f 887/1392/1387 919/1393/1388 886/1394/1389
f 886/1394/1389 919/1393/1388 920/1395/1390
f 886/1394/1389 920/1395/1390 885/1396/1391
f 885/1396/1391 920/1395/1390 921/1397/1392
f 885/1396/1391 921/1397/1392 884/1398/1393
f 884/1398/1393 921/1397/1392 922/1399/1394
f 884/1398/1393 922/1399/1394 883/1400/1395
f 883/1400/1395 922/1399/1394 923/1401/1396
f 883/1400/1395 923/1401/1396 882/1402/1397
f 882/1402/1397 923/1401/1396 924/1403/1398
f 882/1402/1397 924/1403/1398 881/1404/1399
f 881/1404/1399 924/1403/1398 925/1405/1400
f 881/1404/1399 925/1405/1400 880/1356/1353
f 880/1356/1353 925/1405/1400 926/1357/1354
f 902/1406/1401 892/1407/1402 879/1408/1403
f 879/1408/1403 892/1407/1402 891/1409/1404
f 879/1408/1403 891/1409/1404 880/1410/1405
f 880/1410/1405 891/1409/1404 890/1411/1406
f 880/1410/1405 890/1411/1406 881/1412/1407
f 881/1412/1407 890/1411/1406 889/1413/1408
f 881/1412/1407 889/1413/1408 882/1414/1409
f 882/1414/1409 889/1413/1408 888/1415/1410
f 882/1414/1409 888/1415/1410 883/1416/1411
f 883/1416/1411 888/1415/1410 887/1417/1412
f 883/1416/1411 887/1417/1412 884/1418/1413
f 884/1418/1413 887/1417/1412 886/1419/1414
f 884/1418/1413 886/1419/1414 885/1420/1415
f 892/1407/1402 902/1406/1401 893/1421/1416
f 893/1421/1416 902/1406/1401 901/1422/1417
f 893/1421/1416 901/1422/1417 894/1423/1418
f 894/1423/1418 901/1422/1417 900/1424/1419
f 894/1423/1418 900/1424/1419 895/1425/1420
f 895/1425/1420 900/1424/1419 899/1426/1421
f 895/1425/1420 899/1426/1421 896/1427/1422
f 896/1427/1422 899/1426/1421 898/1428/1423
f 896/1427/1422 898/1428/1423 897/1429/1424
f 610/1430/1425 951/1431/1426 621/1432/1427
f 621/1432/1427 951/1431/1426 952/1433/1428
f 621/1432/1427 952/1433/1428 847/1434/1429
f 847/1434/1429 952/1433/1428 953/1435/1430
f 847/1434/1429 953/1435/1430 848/1436/1431
f 848/1436/1431 953/1435/1430 954/1437/1432
f 848/1436/1431 954/1437/1432 849/1438/1433
f 849/1438/1433 954/1437/1432 955/1439/1434
f 849/1438/1433 955/1439/1434 850/1440/1435
f 850/1440/1435 955/1439/1434 956/1441/1436
f 850/1440/1435 956/1441/1436 851/1442/1437
f 851/1442/1437 956/1441/1436 957/1443/1438
f 851/1442/1437 957/1443/1438 852/1444/1439
f 852/1444/1439 957/1443/1438 958/1445/1440
f 852/1444/1439 958/1445/1440 853/1446/1441
f 853/1446/1441 958/1445/1440 959/1447/1442
f 853/1446/1441 959/1447/1442 854/1448/1443
f 854/1448/1443 959/1447/1442 960/1449/1444
f 854/1448/1443 960/1449/1444 855/1450/1445
f 855/1450/1445 960/1449/1444 961/1451/1446
f 855/1450/1445 961/1451/1446 856/1452/1447
f 856/1452/1447 961/1451/1446 962/1453/1448
f 856/1452/1447 962/1453/1448 857/1454/1449
f 857/1454/1449 962/1453/1448 963/1455/1450
f 857/1454/1449 963/1455/1450 858/1456/1451
f 858/1456/1451 963/1455/1450 927/1457/1452
f 858/1456/1451 927/1457/1452 859/1458/1453
f 859/1459/1453 927/1460/1452 928/1461/1454
f 859/1459/1453 928/1461/1454 860/1462/1455
f 860/1462/1455 928/1461/1454 929/1463/1456
f 860/1462/1455 929/1463/1456 861/1464/1457
f 861/1464/1457 929/1463/1456 785/1465/1458
f 861/1464/1457 785/1465/1458 816/1466/1459
f 610/1430/1425 609/1467/1460 951/1431/1426
f 951/1431/1426 609/1467/1460 608/1468/1461
f 951/1431/1426 608/1468/1461 950/1469/1462
f 950/1469/1462 608/1468/1461 607/1470/1463
f 950/1469/1462 607/1470/1463 606/1471/1464
f 606/1471/1464 605/1472/1465 950/1469/1462
f 950/1469/1462 605/1472/1465 604/1473/1466
f 950/1469/1462 604/1473/1466 603/1474/1467
f 603/1474/1467 602/1475/1468 950/1469/1462
f 950/1469/1462 602/1475/1468 949/1476/1469
f 949/1476/1469 602/1475/1468 601/1477/1470
f 949/1476/1469 601/1477/1470 577/1478/1471
f 577/1478/1471 576/1479/1472 949/1476/1469
f 949/1476/1469 576/1479/1472 948/1480/1473
f 948/1480/1473 576/1479/1472 876/1481/1474
f 948/1480/1473 876/1481/1474 947/1482/1475
f 947/1482/1475 876/1481/1474 875/1483/1476
f 947/1482/1475 875/1483/1476 946/1484/1477
f 946/1484/1477 875/1483/1476 874/1485/1478
f 946/1484/1477 874/1485/1478 945/1486/1479
f 945/1486/1479 874/1485/1478 873/1487/1480
f 945/1486/1479 873/1487/1480 944/1488/1481
f 944/1488/1481 873/1487/1480 872/1489/1482
f 944/1488/1481 872/1489/1482 943/1490/1483
f 943/1490/1483 872/1489/1482 871/1491/1484
f 943/1490/1483 871/1491/1484 942/1492/1485
f 942/1492/1485 871/1491/1484 870/1493/1486
f 942/1492/1485 870/1493/1486 941/1494/1487
f 941/1494/1487 870/1493/1486 869/1495/1488
f 941/1494/1487 869/1495/1488 940/1496/1489
f 940/1496/1489 869/1495/1488 868/1497/1490
f 940/1496/1489 868/1497/1490 939/1498/1491
f 939/1498/1491 868/1497/1490 867/1499/1492
f 939/1498/1491 867/1499/1492 938/1500/1493
f 938/1500/1493 867/1499/1492 866/1501/1494
f 938/1500/1493 866/1501/1494 937/1502/1495
f 937/1502/1495 866/1501/1494 865/1503/1496
f 937/1502/1495 865/1503/1496 864/1504/1497
f 937/1502/1495 864/1504/1497 936/1505/1498
f 936/1505/1498 864/1504/1497 863/1506/1499
f 936/1505/1498 863/1506/1499 935/1507/1500
f 935/1507/1500 863/1506/1499 862/1508/1501
f 935/1507/1500 862/1508/1501 801/1509/1502
f 801/1509/1502 862/1508/1501 802/1510/1503
f 802/1510/1503 862/1508/1501 803/1511/1504
f 803/1511/1504 862/1508/1501 804/1512/1505
f 804/1512/1505 862/1508/1501 590/1513/1506
f 804/1512/1505 590/1513/1506 805/1514/1507
f 805/1514/1507 590/1513/1506 806/1515/1508
f 806/1515/1508 590/1513/1506 846/1516/1509
f 806/1515/1508 846/1516/1509 807/1517/1510
f 807/1517/1510 846/1516/1509 845/1518/1511
f 807/1517/1510 845/1518/1511 808/1519/1512
f 808/1519/1512 845/1518/1511 844/1520/1513
f 808/1519/1512 844/1520/1513 809/1521/1514
f 809/1521/1514 844/1520/1513 878/1522/1515
f 809/1521/1514 878/1522/1515 810/1523/1516
f 810/1523/1516 878/1522/1515 877/1524/1517
f 810/1523/1516 877/1524/1517 843/1525/1518
f 810/1523/1516 843/1525/1518 811/1526/1519
f 811/1526/1519 843/1525/1518 842/1527/1520
f 811/1526/1519 842/1527/1520 812/1528/1521
f 812/1528/1521 842/1527/1520 841/1529/1522
f 812/1528/1521 841/1529/1522 813/1530/1523
f 813/1530/1523 841/1529/1522 622/1531/1524
f 813/1530/1523 622/1531/1524 814/1532/1525
f 814/1532/1525 622/1531/1524 815/1533/1526
f 815/1533/1526 622/1531/1524 861/1464/1457
f 815/1533/1526 861/1464/1457 816/1466/1459
f 935/1507/1500 801/1509/1502 934/1534/1527
f 934/1534/1527 801/1509/1502 800/1535/1528
f 934/1534/1527 800/1535/1528 799/1536/1529
f 799/1536/1529 798/1537/1530 934/1534/1527
f 934/1534/1527 798/1537/1530 797/1538/1531
f 934/1534/1527 797/1538/1531 933/1539/1532
f 933/1539/1532 797/1538/1531 796/1540/1533
f 933/1539/1532 796/1540/1533 795/1541/1534
f 933/1539/1532 795/1541/1534 932/1542/1535
f 932/1542/1535 795/1541/1534 794/1543/1536
f 932/1542/1535 794/1543/1536 793/1544/1537
f 793/1544/1537 792/1545/1538 932/1542/1535
f 932/1542/1535 792/1545/1538 931/1546/1539
f 931/1546/1539 792/1545/1538 791/1547/1540
f 931/1546/1539 791/1547/1540 790/1548/1541
f 931/1546/1539 790/1548/1541 930/1549/1542
f 930/1549/1542 790/1548/1541 789/1550/1543
f 930/1549/1542 789/1550/1543 788/1551/1544
f 788/1551/1544 787/1552/1545 930/1549/1542
f 930/1549/1542 787/1552/1545 786/1553/1546
f 930/1549/1542 786/1553/1546 785/1465/1458
f 929/1463/1456 930/1549/1542 785/1465/1458
f 926/1554/1547 928/1555/1548 903/1556/1549
f 903/1556/1549 928/1555/1548 927/1557/1550
f 903/1556/1549 927/1557/1550 963/1558/1551
f 928/1555/1548 926/1554/1547 929/1559/1552
f 929/1559/1552 926/1554/1547 925/1560/1553
f 929/1559/1552 925/1560/1553 930/1561/1554
f 930/1561/1554 925/1560/1553 931/1562/1555
f 931/1562/1555 925/1560/1553 924/1563/1556
f 931/1562/1555 924/1563/1556 932/1564/1557
f 932/1564/1557 924/1563/1556 923/1565/1558
f 932/1564/1557 923/1565/1558 933/1566/1559
f 933/1566/1559 923/1565/1558 934/1567/1560
f 934/1567/1560 923/1565/1558 922/1568/1561
f 934/1567/1560 922/1568/1561 935/1569/1562
f 935/1569/1562 922/1568/1561 921/1570/1563
f 935/1569/1562 921/1570/1563 936/1571/1564
f 936/1571/1564 921/1570/1563 937/1572/1565
f 937/1572/1565 921/1570/1563 920/1573/1566
f 937/1572/1565 920/1573/1566 938/1574/1567
f 938/1574/1567 920/1573/1566 939/1575/1568
f 939/1575/1568 920/1573/1566 919/1576/1569
f 939/1575/1568 919/1576/1569 940/1577/1570
f 940/1577/1570 919/1576/1569 918/1578/1571
f 940/1577/1570 918/1578/1571 941/1579/1572
f 941/1579/1572 918/1578/1571 942/1580/1573
f 942/1580/1573 918/1578/1571 917/1581/1574
f 942/1580/1573 917/1581/1574 943/1582/1575
f 943/1582/1575 917/1581/1574 916/1583/1576
f 943/1582/1575 916/1583/1576 944/1584/1577
f 944/1584/1577 916/1583/1576 945/1585/1578
f 945/1585/1578 916/1583/1576 915/1586/1579
f 945/1585/1578 915/1586/1579 946/1587/1580
f 946/1587/1580 915/1586/1579 914/1588/1581
f 946/1587/1580 914/1588/1581 947/1589/1582
f 947/1589/1582 914/1588/1581 948/1590/1583
f 948/1590/1583 914/1588/1581 913/1591/1584
f 948/1590/1583 913/1591/1584 949/1592/1585
f 949/1592/1585 913/1591/1584 912/1593/1586
f 949/1592/1585 912/1593/1586 950/1594/1587
f 950/1594/1587 912/1593/1586 951/1595/1588
f 951/1595/1588 912/1593/1586 911/1596/1589
f 951/1595/1588 911/1596/1589 952/1597/1590
f 952/1597/1590 911/1596/1589 910/1598/1591
f 952/1597/1590 910/1598/1591 953/1599/1592
f 953/1599/1592 910/1598/1591 954/1600/1593
f 954/1600/1593 910/1598/1591 909/1601/1594
f 954/1600/1593 909/1601/1594 955/1602/1595
f 955/1602/1595 909/1601/1594 956/1603/1596
f 956/1603/1596 909/1601/1594 908/1604/1597
f 956/1603/1596 908/1604/1597 957/1605/1598
f 957/1605/1598 908/1604/1597 907/1606/1599
f 957/1605/1598 907/1606/1599 958/1607/1600
f 958/1607/1600 907/1606/1599 959/1608/1601
f 959/1608/1601 907/1606/1599 906/1609/1602
f 959/1608/1601 906/1609/1602 960/1610/1603
f 960/1610/1603 906/1609/1602 905/1611/1604
f 960/1610/1603 905/1611/1604 961/1612/1605
f 961/1612/1605 905/1611/1604 962/1613/1606
f 962/1613/1606 905/1611/1604 904/1614/1607
f 962/1613/1606 904/1614/1607 963/1558/1551
f 963/1558/1551 904/1614/1607 903/1556/1549
f 965/1615/1608 1028/1616/1609 964/1617/1610
f 964/1617/1610 1028/1616/1609 1029/1618/1611
f 964/1617/1610 1029/1618/1611 995/1619/1612
f 995/1619/1612 1029/1618/1611 1051/1620/1613
f 995/1619/1612 1051/1620/1613 994/1621/1614
f 994/1621/1614 1051/1620/1613 1050/1622/1615
f 994/1621/1614 1050/1622/1615 993/1623/1616
f 993/1623/1616 1050/1622/1615 992/1624/1617
f 992/1624/1617 1050/1622/1615 1049/1625/1618
f 992/1624/1617 1049/1625/1618 991/1626/1619
f 991/1626/1619 1049/1625/1618 1048/1627/1620
f 991/1626/1619 1048/1627/1620 990/1628/1621
f 990/1628/1621 1048/1627/1620 989/1629/1622
f 989/1629/1622 1048/1627/1620 1047/1630/1623
f 989/1629/1622 1047/1630/1623 988/1631/1624
f 988/1631/1624 1047/1630/1623 1046/1632/1625
f 988/1631/1624 1046/1632/1625 987/1633/1626
f 987/1633/1626 1046/1632/1625 1045/1634/1627
f 987/1633/1626 1045/1634/1627 986/1635/1628
f 986/1635/1628 1045/1634/1627 1044/1636/1629
f 986/1635/1628 1044/1636/1629 985/1637/1630
f 985/1637/1630 1044/1636/1629 984/1638/1631
f 984/1638/1631 1044/1636/1629 1043/1639/1632
f 984/1638/1631 1043/1639/1632 983/1640/1633
f 983/1640/1633 1043/1639/1632 1042/1641/1634
f 983/1640/1633 1042/1641/1634 982/1642/1635
f 982/1642/1635 1042/1641/1634 981/1643/1636
f 981/1643/1636 1042/1641/1634 1041/1644/1637
f 981/1643/1636 1041/1644/1637 980/1645/1638
f 980/1645/1638 1041/1644/1637 1040/1646/1639
f 980/1645/1638 1040/1646/1639 979/1647/1640
f 979/1647/1640 1040/1646/1639 1039/1648/1641
f 979/1647/1640 1039/1648/1641 978/1649/1642
f 978/1649/1642 1039/1648/1641 977/1650/1643
f 977/1650/1643 1039/1648/1641 1038/1651/1644
f 977/1650/1643 1038/1651/1644 976/1652/1645
f 976/1652/1645 1038/1651/1644 1037/1653/1646
f 976/1652/1645 1037/1653/1646 975/1654/1647
f 975/1654/1647 1037/1653/1646 1036/1655/1648
f 975/1654/1647 1036/1655/1648 974/1656/1649
f 974/1656/1649 1036/1655/1648 973/1657/1650
f 973/1657/1650 1036/1655/1648 1035/1658/1651
f 973/1657/1650 1035/1658/1651 972/1659/1652
f 972/1659/1652 1035/1658/1651 1034/1660/1653
f 972/1659/1652 1034/1660/1653 971/1661/1654
f 971/1661/1654 1034/1660/1653 1033/1662/1655
f 971/1661/1654 1033/1662/1655 970/1663/1656
f 970/1663/1656 1033/1662/1655 969/1664/1657
f 969/1664/1657 1033/1662/1655 1032/1665/1658
f 969/1664/1657 1032/1665/1658 968/1666/1659
f 968/1666/1659 1032/1665/1658 1031/1667/1660
f 968/1666/1659 1031/1667/1660 967/1668/1661
f 967/1669/1661 1031/1670/1660 1030/1671/1662
f 967/1669/1661 1030/1671/1662 966/1672/1663
f 966/1672/1663 1030/1671/1662 965/1615/1608
f 965/1615/1608 1030/1671/1662 1028/1616/1609
f 997/1673/1664 1029/1618/1611 996/1674/1665
f 996/1674/1665 1029/1618/1611 1028/1616/1609
f 996/1674/1665 1028/1616/1609 1027/1675/1666
f 1027/1675/1666 1028/1616/1609 1030/1671/1662
f 1027/1675/1666 1030/1671/1662 1026/1676/1667
f 1026/1676/1667 1030/1671/1662 1025/1677/1668
f 1025/1677/1668 1030/1671/1662 1031/1670/1660
f 1025/1677/1668 1031/1670/1660 1024/1678/1669
f 1024/1679/1669 1031/1667/1660 1032/1665/1658
f 1024/1679/1669 1032/1665/1658 1023/1680/1670
f 1023/1680/1670 1032/1665/1658 1022/1681/1671
f 1022/1681/1671 1032/1665/1658 1033/1662/1655
f 1022/1681/1671 1033/1662/1655 1021/1682/1672
f 1021/1682/1672 1033/1662/1655 1034/1660/1653
f 1021/1682/1672 1034/1660/1653 1020/1683/1673
f 1020/1683/1673 1034/1660/1653 1035/1658/1651
f 1020/1683/1673 1035/1658/1651 1019/1684/1674
f 1019/1684/1674 1035/1658/1651 1036/1655/1648
f 1019/1684/1674 1036/1655/1648 1018/1685/1675
f 1018/1685/1675 1036/1655/1648 1017/1686/1676
f 1017/1686/1676 1036/1655/1648 1037/1653/1646
f 1017/1686/1676 1037/1653/1646 1016/1687/1677
f 1016/1687/1677 1037/1653/1646 1038/1651/1644
f 1016/1687/1677 1038/1651/1644 1015/1688/1678
f 1015/1688/1678 1038/1651/1644 1014/1689/1679
f 1014/1689/1679 1038/1651/1644 1039/1648/1641
f 1014/1689/1679 1039/1648/1641 1013/1690/1680
f 1013/1690/1680 1039/1648/1641 1040/1646/1639
f 1013/1690/1680 1040/1646/1639 1012/1691/1681
f 1012/1691/1681 1040/1646/1639 1041/1644/1637
f 1012/1691/1681 1041/1644/1637 1011/1692/1682
f 1011/1692/1682 1041/1644/1637 1010/1693/1683
f 1010/1693/1683 1041/1644/1637 1042/1641/1634
f 1010/1693/1683 1042/1641/1634 1009/1694/1684
f 1009/1694/1684 1042/1641/1634 1043/1639/1632
f 1009/1694/1684 1043/1639/1632 1008/1695/1685
f 1008/1695/1685 1043/1639/1632 1044/1636/1629
f 1008/1695/1685 1044/1636/1629 1007/1696/1686
f 1007/1696/1686 1044/1636/1629 1006/1697/1687
f 1006/1697/1687 1044/1636/1629 1045/1634/1627
f 1006/1697/1687 1045/1634/1627 1005/1698/1688
f 1005/1698/1688 1045/1634/1627 1046/1632/1625
f 1005/1698/1688 1046/1632/1625 1004/1699/1689
f 1004/1699/1689 1046/1632/1625 1047/1630/1623
f 1004/1699/1689 1047/1630/1623 1003/1700/1690
f 1003/1700/1690 1047/1630/1623 1002/1701/1691
f 1002/1701/1691 1047/1630/1623 1048/1627/1620
f 1002/1701/1691 1048/1627/1620 1001/1702/1692
f 1001/1702/1692 1048/1627/1620 1049/1625/1618
f 1001/1702/1692 1049/1625/1618 1000/1703/1693
f 1000/1703/1693 1049/1625/1618 1050/1622/1615
f 1000/1703/1693 1050/1622/1615 999/1704/1694
f 999/1704/1694 1050/1622/1615 998/1705/1695
f 998/1705/1695 1050/1622/1615 1051/1620/1613
f 998/1705/1695 1051/1620/1613 997/1673/1664
f 997/1673/1664 1051/1620/1613 1029/1618/1611
f 517/1706/1696 531/1707/1697 1066/1708/1698
f 1066/1708/1698 531/1707/1697 1065/1709/1699
f 1065/1709/1699 531/1707/1697 1064/1710/1700
f 1064/1710/1700 531/1707/1697 1063/1711/1701
f 1063/1711/1701 531/1707/1697 1062/1712/1702
f 1062/1712/1702 531/1707/1697 1061/1713/1703
f 1061/1713/1703 531/1707/1697 1060/1714/1704
f 1060/1714/1704 531/1707/1697 1059/1715/1705
f 1059/1715/1705 531/1707/1697 1058/1716/1706
f 1058/1716/1706 531/1707/1697 1057/1717/1707
f 1057/1717/1707 531/1707/1697 1056/1718/1708
f 1056/1718/1708 531/1707/1697 1055/1719/1709
f 1055/1719/1709 531/1707/1697 1054/1720/1710
f 1054/1720/1710 531/1707/1697 1053/1721/1711
f 1053/1721/1711 531/1707/1697 1052/1722/1712
f 1067/1723/1713 1068/1724/1714 1070/1725/1715
f 1070/1725/1715 1068/1724/1714 1069/1726/1716
f 1072/1727/1717 1118/1728/1718 1071/1729/1719
f 1071/1729/1719 1118/1728/1718 1095/1730/1720
f 1071/1731/1719 1095/1732/1720 1094/1733/1721
f 1094/1733/1721 1095/1732/1720 1096/1734/1722
f 1094/1733/1721 1096/1734/1722 1093/1735/1723
f 1093/1735/1723 1096/1734/1722 1097/1736/1724
f 1093/1735/1723 1097/1736/1724 1092/1737/1725
f 1092/1737/1725 1097/1736/1724 1098/1738/1726
f 1092/1737/1725 1098/1738/1726 1091/1739/1727
f 1091/1739/1727 1098/1738/1726 1099/1740/1728
f 1091/1739/1727 1099/1740/1728 1090/1741/1729
f 1090/1741/1729 1099/1740/1728 1100/1742/1730
f 1090/1741/1729 1100/1742/1730 1089/1743/1731
f 1089/1743/1731 1100/1742/1730 1101/1744/1732
f 1089/1743/1731 1101/1744/1732 1088/1745/1733
f 1088/1745/1733 1101/1744/1732 1102/1746/1734
f 1088/1745/1733 1102/1746/1734 1087/1747/1735
f 1087/1747/1735 1102/1746/1734 1103/1748/1736
f 1087/1747/1735 1103/1748/1736 1086/1749/1737
f 1086/1749/1737 1103/1748/1736 1104/1750/1738
f 1086/1749/1737 1104/1750/1738 1085/1751/1739
f 1085/1751/1739 1104/1750/1738 1105/1752/1740
f 1085/1751/1739 1105/1752/1740 1084/1753/1741
f 1084/1753/1741 1105/1752/1740 1106/1754/1742
f 1084/1753/1741 1106/1754/1742 1083/1755/1743
f 1083/1755/1743 1106/1754/1742 1107/1756/1744
f 1083/1755/1743 1107/1756/1744 1082/1757/1745
f 1082/1757/1745 1107/1756/1744 1108/1758/1746
f 1082/1757/1745 1108/1758/1746 1081/1759/1747
f 1081/1759/1747 1108/1758/1746 1109/1760/1748
f 1081/1759/1747 1109/1760/1748 1080/1761/1749
f 1080/1761/1749 1109/1760/1748 1110/1762/1750
f 1080/1761/1749 1110/1762/1750 1079/1763/1751
f 1079/1763/1751 1110/1762/1750 1111/1764/1752
f 1079/1763/1751 1111/1764/1752 1078/1765/1753
f 1078/1765/1753 1111/1764/1752 1112/1766/1754
f 1078/1765/1753 1112/1766/1754 1077/1767/1755
f 1077/1767/1755 1112/1766/1754 1113/1768/1756
f 1077/1767/1755 1113/1768/1756 1076/1769/1757
f 1076/1769/1757 1113/1768/1756 1114/1770/1758
f 1076/1769/1757 1114/1770/1758 1075/1771/1759
f 1075/1771/1759 1114/1770/1758 1115/1772/1760
f 1075/1771/1759 1115/1772/1760 1074/1773/1761
f 1074/1773/1761 1115/1772/1760 1116/1774/1762
f 1074/1773/1761 1116/1774/1762 1073/1775/1763
f 1073/1775/1763 1116/1774/1762 1117/1776/1764
f 1073/1775/1763 1117/1776/1764 1072/1727/1717
f 1072/1727/1717 1117/1776/1764 1118/1728/1718
f 1094/1777/1765 1084/1778/1766 1071/1779/1767
f 1071/1779/1767 1084/1778/1766 1083/1780/1768
f 1071/1779/1767 1083/1780/1768 1072/1781/1769
f 1072/1781/1769 1083/1780/1768 1082/1782/1770
f 1072/1781/1769 1082/1782/1770 1073/1783/1771
f 1073/1783/1771 1082/1782/1770 1081/1784/1772
f 1073/1783/1771 1081/1784/1772 1074/1785/1773
f 1074/1785/1773 1081/1784/1772 1080/1786/1774
f 1074/1785/1773 1080/1786/1774 1075/1787/1775
f 1075/1787/1775 1080/1786/1774 1079/1788/1776
f 1075/1787/1775 1079/1788/1776 1076/1789/1777
f 1076/1789/1777 1079/1788/1776 1078/1790/1778
f 1076/1789/1777 1078/1790/1778 1077/1791/1779
f 1084/1778/1766 1094/1777/1765 1085/1792/1780
f 1085/1792/1780 1094/1777/1765 1093/1793/1781
f 1085/1792/1780 1093/1793/1781 1086/1794/1782
f 1086/1794/1782 1093/1793/1781 1092/1795/1783
f 1086/1794/1782 1092/1795/1783 1087/1796/1784
f 1087/1796/1784 1092/1795/1783 1091/1797/1785
f 1087/1796/1784 1091/1797/1785 1088/1798/1786
f 1088/1798/1786 1091/1797/1785 1090/1799/1787
f 1088/1798/1786 1090/1799/1787 1089/1800/1788
f 551/1801/1789 1153/1802/1790 562/1803/1791
f 562/1803/1791 1153/1802/1790 1154/1804/1792
f 562/1803/1791 1154/1804/1792 1137/1805/1793
f 1137/1805/1793 1154/1804/1792 1155/1806/1794
f 1137/1805/1793 1155/1806/1794 1136/1807/1795
f 1136/1807/1795 1155/1806/1794 1156/1808/1796
f 1136/1807/1795 1156/1808/1796 1135/1809/1797
f 1135/1809/1797 1156/1808/1796 1157/1810/1798
f 1135/1809/1797 1157/1810/1798 1134/1811/1799
f 1134/1811/1799 1157/1810/1798 1158/1812/1800
f 1134/1811/1799 1158/1812/1800 1133/1813/1801
f 1133/1813/1801 1158/1812/1800 1159/1814/1802
f 1133/1813/1801 1159/1814/1802 1132/1815/1803
f 1132/1815/1803 1159/1814/1802 1160/1816/1804
f 1132/1815/1803 1160/1816/1804 1131/1817/1805
f 1131/1817/1805 1160/1816/1804 1161/1818/1806
f 1131/1817/1805 1161/1818/1806 1130/1819/1807
f 1130/1819/1807 1161/1818/1806 1162/1820/1808
f 1130/1819/1807 1162/1820/1808 1129/1821/1809
f 1129/1821/1809 1162/1820/1808 1163/1822/1810
f 1129/1821/1809 1163/1822/1810 1128/1823/1811
f 1128/1823/1811 1163/1822/1810 1164/1824/1812
f 1128/1823/1811 1164/1824/1812 1127/1825/1813
f 1127/1825/1813 1164/1824/1812 1165/1826/1814
f 1127/1825/1813 1165/1826/1814 1126/1827/1815
f 1126/1827/1815 1165/1826/1814 1125/1828/1816
f 1125/1828/1816 1165/1826/1814 1166/1829/1817
f 1125/1828/1816 1166/1829/1817 1124/1830/1818
f 1124/1830/1818 1166/1829/1817 1167/1831/1819
f 1124/1830/1818 1167/1831/1819 1012/1832/1820
f 1012/1832/1820 1167/1831/1819 1168/1833/1821
f 1012/1832/1820 1168/1833/1821 1013/1834/1822
f 1013/1834/1822 1168/1833/1821 1014/1835/1823
f 1014/1835/1823 1168/1833/1821 1015/1836/1824
f 1015/1836/1824 1168/1833/1821 1016/1837/1825
f 1016/1837/1825 1168/1833/1821 1169/1838/1826
f 1016/1837/1825 1169/1838/1826 1017/1839/1827
f 1017/1839/1827 1169/1838/1826 1018/1840/1828
f 1018/1840/1828 1169/1838/1826 1170/1841/1829
f 1018/1840/1828 1170/1841/1829 1019/1842/1830
f 1019/1842/1830 1170/1841/1829 1020/1843/1831
f 1020/1843/1831 1170/1841/1829 1021/1844/1832
f 1021/1844/1832 1170/1841/1829 1171/1845/1833
f 1021/1844/1832 1171/1845/1833 1022/1846/1834
f 1022/1846/1834 1171/1845/1833 1023/1847/1835
f 1023/1847/1835 1171/1845/1833 1172/1848/1836
f 1023/1847/1835 1172/1848/1836 1024/1849/1837
f 1024/1849/1837 1172/1848/1836 1025/1850/1838
f 1025/1850/1838 1172/1848/1836 1026/1851/1839
f 1026/1851/1839 1172/1848/1836 1027/1852/1840
f 1027/1852/1840 1172/1848/1836 1173/1853/1841
f 1027/1852/1840 1173/1853/1841 996/1854/1842
f 996/1854/1842 1173/1853/1841 1052/1855/1843
f 996/1854/1842 1052/1855/1843 997/1856/1844
f 997/1856/1844 1052/1855/1843 998/1857/1845
f 998/1857/1845 1052/1855/1843 531/1858/1846
f 998/1857/1845 531/1858/1846 999/1859/1847
f 999/1859/1847 531/1858/1846 1000/1860/1848
f 1000/1860/1848 531/1858/1846 1119/1861/1849
f 1000/1860/1848 1119/1861/1849 1001/1862/1850
f 1001/1862/1850 1119/1861/1849 1120/1863/1851
f 1001/1862/1850 1120/1863/1851 1002/1864/1852
f 1002/1864/1852 1120/1863/1851 1067/1865/1853
f 1002/1864/1852 1067/1865/1853 1003/1866/1854
f 1003/1866/1854 1067/1865/1853 1070/1867/1855
f 1003/1866/1854 1070/1867/1855 1069/1868/1856
f 551/1801/1789 550/1869/1857 1153/1802/1790
f 1153/1802/1790 550/1869/1857 549/1870/1858
f 1153/1802/1790 549/1870/1858 1152/1871/1859
f 1152/1871/1859 549/1870/1858 548/1872/1860
f 1152/1871/1859 548/1872/1860 547/1873/1861
f 547/1873/1861 546/1874/1862 1152/1871/1859
f 1152/1871/1859 546/1874/1862 545/1875/1863
f 1152/1871/1859 545/1875/1863 544/1876/1864
f 544/1876/1864 543/1877/1865 1152/1871/1859
f 1152/1871/1859 543/1877/1865 1151/1878/1866
f 1151/1878/1866 543/1877/1865 542/1879/1867
f 1151/1878/1866 542/1879/1867 518/1880/1868
f 518/1880/1868 517/1881/1869 1151/1878/1866
f 1151/1878/1866 517/1881/1869 1150/1882/1870
f 1150/1882/1870 517/1881/1869 1066/1883/1871
f 1150/1882/1870 1066/1883/1871 1149/1884/1872
f 1149/1884/1872 1066/1883/1871 1065/1885/1873
f 1149/1884/1872 1065/1885/1873 1148/1886/1874
f 1148/1886/1874 1065/1885/1873 1064/1887/1875
f 1148/1886/1874 1064/1887/1875 1147/1888/1876
f 1147/1888/1876 1064/1887/1875 1063/1889/1877
f 1147/1888/1876 1063/1889/1877 1146/1890/1878
f 1146/1890/1878 1063/1889/1877 1062/1891/1879
f 1146/1890/1878 1062/1891/1879 1145/1892/1880
f 1145/1892/1880 1062/1891/1879 1061/1893/1881
f 1145/1892/1880 1061/1893/1881 1144/1894/1882
f 1144/1894/1882 1061/1893/1881 1060/1895/1883
f 1144/1894/1882 1060/1895/1883 1143/1896/1884
f 1143/1896/1884 1060/1895/1883 1059/1897/1885
f 1143/1896/1884 1059/1897/1885 1142/1898/1886
f 1142/1898/1886 1059/1897/1885 1058/1899/1887
f 1142/1898/1886 1058/1899/1887 1141/1900/1888
f 1141/1900/1888 1058/1899/1887 1057/1901/1889
f 1141/1900/1888 1057/1901/1889 1140/1902/1890
f 1140/1902/1890 1057/1901/1889 1056/1903/1891
f 1140/1902/1890 1056/1903/1891 1139/1904/1892
f 1139/1904/1892 1056/1903/1891 1055/1905/1893
f 1139/1904/1892 1055/1905/1893 1138/1906/1894
f 1138/1907/1894 1055/1908/1893 1054/1909/1895
f 1138/1907/1894 1054/1909/1895 1174/1910/1896
f 1174/1910/1896 1054/1909/1895 1053/1911/1897
f 1174/1910/1896 1053/1911/1897 1173/1853/1841
f 1173/1853/1841 1053/1911/1897 1052/1855/1843
f 1003/1866/1854 1069/1868/1856 1004/1912/1898
f 1004/1912/1898 1069/1868/1856 1068/1913/1899
f 1004/1912/1898 1068/1913/1899 1005/1914/1900
f 1005/1914/1900 1068/1913/1899 1121/1915/1901
f 1005/1914/1900 1121/1915/1901 1006/1916/1902
f 1006/1916/1902 1121/1915/1901 1122/1917/1903
f 1006/1916/1902 1122/1917/1903 1007/1918/1904
f 1007/1918/1904 1122/1917/1903 563/1919/1905
f 1007/1918/1904 563/1919/1905 1008/1920/1906
f 1008/1920/1906 563/1919/1905 1009/1921/1907
f 1009/1921/1907 563/1919/1905 1123/1922/1908
f 1009/1921/1907 1123/1922/1908 1010/1923/1909
f 1010/1923/1909 1123/1922/1908 1011/1924/1910
f 1011/1924/1910 1123/1922/1908 1012/1832/1820
f 1012/1832/1820 1123/1922/1908 1124/1830/1818
f 1118/1925/1911 1139/1926/1912 1095/1927/1913
f 1095/1927/1913 1139/1926/1912 1138/1928/1914
f 1095/1927/1913 1138/1928/1914 1174/1929/1915
f 1139/1926/1912 1118/1925/1911 1140/1930/1916
f 1140/1930/1916 1118/1925/1911 1117/1931/1917
f 1140/1930/1916 1117/1931/1917 1141/1932/1918
f 1141/1932/1918 1117/1931/1917 1142/1933/1919
f 1142/1933/1919 1117/1931/1917 1116/1934/1920
f 1142/1933/1919 1116/1934/1920 1143/1935/1921
f 1143/1935/1921 1116/1934/1920 1115/1936/1922
f 1143/1935/1921 1115/1936/1922 1144/1937/1923
f 1144/1937/1923 1115/1936/1922 1145/1938/1924
f 1145/1938/1924 1115/1936/1922 1114/1939/1925
f 1145/1938/1924 1114/1939/1925 1146/1940/1926
f 1146/1940/1926 1114/1939/1925 1113/1941/1927
f 1146/1940/1926 1113/1941/1927 1147/1942/1928
f 1147/1942/1928 1113/1941/1927 1148/1943/1929
f 1148/1943/1929 1113/1941/1927 1112/1944/1930
f 1148/1943/1929 1112/1944/1930 1149/1945/1931
f 1149/1945/1931 1112/1944/1930 1150/1946/1932
f 1150/1946/1932 1112/1944/1930 1111/1947/1933
f 1150/1946/1932 1111/1947/1933 1151/1948/1934
f 1151/1948/1934 1111/1947/1933 1110/1949/1935
f 1151/1948/1934 1110/1949/1935 1152/1950/1936
f 1152/1950/1936 1110/1949/1935 1153/1951/1937
f 1153/1951/1937 1110/1949/1935 1109/1952/1938
f 1153/1951/1937 1109/1952/1938 1154/1953/1939
f 1154/1953/1939 1109/1952/1938 1108/1954/1940
f 1154/1953/1939 1108/1954/1940 1155/1955/1941
f 1155/1955/1941 1108/1954/1940 1156/1956/1942
f 1156/1956/1942 1108/1954/1940 1107/1957/1943
f 1156/1956/1942 1107/1957/1943 1157/1958/1944
f 1157/1958/1944 1107/1957/1943 1106/1959/1945
f 1157/1958/1944 1106/1959/1945 1158/1960/1946
f 1158/1960/1946 1106/1959/1945 1159/1961/1947
f 1159/1961/1947 1106/1959/1945 1105/1962/1948
f 1159/1961/1947 1105/1962/1948 1160/1963/1949
f 1160/1963/1949 1105/1962/1948 1104/1964/1950
f 1160/1963/1949 1104/1964/1950 1161/1965/1951
f 1161/1965/1951 1104/1964/1950 1162/1966/1952
f 1162/1966/1952 1104/1964/1950 1103/1967/1953
f 1162/1966/1952 1103/1967/1953 1163/1968/1954
f 1163/1968/1954 1103/1967/1953 1102/1969/1955
f 1163/1968/1954 1102/1969/1955 1164/1970/1956
f 1164/1970/1956 1102/1969/1955 1165/1971/1957
f 1165/1971/1957 1102/1969/1955 1101/1972/1958
f 1165/1971/1957 1101/1972/1958 1166/1973/1959
f 1166/1973/1959 1101/1972/1958 1167/1974/1960
f 1167/1974/1960 1101/1972/1958 1100/1975/1961
f 1167/1974/1960 1100/1975/1961 1168/1976/1962
f 1168/1976/1962 1100/1975/1961 1099/1977/1963
f 1168/1976/1962 1099/1977/1963 1169/1978/1964
f 1169/1978/1964 1099/1977/1963 1170/1979/1965
f 1170/1979/1965 1099/1977/1963 1098/1980/1966
f 1170/1979/1965 1098/1980/1966 1171/1981/1967
f 1171/1981/1967 1098/1980/1966 1097/1982/1968
f 1171/1981/1967 1097/1982/1968 1172/1983/1969
f 1172/1983/1969 1097/1982/1968 1173/1984/1970
f 1173/1984/1970 1097/1982/1968 1096/1985/1971
f 1173/1984/1970 1096/1985/1971 1174/1929/1915
f 1174/1929/1915 1096/1985/1971 1095/1927/1913
f 562/1986/1972 1137/1987/1973 563/1988/1974
f 563/1988/1974 1137/1987/1973 1136/1989/1975
f 563/1988/1974 1136/1989/1975 1135/1990/1976
f 1135/1990/1976 1134/1991/1977 563/1988/1974
f 563/1988/1974 1134/1991/1977 1133/1992/1978
f 563/1988/1974 1133/1992/1978 1132/1993/1979
f 1132/1993/1979 1131/1994/1980 563/1988/1974
f 563/1988/1974 1131/1994/1980 1130/1995/1981
f 563/1988/1974 1130/1995/1981 1129/1996/1982
f 1129/1996/1982 1128/1997/1983 563/1988/1974
f 563/1988/1974 1128/1997/1983 1123/1998/1984
f 1123/1998/1984 1128/1997/1983 1127/1999/1985
f 1123/1998/1984 1127/1999/1985 1124/2000/1986
f 1124/2000/1986 1127/1999/1985 1126/2001/1987
f 1124/2000/1986 1126/2001/1987 1125/2002/1988
f 563/2003/1989 1122/2004/1990 564/2005/1991
f 564/2005/1991 1122/2004/1990 1121/2006/1992
f 564/2005/1991 1121/2006/1992 1068/2007/1993
f 1067/2008/1994 1120/2009/1995 530/2010/1996
f 530/2010/1996 1120/2009/1995 1119/2011/1997
f 530/2010/1996 1119/2011/1997 531/2012/1998
f 566/2013/1999 575/2014/2000 533/2015/2001
f 533/2015/2001 575/2014/2000 534/2016/2002
f 575/2017/2003 574/2018/2004 534/2019/2005
f 534/2019/2005 574/2018/2004 535/2020/2006
f 535/2021/2007 574/2022/2008 536/2023/2009
f 536/2023/2009 574/2022/2008 573/2024/2010
f 536/2023/2009 573/2024/2010 537/2025/2011
f 537/2025/2011 573/2024/2010 572/2026/2012
f 537/2025/2011 572/2026/2012 538/2027/2013
f 538/2027/2013 572/2026/2012 571/2028/2014
f 538/2027/2013 571/2028/2014 539/2029/2015
f 539/2029/2015 571/2028/2014 570/2030/2016
f 539/2029/2015 570/2030/2016 540/2031/2017
f 540/2031/2017 570/2030/2016 569/2032/2018
f 540/2031/2017 569/2032/2018 541/2033/2019
f 541/2033/2019 569/2032/2018 568/2034/2020
f 541/2033/2019 568/2034/2020 532/2035/2021
f 532/2035/2021 568/2034/2020 567/2036/2022
f 567/2037/2023 566/2038/2024 532/2039/2025
f 532/2039/2025 566/2038/2024 533/2040/2026
f 561/2041/2027 565/2042/2028 528/2043/2029
f 528/2043/2029 565/2042/2028 529/2044/2030
f 564/2045/2031 1068/2046/2032 565/2047/2033
f 565/2047/2033 1068/2046/2032 529/2048/2034
f 529/2048/2034 1068/2046/2032 1067/2049/2035
f 529/2048/2034 1067/2049/2035 530/2050/2036
f 681/2051/2037 1175/2052/2038 682/2053/2039
f 682/2053/2039 1175/2052/2038 1176/2054/2040
f 682/2053/2039 1176/2054/2040 1177/2055/2041
f 1178/2056/2042 1179/2057/2043 648/2058/2044
f 648/2058/2044 1179/2057/2043 1180/2059/2045
f 648/2058/2044 1180/2059/2045 649/2060/2046
f 684/2061/2047 693/2062/2048 651/2063/2049
f 651/2063/2049 693/2062/2048 652/2064/2050
f 693/2065/2051 692/2066/2052 652/2067/2053
f 652/2067/2053 692/2066/2052 653/2068/2054
f 653/2069/2055 692/2070/2056 654/2071/2057
f 654/2071/2057 692/2070/2056 691/2072/2058
f 654/2071/2057 691/2072/2058 655/2073/2059
f 655/2073/2059 691/2072/2058 690/2074/2060
f 655/2073/2059 690/2074/2060 656/2075/2061
f 656/2075/2061 690/2074/2060 689/2076/2062
f 656/2075/2061 689/2076/2062 657/2077/2063
f 657/2077/2063 689/2076/2062 688/2078/2064
f 657/2077/2063 688/2078/2064 658/2079/2065
f 658/2079/2065 688/2078/2064 687/2080/2066
f 658/2079/2065 687/2080/2066 659/2081/2067
f 659/2081/2067 687/2080/2066 686/2082/2068
f 659/2081/2067 686/2082/2068 650/2083/2069
f 650/2083/2069 686/2082/2068 685/2084/2070
f 685/2085/2071 684/2086/2072 650/2087/2073
f 650/2087/2073 684/2086/2072 651/2088/2074
f 679/2089/2075 683/2090/2076 646/2091/2077
f 646/2091/2077 683/2090/2076 647/2092/2078
f 682/2093/2079 1177/2094/2080 683/2095/2081
f 683/2095/2081 1177/2094/2080 647/2096/2082
f 647/2096/2082 1177/2094/2080 1178/2097/2083
f 647/2096/2082 1178/2097/2083 648/2098/2084
f 681/2099/2085 680/2100/2086 1195/2101/2087
f 1195/2101/2087 680/2100/2086 1194/2102/2088
f 1194/2102/2088 680/2100/2086 1193/2103/2089
f 1193/2103/2089 680/2100/2086 1192/2104/2090
f 1192/2104/2090 680/2100/2086 1191/2105/2091
f 1191/2105/2091 680/2100/2086 1190/2106/2092
f 1190/2106/2092 680/2100/2086 1189/2107/2093
f 1189/2107/2093 680/2100/2086 1188/2108/2094
f 1188/2108/2094 680/2100/2086 1187/2109/2095
f 1187/2109/2095 680/2100/2086 1186/2110/2096
f 1186/2110/2096 680/2100/2086 1185/2111/2097
f 1185/2111/2097 680/2100/2086 1184/2112/2098
f 1184/2112/2098 680/2100/2086 1183/2113/2099
f 1183/2113/2099 680/2100/2086 1182/2114/2100
f 1182/2114/2100 680/2100/2086 1181/2115/2101
f 649/2116/2102 1196/2117/2103 635/2118/2104
f 635/2118/2104 1196/2117/2103 1197/2119/2105
f 635/2118/2104 1197/2119/2105 1198/2120/2106
f 1198/2120/2106 1199/2121/2107 635/2118/2104
f 635/2118/2104 1199/2121/2107 1200/2122/2108
f 635/2118/2104 1200/2122/2108 1201/2123/2109
f 1201/2123/2109 1202/2124/2110 635/2118/2104
f 635/2118/2104 1202/2124/2110 1203/2125/2111
f 635/2118/2104 1203/2125/2111 1204/2126/2112
f 1204/2126/2112 1205/2127/2113 635/2118/2104
f 635/2118/2104 1205/2127/2113 1210/2128/2114
f 1210/2128/2114 1205/2127/2113 1206/2129/2115
f 1210/2128/2114 1206/2129/2115 1209/2130/2116
f 1209/2130/2116 1206/2129/2115 1207/2131/2117
f 1209/2130/2116 1207/2131/2117 1208/2132/2118
f 1177/2133/2119 1211/2134/2120 1178/2135/2121
f 1178/2135/2121 1211/2134/2120 1212/2136/2122
f 1214/2137/2123 1277/2138/2124 1213/2139/2125
f 1213/2139/2125 1277/2138/2124 1278/2140/2126
f 1213/2139/2125 1278/2140/2126 1244/2141/2127
f 1244/2141/2127 1278/2140/2126 1300/2142/2128
f 1244/2141/2127 1300/2142/2128 1243/2143/2129
f 1243/2143/2129 1300/2142/2128 1299/2144/2130
f 1243/2143/2129 1299/2144/2130 1242/2145/2131
f 1242/2145/2131 1299/2144/2130 1241/2146/2132
f 1241/2146/2132 1299/2144/2130 1298/2147/2133
f 1241/2146/2132 1298/2147/2133 1240/2148/2134
f 1240/2148/2134 1298/2147/2133 1297/2149/2135
f 1240/2148/2134 1297/2149/2135 1239/2150/2136
f 1239/2150/2136 1297/2149/2135 1296/2151/2137
f 1239/2150/2136 1296/2151/2137 1238/2152/2138
f 1238/2152/2138 1296/2151/2137 1237/2153/2139
f 1237/2153/2139 1296/2151/2137 1295/2154/2140
f 1237/2153/2139 1295/2154/2140 1236/2155/2141
f 1236/2155/2141 1295/2154/2140 1294/2156/2142
f 1236/2155/2141 1294/2156/2142 1235/2157/2143
f 1235/2157/2143 1294/2156/2142 1293/2158/2144
f 1235/2157/2143 1293/2158/2144 1234/2159/2145
f 1234/2159/2145 1293/2158/2144 1233/2160/2146
f 1233/2160/2146 1293/2158/2144 1292/2161/2147
f 1233/2160/2146 1292/2161/2147 1232/2162/2148
f 1232/2162/2148 1292/2161/2147 1291/2163/2149
f 1232/2162/2148 1291/2163/2149 1231/2164/2150
f 1231/2164/2150 1291/2163/2149 1290/2165/2151
f 1231/2164/2150 1290/2165/2151 1230/2166/2152
f 1230/2166/2152 1290/2165/2151 1229/2167/2153
f 1229/2167/2153 1290/2165/2151 1289/2168/2154
f 1229/2167/2153 1289/2168/2154 1228/2169/2155
f 1228/2169/2155 1289/2168/2154 1288/2170/2156
f 1228/2169/2155 1288/2170/2156 1227/2171/2157
f 1227/2171/2157 1288/2170/2156 1287/2172/2158
f 1227/2171/2157 1287/2172/2158 1226/2173/2159
f 1226/2173/2159 1287/2172/2158 1225/2174/2160
f 1225/2174/2160 1287/2172/2158 1286/2175/2161
f 1225/2174/2160 1286/2175/2161 1224/2176/2162
f 1224/2176/2162 1286/2175/2161 1285/2177/2163
f 1224/2176/2162 1285/2177/2163 1223/2178/2164
f 1223/2178/2164 1285/2177/2163 1222/2179/2165
f 1222/2179/2165 1285/2177/2163 1284/2180/2166
f 1222/2179/2165 1284/2180/2166 1221/2181/2167
f 1221/2181/2167 1284/2180/2166 1283/2182/2168
f 1221/2181/2167 1283/2182/2168 1220/2183/2169
f 1220/2183/2169 1283/2182/2168 1282/2184/2170
f 1220/2183/2169 1282/2184/2170 1219/2185/2171
f 1219/2185/2171 1282/2184/2170 1281/2186/2172
f 1219/2185/2171 1281/2186/2172 1218/2187/2173
f 1218/2187/2173 1281/2186/2172 1217/2188/2174
f 1217/2188/2174 1281/2186/2172 1280/2189/2175
f 1217/2188/2174 1280/2189/2175 1216/2190/2176
f 1216/2191/2176 1280/2192/2175 1279/2193/2177
f 1216/2191/2176 1279/2193/2177 1215/2194/2178
f 1215/2194/2178 1279/2193/2177 1214/2137/2123
f 1214/2137/2123 1279/2193/2177 1277/2138/2124
f 1246/2195/2179 1278/2140/2126 1245/2196/2180
f 1245/2196/2180 1278/2140/2126 1277/2138/2124
f 1245/2196/2180 1277/2138/2124 1276/2197/2181
f 1276/2197/2181 1277/2138/2124 1279/2193/2177
f 1276/2197/2181 1279/2193/2177 1275/2198/2182
f 1275/2198/2182 1279/2193/2177 1274/2199/2183
f 1274/2199/2183 1279/2193/2177 1280/2192/2175
f 1274/2199/2183 1280/2192/2175 1273/2200/2184
f 1273/2201/2184 1280/2189/2175 1281/2186/2172
f 1273/2201/2184 1281/2186/2172 1272/2202/2185
f 1272/2202/2185 1281/2186/2172 1282/2184/2170
f 1272/2202/2185 1282/2184/2170 1271/2203/2186
f 1271/2203/2186 1282/2184/2170 1270/2204/2187
f 1270/2204/2187 1282/2184/2170 1283/2182/2168
f 1270/2204/2187 1283/2182/2168 1269/2205/2188
f 1269/2205/2188 1283/2182/2168 1284/2180/2166
f 1269/2205/2188 1284/2180/2166 1268/2206/2189
f 1268/2206/2189 1284/2180/2166 1285/2177/2163
f 1268/2206/2189 1285/2177/2163 1267/2207/2190
f 1267/2207/2190 1285/2177/2163 1266/2208/2191
f 1266/2208/2191 1285/2177/2163 1286/2175/2161
f 1266/2208/2191 1286/2175/2161 1265/2209/2192
f 1265/2209/2192 1286/2175/2161 1287/2172/2158
f 1265/2209/2192 1287/2172/2158 1264/2210/2193
f 1264/2210/2193 1287/2172/2158 1288/2170/2156
f 1264/2210/2193 1288/2170/2156 1263/2211/2194
f 1263/2211/2194 1288/2170/2156 1262/2212/2195
f 1262/2212/2195 1288/2170/2156 1289/2168/2154
f 1262/2212/2195 1289/2168/2154 1261/2213/2196
f 1261/2213/2196 1289/2168/2154 1290/2165/2151
f 1261/2213/2196 1290/2165/2151 1260/2214/2197
f 1260/2214/2197 1290/2165/2151 1291/2163/2149
f 1260/2214/2197 1291/2163/2149 1259/2215/2198
f 1259/2215/2198 1291/2163/2149 1258/2216/2199
f 1258/2216/2199 1291/2163/2149 1292/2161/2147
f 1258/2216/2199 1292/2161/2147 1257/2217/2200
f 1257/2217/2200 1292/2161/2147 1293/2158/2144
f 1257/2217/2200 1293/2158/2144 1256/2218/2201
f 1256/2218/2201 1293/2158/2144 1255/2219/2202
f 1255/2219/2202 1293/2158/2144 1294/2156/2142
f 1255/2219/2202 1294/2156/2142 1254/2220/2203
f 1254/2220/2203 1294/2156/2142 1295/2154/2140
f 1254/2220/2203 1295/2154/2140 1253/2221/2204
f 1253/2221/2204 1295/2154/2140 1296/2151/2137
f 1253/2221/2204 1296/2151/2137 1252/2222/2205
f 1252/2222/2205 1296/2151/2137 1297/2149/2135
f 1252/2222/2205 1297/2149/2135 1251/2223/2206
f 1251/2223/2206 1297/2149/2135 1250/2224/2207
f 1250/2224/2207 1297/2149/2135 1298/2147/2133
f 1250/2224/2207 1298/2147/2133 1249/2225/2208
f 1249/2225/2208 1298/2147/2133 1299/2144/2130
f 1249/2225/2208 1299/2144/2130 1248/2226/2209
f 1248/2226/2209 1299/2144/2130 1247/2227/2210
f 1247/2227/2210 1299/2144/2130 1300/2142/2128
f 1247/2227/2210 1300/2142/2128 1246/2195/2179
f 1246/2195/2179 1300/2142/2128 1278/2140/2126
f 1302/2228/2211 1366/2229/2212 1301/2230/2213
f 1301/2230/2213 1366/2229/2212 1365/2231/2214
f 1301/2230/2213 1365/2231/2214 1332/2232/2215
f 1332/2232/2215 1365/2231/2214 1388/2233/2216
f 1332/2232/2215 1388/2233/2216 1331/2234/2217
f 1331/2234/2217 1388/2233/2216 1330/2235/2218
f 1330/2235/2218 1388/2233/2216 1387/2236/2219
f 1330/2235/2218 1387/2236/2219 1329/2237/2220
f 1329/2238/2220 1387/2239/2219 1386/2240/2221
f 1329/2238/2220 1386/2240/2221 1328/2241/2222
f 1328/2241/2222 1386/2240/2221 1327/2242/2223
f 1327/2242/2223 1386/2240/2221 1385/2243/2224
f 1327/2242/2223 1385/2243/2224 1326/2244/2225
f 1326/2244/2225 1385/2243/2224 1384/2245/2226
f 1326/2244/2225 1384/2245/2226 1325/2246/2227
f 1325/2246/2227 1384/2245/2226 1383/2247/2228
f 1325/2246/2227 1383/2247/2228 1324/2248/2229
f 1324/2248/2229 1383/2247/2228 1382/2249/2230
f 1324/2248/2229 1382/2249/2230 1323/2250/2231
f 1323/2250/2231 1382/2249/2230 1322/2251/2232
f 1322/2251/2232 1382/2249/2230 1381/2252/2233
f 1322/2251/2232 1381/2252/2233 1321/2253/2234
f 1321/2253/2234 1381/2252/2233 1380/2254/2235
f 1321/2253/2234 1380/2254/2235 1320/2255/2236
f 1320/2255/2236 1380/2254/2235 1319/2256/2237
f 1319/2256/2237 1380/2254/2235 1379/2257/2238
f 1319/2256/2237 1379/2257/2238 1318/2258/2239
f 1318/2258/2239 1379/2257/2238 1378/2259/2240
f 1318/2258/2239 1378/2259/2240 1317/2260/2241
f 1317/2260/2241 1378/2259/2240 1377/2261/2242
f 1317/2260/2241 1377/2261/2242 1316/2262/2243
f 1316/2262/2243 1377/2261/2242 1315/2263/2244
f 1315/2263/2244 1377/2261/2242 1376/2264/2245
f 1315/2263/2244 1376/2264/2245 1314/2265/2246
f 1314/2265/2246 1376/2264/2245 1375/2266/2247
f 1314/2265/2246 1375/2266/2247 1313/2267/2248
f 1313/2267/2248 1375/2266/2247 1374/2268/2249
f 1313/2267/2248 1374/2268/2249 1312/2269/2250
f 1312/2269/2250 1374/2268/2249 1311/2270/2251
f 1311/2270/2251 1374/2268/2249 1373/2271/2252
f 1311/2270/2251 1373/2271/2252 1310/2272/2253
f 1310/2272/2253 1373/2271/2252 1372/2273/2254
f 1310/2272/2253 1372/2273/2254 1309/2274/2255
f 1309/2274/2255 1372/2273/2254 1371/2275/2256
f 1309/2274/2255 1371/2275/2256 1308/2276/2257
f 1308/2276/2257 1371/2275/2256 1307/2277/2258
f 1307/2277/2258 1371/2275/2256 1370/2278/2259
f 1307/2277/2258 1370/2278/2259 1306/2279/2260
f 1306/2279/2260 1370/2278/2259 1369/2280/2261
f 1306/2279/2260 1369/2280/2261 1305/2281/2262
f 1305/2281/2262 1369/2280/2261 1368/2282/2263
f 1305/2281/2262 1368/2282/2263 1304/2283/2264
f 1304/2283/2264 1368/2282/2263 1303/2284/2265
f 1303/2284/2265 1368/2282/2263 1367/2285/2266
f 1303/2284/2265 1367/2285/2266 1302/2228/2211
f 1302/2228/2211 1367/2285/2266 1366/2229/2212
f 1334/2286/2267 1365/2231/2214 1333/2287/2268
f 1333/2287/2268 1365/2231/2214 1366/2229/2212
f 1333/2287/2268 1366/2229/2212 1364/2288/2269
f 1364/2288/2269 1366/2229/2212 1367/2285/2266
f 1364/2288/2269 1367/2285/2266 1363/2289/2270
f 1363/2289/2270 1367/2285/2266 1368/2282/2263
f 1363/2289/2270 1368/2282/2263 1362/2290/2271
f 1362/2290/2271 1368/2282/2263 1361/2291/2272
f 1361/2291/2272 1368/2282/2263 1369/2280/2261
f 1361/2291/2272 1369/2280/2261 1360/2292/2273
f 1360/2292/2273 1369/2280/2261 1370/2278/2259
f 1360/2292/2273 1370/2278/2259 1359/2293/2274
f 1359/2293/2274 1370/2278/2259 1358/2294/2275
f 1358/2294/2275 1370/2278/2259 1371/2275/2256
f 1358/2294/2275 1371/2275/2256 1357/2295/2276
f 1357/2295/2276 1371/2275/2256 1372/2273/2254
f 1357/2295/2276 1372/2273/2254 1356/2296/2277
f 1356/2296/2277 1372/2273/2254 1373/2271/2252
f 1356/2296/2277 1373/2271/2252 1355/2297/2278
f 1355/2297/2278 1373/2271/2252 1374/2268/2249
f 1355/2297/2278 1374/2268/2249 1354/2298/2279
f 1354/2298/2279 1374/2268/2249 1353/2299/2280
f 1353/2299/2280 1374/2268/2249 1375/2266/2247
f 1353/2299/2280 1375/2266/2247 1352/2300/2281
f 1352/2300/2281 1375/2266/2247 1376/2264/2245
f 1352/2300/2281 1376/2264/2245 1351/2301/2282
f 1351/2301/2282 1376/2264/2245 1350/2302/2283
f 1350/2302/2283 1376/2264/2245 1377/2261/2242
f 1350/2302/2283 1377/2261/2242 1349/2303/2284
f 1349/2303/2284 1377/2261/2242 1378/2259/2240
f 1349/2303/2284 1378/2259/2240 1348/2304/2285
f 1348/2304/2285 1378/2259/2240 1379/2257/2238
f 1348/2304/2285 1379/2257/2238 1347/2305/2286
f 1347/2305/2286 1379/2257/2238 1346/2306/2287
f 1346/2306/2287 1379/2257/2238 1380/2254/2235
f 1346/2306/2287 1380/2254/2235 1345/2307/2288
f 1345/2307/2288 1380/2254/2235 1381/2252/2233
f 1345/2307/2288 1381/2252/2233 1344/2308/2289
f 1344/2308/2289 1381/2252/2233 1382/2249/2230
f 1344/2308/2289 1382/2249/2230 1343/2309/2290
f 1343/2309/2290 1382/2249/2230 1342/2310/2291
f 1342/2310/2291 1382/2249/2230 1383/2247/2228
f 1342/2310/2291 1383/2247/2228 1341/2311/2292
f 1341/2311/2292 1383/2247/2228 1384/2245/2226
f 1341/2311/2292 1384/2245/2226 1340/2312/2293
f 1340/2312/2293 1384/2245/2226 1385/2243/2224
f 1340/2312/2293 1385/2243/2224 1339/2313/2294
f 1339/2313/2294 1385/2243/2224 1338/2314/2295
f 1338/2314/2295 1385/2243/2224 1386/2240/2221
f 1338/2314/2295 1386/2240/2221 1337/2315/2296
f 1337/2315/2296 1386/2240/2221 1387/2239/2219
f 1337/2315/2296 1387/2239/2219 1336/2316/2297
f 1336/2317/2297 1387/2236/2219 1388/2233/2216
f 1336/2317/2297 1388/2233/2216 1335/2318/2298
f 1335/2318/2298 1388/2233/2216 1334/2286/2267
f 1334/2286/2267 1388/2233/2216 1365/2231/2214
f 1389/2319/2299 1390/2320/2300 1392/2321/2301
f 1392/2321/2301 1390/2320/2300 1391/2322/2302
f 995/2323/2303 1401/2324/2304 964/2325/2305
f 964/2325/2305 1401/2324/2304 1406/2326/2306
f 964/2325/2305 1406/2326/2306 1407/2327/2307
f 1401/2324/2304 995/2323/2303 1400/2328/2308
f 1400/2328/2308 995/2323/2303 994/2329/2309
f 1400/2328/2308 994/2329/2309 993/2330/2310
f 993/2330/2310 992/2331/2311 1400/2328/2308
f 1400/2328/2308 992/2331/2311 991/2332/2312
f 1400/2328/2308 991/2332/2312 1399/2333/2313
f 1399/2333/2313 991/2332/2312 990/2334/2314
f 1399/2333/2313 990/2334/2314 989/2335/2315
f 1399/2333/2313 989/2335/2315 1398/2336/2316
f 1398/2336/2316 989/2335/2315 988/2337/2317
f 1398/2336/2316 988/2337/2317 987/2338/2318
f 987/2338/2318 986/2339/2319 1398/2336/2316
f 1398/2336/2316 986/2339/2319 1397/2340/2320
f 1397/2340/2320 986/2339/2319 985/2341/2321
f 1397/2340/2320 985/2341/2321 984/2342/2322
f 984/2342/2322 983/2343/2323 1397/2340/2320
f 1397/2340/2320 983/2343/2323 1396/2344/2324
f 1396/2344/2324 983/2343/2323 982/2345/2325
f 1396/2344/2324 982/2345/2325 981/2346/2326
f 981/2346/2326 980/2347/2327 1396/2344/2324
f 1396/2344/2324 980/2347/2327 1411/2348/2328
f 1396/2344/2324 1411/2348/2328 1395/2349/2329
f 1395/2349/2329 1411/2348/2328 1412/2350/2330
f 1395/2349/2329 1412/2350/2330 1394/2351/2331
f 1394/2351/2331 1412/2350/2330 1413/2352/2332
f 1394/2351/2331 1413/2352/2332 1393/2353/2333
f 1393/2353/2333 1413/2352/2332 1414/2354/2334
f 980/2347/2327 979/2355/2335 1411/2348/2328
f 1411/2348/2328 979/2355/2335 978/2356/2336
f 1411/2348/2328 978/2356/2336 977/2357/2337
f 1411/2348/2328 977/2357/2337 1410/2358/2338
f 1410/2358/2338 977/2357/2337 976/2359/2339
f 1410/2358/2338 976/2359/2339 975/2360/2340
f 975/2360/2340 974/2361/2341 1410/2358/2338
f 1410/2358/2338 974/2361/2341 1409/2362/2342
f 1409/2362/2342 974/2361/2341 973/2363/2343
f 1409/2362/2342 973/2363/2343 972/2364/2344
f 972/2364/2344 971/2365/2345 1409/2362/2342
f 1409/2362/2342 971/2365/2345 1408/2366/2346
f 1408/2366/2346 971/2365/2345 970/2367/2347
f 1408/2366/2346 970/2367/2347 969/2368/2348
f 1408/2366/2346 969/2368/2348 1407/2327/2307
f 1407/2327/2307 969/2368/2348 968/2369/2349
f 1407/2327/2307 968/2369/2349 967/2370/2350
f 967/2370/2350 966/2371/2351 1407/2327/2307
f 1407/2327/2307 966/2371/2351 965/2372/2352
f 1407/2327/2307 965/2372/2352 964/2325/2305
f 1406/2326/2306 1401/2324/2304 1405/2373/2353
f 1405/2373/2353 1401/2324/2304 1402/2374/2354
f 1405/2373/2353 1402/2374/2354 1404/2375/2355
f 1404/2375/2355 1402/2374/2354 1403/2376/2356
f 1404/2375/2355 1403/2376/2356 1392/2377/2301
f 1392/2377/2301 1403/2376/2356 1389/2378/2299
f 1415/2379/2357 1393/2380/2333 1416/2381/2358
f 1416/2381/2358 1393/2380/2333 1414/2382/2334
f 784/2383/2359 1435/2384/2360 753/2385/2361
f 753/2385/2361 1435/2384/2360 1420/2386/2362
f 753/2385/2361 1420/2386/2362 754/2387/2363
f 754/2387/2363 1420/2386/2362 1421/2388/2364
f 754/2387/2363 1421/2388/2364 755/2389/2365
f 755/2389/2365 1421/2388/2364 756/2390/2366
f 756/2390/2366 1421/2388/2364 757/2391/2367
f 757/2391/2367 1421/2388/2364 758/2392/2368
f 758/2392/2368 1421/2388/2364 1422/2393/2369
f 758/2392/2368 1422/2393/2369 759/2394/2370
f 759/2394/2370 1422/2393/2369 760/2395/2371
f 760/2395/2371 1422/2393/2369 1423/2396/2372
f 760/2395/2371 1423/2396/2372 761/2397/2373
f 761/2397/2373 1423/2396/2372 762/2398/2374
f 762/2398/2374 1423/2396/2372 763/2399/2375
f 763/2399/2375 1423/2396/2372 1424/2400/2376
f 763/2399/2375 1424/2400/2376 764/2401/2377
f 764/2401/2377 1424/2400/2376 765/2402/2378
f 765/2402/2378 1424/2400/2376 766/2403/2379
f 766/2403/2379 1424/2400/2376 1425/2404/2380
f 766/2403/2379 1425/2404/2380 767/2405/2381
f 767/2405/2381 1425/2404/2380 768/2406/2382
f 768/2406/2382 1425/2404/2380 769/2407/2383
f 769/2407/2383 1425/2404/2380 1430/2408/2384
f 769/2407/2383 1430/2408/2384 770/2409/2385
f 770/2409/2385 1430/2408/2384 771/2410/2386
f 771/2410/2386 1430/2408/2384 772/2411/2387
f 772/2411/2387 1430/2408/2384 1431/2412/2388
f 772/2411/2387 1431/2412/2388 773/2413/2389
f 773/2413/2389 1431/2412/2388 774/2414/2390
f 774/2414/2390 1431/2412/2388 775/2415/2391
f 775/2415/2391 1431/2412/2388 1432/2416/2392
f 775/2415/2391 1432/2416/2392 776/2417/2393
f 776/2417/2393 1432/2416/2392 777/2418/2394
f 777/2418/2394 1432/2416/2392 778/2419/2395
f 778/2419/2395 1432/2416/2392 1433/2420/2396
f 778/2419/2395 1433/2420/2396 779/2421/2397
f 779/2421/2397 1433/2420/2396 780/2422/2398
f 780/2422/2398 1433/2420/2396 1434/2423/2399
f 780/2422/2398 1434/2423/2399 781/2424/2400
f 781/2424/2400 1434/2423/2399 782/2425/2401
f 782/2425/2401 1434/2423/2399 783/2426/2402
f 783/2426/2402 1434/2423/2399 784/2383/2359
f 784/2383/2359 1434/2423/2399 1435/2384/2360
f 1438/2427/2403 1417/2428/2404 1437/2429/2405
f 1437/2429/2405 1417/2428/2404 1418/2430/2406
f 1437/2429/2405 1418/2430/2406 1436/2431/2407
f 1436/2431/2407 1418/2430/2406 1419/2432/2408
f 1436/2431/2407 1419/2432/2408 1435/2384/2360
f 1435/2384/2360 1419/2432/2408 1420/2386/2362
f 1430/2408/2384 1425/2404/2380 1429/2433/2409
f 1429/2433/2409 1425/2404/2380 1426/2434/2410
f 1429/2433/2409 1426/2434/2410 1428/2435/2411
f 1428/2435/2411 1426/2434/2410 1427/2436/2412
f 1428/2435/2411 1427/2436/2412 1416/2437/2358
f 1416/2437/2358 1427/2436/2412 1415/2438/2357
f 1439/2439/2413 1417/2440/2404 1440/2441/2414
f 1440/2441/2414 1417/2440/2404 1438/2442/2403
f 1364/2443/2415 1449/2444/2416 1333/2445/2417
f 1333/2445/2417 1449/2444/2416 1454/2446/2418
f 1333/2445/2417 1454/2446/2418 1455/2447/2419
f 1449/2444/2416 1364/2443/2415 1448/2448/2420
f 1448/2448/2420 1364/2443/2415 1363/2449/2421
f 1448/2448/2420 1363/2449/2421 1362/2450/2422
f 1362/2450/2422 1361/2451/2423 1448/2448/2420
f 1448/2448/2420 1361/2451/2423 1360/2452/2424
f 1448/2448/2420 1360/2452/2424 1447/2453/2425
f 1447/2453/2425 1360/2452/2424 1359/2454/2426
f 1447/2453/2425 1359/2454/2426 1358/2455/2427
f 1447/2453/2425 1358/2455/2427 1446/2456/2428
f 1446/2456/2428 1358/2455/2427 1357/2457/2429
f 1446/2456/2428 1357/2457/2429 1356/2458/2430
f 1356/2458/2430 1355/2459/2431 1446/2456/2428
f 1446/2456/2428 1355/2459/2431 1445/2460/2432
f 1445/2460/2432 1355/2459/2431 1354/2461/2433
f 1445/2460/2432 1354/2461/2433 1353/2462/2434
f 1353/2462/2434 1352/2463/2435 1445/2460/2432
f 1445/2460/2432 1352/2463/2435 1444/2464/2436
f 1444/2464/2436 1352/2463/2435 1351/2465/2437
f 1444/2464/2436 1351/2465/2437 1350/2466/2438
f 1350/2466/2438 1349/2467/2439 1444/2464/2436
f 1444/2464/2436 1349/2467/2439 1459/2468/2440
f 1444/2464/2436 1459/2468/2440 1443/2469/2441
f 1443/2469/2441 1459/2468/2440 1460/2470/2442
f 1443/2469/2441 1460/2470/2442 1442/2471/2443
f 1442/2471/2443 1460/2470/2442 1461/2472/2444
f 1442/2471/2443 1461/2472/2444 1441/2473/2445
f 1441/2473/2445 1461/2472/2444 1462/2474/2446
f 1349/2467/2439 1348/2475/2447 1459/2468/2440
f 1459/2468/2440 1348/2475/2447 1347/2476/2448
f 1459/2468/2440 1347/2476/2448 1346/2477/2449
f 1459/2468/2440 1346/2477/2449 1458/2478/2450
f 1458/2478/2450 1346/2477/2449 1345/2479/2451
f 1458/2478/2450 1345/2479/2451 1344/2480/2452
f 1344/2480/2452 1343/2481/2453 1458/2478/2450
f 1458/2478/2450 1343/2481/2453 1457/2482/2454
f 1457/2482/2454 1343/2481/2453 1342/2483/2455
f 1457/2482/2454 1342/2483/2455 1341/2484/2456
f 1341/2484/2456 1340/2485/2457 1457/2482/2454
f 1457/2482/2454 1340/2485/2457 1456/2486/2458
f 1456/2486/2458 1340/2485/2457 1339/2487/2459
f 1456/2486/2458 1339/2487/2459 1338/2488/2460
f 1456/2486/2458 1338/2488/2460 1455/2447/2419
f 1455/2447/2419 1338/2488/2460 1337/2489/2461
f 1455/2447/2419 1337/2489/2461 1336/2490/2462
f 1336/2490/2462 1335/2491/2463 1455/2447/2419
f 1455/2447/2419 1335/2491/2463 1334/2492/2464
f 1455/2447/2419 1334/2492/2464 1333/2445/2417
f 1454/2446/2418 1449/2444/2416 1453/2493/2465
f 1453/2493/2465 1449/2444/2416 1450/2494/2466
f 1453/2493/2465 1450/2494/2466 1452/2495/2467
f 1452/2495/2467 1450/2494/2466 1451/2496/2468
f 1452/2495/2467 1451/2496/2468 1440/2497/2414
f 1440/2497/2414 1451/2496/2468 1439/2498/2413
f 1463/2499/2469 1441/2500/2445 1464/2501/2470
f 1464/2501/2470 1441/2500/2445 1462/2502/2446
f 1276/2503/2471 1482/2504/2472 1245/2505/2473
f 1245/2505/2473 1482/2504/2472 1467/2506/2474
f 1245/2505/2473 1467/2506/2474 1246/2507/2475
f 1246/2507/2475 1467/2506/2474 1468/2508/2476
f 1246/2507/2475 1468/2508/2476 1247/2509/2477
f 1247/2509/2477 1468/2508/2476 1248/2510/2478
f 1248/2510/2478 1468/2508/2476 1249/2511/2479
f 1249/2511/2479 1468/2508/2476 1250/2512/2480
f 1250/2512/2480 1468/2508/2476 1469/2513/2481
f 1250/2512/2480 1469/2513/2481 1251/2514/2482
f 1251/2514/2482 1469/2513/2481 1252/2515/2483
f 1252/2515/2483 1469/2513/2481 1470/2516/2484
f 1252/2515/2483 1470/2516/2484 1253/2517/2485
f 1253/2517/2485 1470/2516/2484 1254/2518/2486
f 1254/2518/2486 1470/2516/2484 1255/2519/2487
f 1255/2519/2487 1470/2516/2484 1471/2520/2488
f 1255/2519/2487 1471/2520/2488 1256/2521/2489
f 1256/2521/2489 1471/2520/2488 1257/2522/2490
f 1257/2522/2490 1471/2520/2488 1258/2523/2491
f 1258/2523/2491 1471/2520/2488 1472/2524/2492
f 1258/2523/2491 1472/2524/2492 1259/2525/2493
f 1259/2525/2493 1472/2524/2492 1260/2526/2494
f 1260/2526/2494 1472/2524/2492 1261/2527/2495
f 1261/2527/2495 1472/2524/2492 1477/2528/2496
f 1261/2527/2495 1477/2528/2496 1262/2529/2497
f 1262/2529/2497 1477/2528/2496 1263/2530/2498
f 1263/2530/2498 1477/2528/2496 1264/2531/2499
f 1264/2531/2499 1477/2528/2496 1478/2532/2500
f 1264/2531/2499 1478/2532/2500 1265/2533/2501
f 1265/2533/2501 1478/2532/2500 1266/2534/2502
f 1266/2534/2502 1478/2532/2500 1267/2535/2503
f 1267/2535/2503 1478/2532/2500 1479/2536/2504
f 1267/2535/2503 1479/2536/2504 1268/2537/2505
f 1268/2537/2505 1479/2536/2504 1269/2538/2506
f 1269/2538/2506 1479/2536/2504 1270/2539/2507
f 1270/2539/2507 1479/2536/2504 1480/2540/2508
f 1270/2539/2507 1480/2540/2508 1271/2541/2509
f 1271/2541/2509 1480/2540/2508 1272/2542/2510
f 1272/2542/2510 1480/2540/2508 1481/2543/2511
f 1272/2542/2510 1481/2543/2511 1273/2544/2512
f 1273/2544/2512 1481/2543/2511 1274/2545/2513
f 1274/2545/2513 1481/2543/2511 1275/2546/2514
f 1275/2546/2514 1481/2543/2511 1276/2503/2471
f 1276/2503/2471 1481/2543/2511 1482/2504/2472
f 1391/2547/2302 1390/2548/2300 1484/2549/2515
f 1484/2549/2515 1390/2548/2300 1465/2550/2516
f 1484/2549/2515 1465/2550/2516 1483/2551/2517
f 1483/2551/2517 1465/2550/2516 1466/2552/2518
f 1483/2551/2517 1466/2552/2518 1482/2504/2472
f 1482/2504/2472 1466/2552/2518 1467/2506/2474
f 1477/2528/2496 1472/2524/2492 1476/2553/2519
f 1476/2553/2519 1472/2524/2492 1473/2554/2520
f 1476/2553/2519 1473/2554/2520 1475/2555/2521
f 1475/2555/2521 1473/2554/2520 1474/2556/2522
f 1475/2555/2521 1474/2556/2522 1464/2557/2470
f 1464/2557/2470 1474/2556/2522 1463/2558/2469
f 1484/2559/2523 451/2560/2524 1391/2561/2525
f 1391/2561/2525 451/2560/2524 175/2562/2526
f 1391/2561/2525 175/2562/2526 1392/2563/2527
f 1392/2563/2527 175/2562/2526 1404/2564/2528
f 1404/2564/2528 175/2562/2526 174/2565/2529
f 1404/2564/2528 174/2565/2529 1405/2566/2530
f 1405/2566/2530 174/2565/2529 1406/2567/2531
f 1406/2567/2531 174/2565/2529 1407/2568/2532
f 1407/2568/2532 174/2565/2529 1408/2569/2533
f 1408/2569/2533 174/2565/2529 1409/2570/2534
f 1409/2570/2534 174/2565/2529 1410/2571/2535
f 1410/2571/2535 174/2565/2529 1411/2572/2536
f 1411/2572/2536 174/2565/2529 1412/2573/2537
f 1412/2573/2537 174/2565/2529 1413/2574/2538
f 1413/2574/2538 174/2565/2529 1414/2575/2539
f 1414/2575/2539 174/2565/2529 173/2576/2540
f 1414/2575/2539 173/2576/2540 172/2577/2541
f 451/2560/2524 1484/2559/2523 452/2578/2542
f 452/2578/2542 1484/2559/2523 1483/2579/2543
f 452/2578/2542 1483/2579/2543 1482/2580/2544
f 1482/2580/2544 1481/2581/2545 452/2578/2542
f 452/2578/2542 1481/2581/2545 1480/2582/2546
f 452/2578/2542 1480/2582/2546 1479/2583/2547
f 1479/2583/2547 1478/2584/2548 452/2578/2542
f 452/2578/2542 1478/2584/2548 1477/2585/2549
f 452/2578/2542 1477/2585/2549 1476/2586/2550
f 1476/2586/2550 1475/2587/2551 452/2578/2542
f 452/2578/2542 1475/2587/2551 1464/2588/2552
f 452/2578/2542 1464/2588/2552 453/2589/2553
f 453/2589/2553 1464/2588/2552 454/2590/2554
f 454/2590/2554 1464/2588/2552 455/2591/2555
f 455/2591/2555 1464/2588/2552 456/2592/2556
f 456/2592/2556 1464/2588/2552 457/2593/2557
f 457/2593/2557 1464/2588/2552 458/2594/2558
f 458/2594/2558 1464/2588/2552 459/2595/2559
f 459/2595/2559 1464/2588/2552 1462/2596/2560
f 459/2595/2559 1462/2596/2560 460/2597/2561
f 460/2597/2561 1462/2596/2560 461/2598/2562
f 461/2598/2562 1462/2596/2560 462/2599/2563
f 462/2599/2563 1462/2596/2560 463/2600/2564
f 463/2600/2564 1462/2596/2560 464/2601/2565
f 464/2601/2565 1462/2596/2560 465/2602/2566
f 465/2602/2566 1462/2596/2560 466/2603/2567
f 466/2603/2567 1462/2596/2560 1461/2604/2568
f 466/2603/2567 1461/2604/2568 1460/2605/2569
f 1460/2605/2569 1459/2606/2570 466/2603/2567
f 466/2603/2567 1459/2606/2570 1458/2607/2571
f 466/2603/2567 1458/2607/2571 1457/2608/2572
f 1457/2608/2572 1456/2609/2573 466/2603/2567
f 466/2603/2567 1456/2609/2573 1455/2610/2574
f 466/2603/2567 1455/2610/2574 1454/2611/2575
f 1454/2611/2575 1453/2612/2576 466/2603/2567
f 466/2603/2567 1453/2612/2576 1452/2613/2577
f 466/2603/2567 1452/2613/2577 467/2614/2578
f 467/2614/2578 1452/2613/2577 1440/2615/2579
f 467/2614/2578 1440/2615/2579 1438/2616/2580
f 467/2614/2578 1438/2616/2580 159/2617/2581
f 159/2617/2581 1438/2616/2580 1437/2618/2582
f 159/2617/2581 1437/2618/2582 160/2619/2583
f 160/2619/2583 1437/2618/2582 1436/2620/2584
f 160/2619/2583 1436/2620/2584 1435/2621/2585
f 1435/2621/2585 1434/2622/2586 160/2619/2583
f 160/2619/2583 1434/2622/2586 1433/2623/2587
f 160/2619/2583 1433/2623/2587 1432/2624/2588
f 1432/2624/2588 1431/2625/2589 160/2619/2583
f 160/2619/2583 1431/2625/2589 1430/2626/2590
f 160/2619/2583 1430/2626/2590 1429/2627/2591
f 1429/2627/2591 1428/2628/2592 160/2619/2583
f 160/2619/2583 1428/2628/2592 1416/2629/2593
f 160/2619/2583 1416/2629/2593 161/2630/2594
f 161/2630/2594 1416/2629/2593 162/2631/2595
f 162/2631/2595 1416/2629/2593 163/2632/2596
f 163/2632/2596 1416/2629/2593 164/2633/2597
f 164/2633/2597 1416/2629/2593 165/2634/2598
f 165/2634/2598 1416/2629/2593 166/2635/2599
f 166/2635/2599 1416/2629/2593 167/2636/2600
f 167/2636/2600 1416/2629/2593 1414/2575/2539
f 167/2636/2600 1414/2575/2539 168/2637/2601
f 168/2637/2601 1414/2575/2539 169/2638/2602
f 169/2638/2602 1414/2575/2539 170/2639/2603
f 170/2639/2603 1414/2575/2539 171/2640/2604
f 171/2640/2604 1414/2575/2539 172/2577/2541
f 175/2562/2526 451/2560/2524 193/2641/2605
f 193/2641/2605 451/2560/2524 501/2642/2606
f 193/2641/2605 501/2642/2606 70/2643/2607
f 70/2643/2607 501/2642/2606 225/2644/2608
f 70/2643/2607 225/2644/2608 87/2645/2609
f 87/2645/2609 225/2644/2608 272/2646/2610
f 87/2645/2609 272/2646/2610 342/2647/2611
f 342/2647/2611 272/2646/2610 1/2648/2612
f 342/2647/2611 1/2648/2612 357/2649/2613
f 357/2649/2613 1/2648/2612 42/2650/2614
f 357/2649/2613 42/2650/2614 127/2651/2615
f 127/2651/2615 42/2650/2614 287/2652/2616
f 127/2651/2615 287/2652/2616 139/2653/2617
f 139/2653/2617 287/2652/2616 319/2654/2618
f 139/2653/2617 319/2654/2618 391/2655/2619
f 391/2655/2619 319/2654/2618 417/2656/2620
f 391/2655/2619 417/2656/2620 401/2657/2621
f 401/2657/2621 417/2656/2620 443/2658/2622
f 401/2657/2621 443/2658/2622 403/2659/2623
f 403/2659/2623 443/2658/2622 442/2660/2624
f 403/2659/2623 442/2660/2624 404/2661/2625
f 404/2661/2625 442/2660/2624 441/2662/2626
f 404/2661/2625 441/2662/2626 405/2663/2627
f 405/2663/2627 441/2662/2626 440/2664/2628
f 405/2663/2627 440/2664/2628 406/2665/2629
f 406/2665/2629 440/2664/2628 439/2666/2630
f 406/2665/2629 439/2666/2630 407/2667/2631
f 407/2667/2631 439/2666/2630 438/2668/2632
f 407/2667/2631 438/2668/2632 408/2669/2633
f 408/2669/2633 438/2668/2632 437/2670/2634
f 408/2669/2633 437/2670/2634 409/2671/2635
f 409/2671/2635 437/2670/2634 435/2672/2636
f 409/2671/2635 435/2672/2636 383/2673/2637
f 383/2673/2637 435/2672/2636 425/2674/2638
f 383/2673/2637 425/2674/2638 149/2675/2639
f 149/2675/2639 425/2674/2638 309/2676/2640
f 149/2675/2639 309/2676/2640 117/2677/2641
f 117/2677/2641 309/2676/2640 297/2678/2642
f 117/2677/2641 297/2678/2642 370/2679/2643
f 370/2679/2643 297/2678/2642 29/2680/2644
f 370/2679/2643 29/2680/2644 329/2681/2645
f 329/2681/2645 29/2680/2644 14/2682/2646
f 329/2681/2645 14/2682/2646 102/2683/2647
f 102/2683/2647 14/2682/2646 257/2684/2648
f 102/2683/2647 257/2684/2648 55/2685/2649
f 55/2685/2649 257/2684/2648 240/2686/2650
f 55/2685/2649 240/2686/2650 209/2687/2651
f 209/2687/2651 240/2686/2650 485/2688/2652
f 209/2687/2651 485/2688/2652 159/2617/2581
f 159/2617/2581 485/2688/2652 467/2614/2578
f 501/2642/2606 500/2689/2653 225/2644/2608
f 225/2644/2608 500/2689/2653 226/2690/2654
f 226/2690/2654 500/2689/2653 499/2691/2655
f 226/2690/2654 499/2691/2655 227/2692/2656
f 227/2692/2656 499/2691/2655 498/2693/2657
f 227/2692/2656 498/2693/2657 228/2694/2658
f 228/2694/2658 498/2693/2657 497/2695/2659
f 228/2694/2658 497/2695/2659 229/2696/2660
f 229/2696/2660 497/2695/2659 496/2697/2661
f 229/2696/2660 496/2697/2661 230/2698/2662
f 230/2698/2662 496/2697/2661 495/2699/2663
f 230/2698/2662 495/2699/2663 231/2700/2664
f 231/2700/2664 495/2699/2663 494/2701/2665
f 231/2700/2664 494/2701/2665 232/2702/2666
f 232/2702/2666 494/2701/2665 493/2703/2667
f 232/2702/2666 493/2703/2667 233/2704/2668
f 233/2704/2668 493/2703/2667 234/2705/2669
f 234/2705/2669 493/2703/2667 492/2706/2670
f 234/2705/2669 492/2706/2670 235/2707/2671
f 235/2707/2671 492/2706/2670 491/2708/2672
f 235/2707/2671 491/2708/2672 236/2709/2673
f 236/2709/2673 491/2708/2672 490/2710/2674
f 236/2709/2673 490/2710/2674 237/2711/2675
f 237/2711/2675 490/2710/2674 489/2712/2676
f 237/2711/2675 489/2712/2676 238/2713/2677
f 238/2713/2677 489/2712/2676 488/2714/2678
f 238/2713/2677 488/2714/2678 239/2715/2679
f 239/2715/2679 488/2714/2678 487/2716/2680
f 239/2715/2679 487/2716/2680 240/2686/2650
f 240/2686/2650 487/2716/2680 485/2688/2652
f 309/2676/2640 425/2674/2638 311/2717/2681
f 311/2717/2681 425/2674/2638 424/2718/2682
f 311/2717/2681 424/2718/2682 312/2719/2683
f 312/2719/2683 424/2718/2682 423/2720/2684
f 312/2719/2683 423/2720/2684 313/2721/2685
f 313/2721/2685 423/2720/2684 422/2722/2686
f 313/2721/2685 422/2722/2686 314/2723/2687
f 314/2723/2687 422/2722/2686 421/2724/2688
f 314/2723/2687 421/2724/2688 315/2725/2689
f 315/2725/2689 421/2724/2688 420/2726/2690
f 315/2725/2689 420/2726/2690 316/2727/2691
f 316/2727/2691 420/2726/2690 419/2728/2692
f 316/2727/2691 419/2728/2692 317/2729/2693
f 317/2729/2693 419/2728/2692 418/2730/2694
f 317/2729/2693 418/2730/2694 318/2731/2695
f 318/2731/2695 418/2730/2694 417/2656/2620
f 318/2731/2695 417/2656/2620 319/2654/2618
f 139/2653/2617 391/2655/2619 141/2732/2696
f 141/2732/2696 391/2655/2619 390/2733/2697
f 141/2732/2696 390/2733/2697 142/2734/2698
f 142/2734/2698 390/2733/2697 389/2735/2699
f 142/2734/2698 389/2735/2699 143/2736/2700
f 143/2736/2700 389/2735/2699 388/2737/2701
f 143/2736/2700 388/2737/2701 144/2738/2702
f 144/2738/2702 388/2737/2701 387/2739/2703
f 144/2738/2702 387/2739/2703 145/2740/2704
f 145/2740/2704 387/2739/2703 386/2741/2705
f 145/2740/2704 386/2741/2705 146/2742/2706
f 146/2742/2706 386/2741/2705 385/2743/2707
f 146/2742/2706 385/2743/2707 147/2744/2708
f 147/2744/2708 385/2743/2707 384/2745/2709
f 147/2744/2708 384/2745/2709 148/2746/2710
f 148/2746/2710 384/2745/2709 383/2673/2637
f 148/2746/2710 383/2673/2637 149/2675/2639
f 87/2645/2609 342/2647/2611 89/2747/2711
f 89/2747/2711 342/2647/2611 341/2748/2712
f 89/2747/2711 341/2748/2712 90/2749/2713
f 90/2749/2713 341/2748/2712 340/2750/2714
f 90/2749/2713 340/2750/2714 91/2751/2715
f 91/2751/2715 340/2750/2714 339/2752/2716
f 91/2751/2715 339/2752/2716 92/2753/2717
f 92/2753/2717 339/2752/2716 338/2754/2718
f 92/2753/2717 338/2754/2718 93/2755/2719
f 93/2755/2719 338/2754/2718 337/2756/2720
f 93/2755/2719 337/2756/2720 94/2757/2721
f 94/2757/2721 337/2756/2720 336/2758/2722
f 94/2757/2721 336/2758/2722 95/2759/2723
f 95/2759/2723 336/2758/2722 335/2760/2724
f 95/2759/2723 335/2760/2724 96/2761/2725
f 96/2761/2725 335/2760/2724 334/2762/2726
f 96/2761/2725 334/2762/2726 97/2763/2727
f 97/2763/2727 334/2762/2726 333/2764/2728
f 97/2763/2727 333/2764/2728 98/2765/2729
f 98/2765/2729 333/2764/2728 332/2766/2730
f 98/2765/2729 332/2766/2730 99/2767/2731
f 99/2767/2731 332/2766/2730 331/2768/2732
f 99/2767/2731 331/2768/2732 100/2769/2733
f 100/2769/2733 331/2768/2732 330/2770/2734
f 100/2769/2733 330/2770/2734 101/2771/2735
f 101/2771/2735 330/2770/2734 329/2681/2645
f 101/2771/2735 329/2681/2645 102/2683/2647
f 370/2679/2643 369/2772/2736 117/2677/2641
f 117/2677/2641 369/2772/2736 118/2773/2737
f 118/2773/2737 369/2772/2736 368/2774/2738
f 118/2773/2737 368/2774/2738 119/2775/2739
f 119/2775/2739 368/2774/2738 367/2776/2740
f 119/2775/2739 367/2776/2740 120/2777/2741
f 120/2777/2741 367/2776/2740 366/2778/2742
f 120/2777/2741 366/2778/2742 121/2779/2743
f 121/2779/2743 366/2778/2742 365/2780/2744
f 121/2779/2743 365/2780/2744 122/2781/2745
f 122/2781/2745 365/2780/2744 364/2782/2746
f 122/2781/2745 364/2782/2746 363/2783/2747
f 122/2781/2745 363/2783/2747 123/2784/2748
f 123/2784/2748 363/2783/2747 362/2785/2749
f 123/2784/2748 362/2785/2749 124/2786/2750
f 124/2786/2750 362/2785/2749 361/2787/2751
f 124/2786/2750 361/2787/2751 125/2788/2752
f 125/2788/2752 361/2787/2751 360/2789/2753
f 125/2788/2752 360/2789/2753 126/2790/2754
f 126/2790/2754 360/2789/2753 359/2791/2755
f 126/2790/2754 359/2791/2755 127/2651/2615
f 127/2651/2615 359/2791/2755 357/2649/2613
f 29/2680/2644 297/2678/2642 31/2792/2756
f 31/2792/2756 297/2678/2642 296/2793/2757
f 31/2792/2756 296/2793/2757 32/2794/2758
f 32/2794/2758 296/2793/2757 295/2795/2759
f 32/2794/2758 295/2795/2759 33/2796/2760
f 33/2796/2760 295/2795/2759 294/2797/2761
f 33/2796/2760 294/2797/2761 34/2798/2762
f 34/2798/2762 294/2797/2761 293/2799/2763
f 34/2798/2762 293/2799/2763 35/2800/2764
f 35/2800/2764 293/2799/2763 292/2801/2765
f 35/2800/2764 292/2801/2765 36/2802/2766
f 36/2802/2766 292/2801/2765 37/2803/2767
f 37/2803/2767 292/2801/2765 291/2804/2768
f 37/2803/2767 291/2804/2768 38/2805/2769
f 38/2805/2769 291/2804/2768 290/2806/2770
f 38/2805/2769 290/2806/2770 39/2807/2771
f 39/2807/2771 290/2806/2770 289/2808/2772
f 39/2807/2771 289/2808/2772 40/2809/2773
f 40/2809/2773 289/2808/2772 288/2810/2774
f 40/2809/2773 288/2810/2774 41/2811/2775
f 41/2811/2775 288/2810/2774 287/2652/2616
f 41/2811/2775 287/2652/2616 42/2650/2614
f 272/2646/2610 271/2812/2776 1/2648/2612
f 1/2648/2612 271/2812/2776 2/2813/2777
f 2/2813/2777 271/2812/2776 270/2814/2778
f 2/2813/2777 270/2814/2778 3/2815/2779
f 3/2815/2779 270/2814/2778 269/2816/2780
f 3/2815/2779 269/2816/2780 4/2817/2781
f 4/2817/2781 269/2816/2780 268/2818/2782
f 4/2817/2781 268/2818/2782 5/2819/2783
f 5/2819/2783 268/2818/2782 267/2820/2784
f 5/2819/2783 267/2820/2784 6/2821/2785
f 6/2821/2785 267/2820/2784 266/2822/2786
f 6/2821/2785 266/2822/2786 7/2823/2787
f 7/2823/2787 266/2822/2786 265/2824/2788
f 7/2823/2787 265/2824/2788 8/2825/2789
f 8/2825/2789 265/2824/2788 264/2826/2790
f 8/2825/2789 264/2826/2790 9/2827/2791
f 9/2827/2791 264/2826/2790 263/2828/2792
f 9/2827/2791 263/2828/2792 10/2829/2793
f 10/2829/2793 263/2828/2792 262/2830/2794
f 10/2829/2793 262/2830/2794 11/2831/2795
f 11/2831/2795 262/2830/2794 261/2832/2796
f 11/2831/2795 261/2832/2796 12/2833/2797
f 12/2833/2797 261/2832/2796 260/2834/2798
f 12/2833/2797 260/2834/2798 13/2835/2799
f 13/2835/2799 260/2834/2798 259/2836/2800
f 13/2835/2799 259/2836/2800 14/2682/2646
f 14/2682/2646 259/2836/2800 257/2684/2648
f 209/2687/2651 208/2837/2801 55/2685/2649
f 55/2685/2649 208/2837/2801 56/2838/2802
f 56/2838/2802 208/2837/2801 207/2839/2803
f 56/2838/2802 207/2839/2803 57/2840/2804
f 57/2840/2804 207/2839/2803 206/2841/2805
f 57/2840/2804 206/2841/2805 58/2842/2806
f 58/2842/2806 206/2841/2805 205/2843/2807
f 58/2842/2806 205/2843/2807 59/2844/2808
f 59/2844/2808 205/2843/2807 204/2845/2809
f 59/2844/2808 204/2845/2809 60/2846/2810
f 60/2846/2810 204/2845/2809 203/2847/2811
f 60/2846/2810 203/2847/2811 61/2848/2812
f 61/2848/2812 203/2847/2811 202/2849/2813
f 61/2848/2812 202/2849/2813 62/2850/2814
f 62/2850/2814 202/2849/2813 63/2851/2815
f 63/2851/2815 202/2849/2813 201/2852/2816
f 63/2851/2815 201/2852/2816 64/2853/2817
f 64/2853/2817 201/2852/2816 200/2854/2818
f 64/2853/2817 200/2854/2818 65/2855/2819
f 65/2855/2819 200/2854/2818 199/2856/2820
f 65/2855/2819 199/2856/2820 66/2857/2821
f 66/2857/2821 199/2856/2820 198/2858/2822
f 66/2857/2821 198/2858/2822 67/2859/2823
f 67/2859/2823 198/2858/2822 197/2860/2824
f 67/2859/2823 197/2860/2824 68/2861/2825
f 68/2861/2825 197/2860/2824 196/2862/2826
f 68/2861/2825 196/2862/2826 69/2863/2827
f 69/2863/2827 196/2862/2826 195/2864/2828
f 69/2863/2827 195/2864/2828 70/2643/2607
f 70/2643/2607 195/2864/2828 193/2641/2605
f 1474/2865/2829 1390/2866/2830 1463/2867/2831
f 1463/2867/2831 1390/2866/2830 1389/2868/2832
f 1463/2867/2831 1389/2868/2832 1441/2869/2833
f 1441/2869/2833 1389/2868/2832 1393/2870/2834
f 1441/2869/2833 1393/2870/2834 1439/2871/2835
f 1439/2871/2835 1393/2870/2834 1415/2872/2836
f 1439/2871/2835 1415/2872/2836 1417/2873/2837
f 1417/2873/2837 1415/2872/2836 1418/2874/2838
f 1418/2874/2838 1415/2872/2836 1419/2875/2839
f 1419/2875/2839 1415/2872/2836 1420/2876/2840
f 1420/2876/2840 1415/2872/2836 1421/2877/2841
f 1421/2877/2841 1415/2872/2836 1422/2878/2842
f 1422/2878/2842 1415/2872/2836 1423/2879/2843
f 1423/2879/2843 1415/2872/2836 1424/2880/2844
f 1424/2880/2844 1415/2872/2836 1425/2881/2845
f 1425/2881/2845 1415/2872/2836 1426/2882/2846
f 1426/2882/2846 1415/2872/2836 1427/2883/2847
f 1474/2865/2829 1473/2884/2848 1390/2866/2830
f 1390/2866/2830 1473/2884/2848 1472/2885/2849
f 1390/2866/2830 1472/2885/2849 1471/2886/2850
f 1471/2886/2850 1470/2887/2851 1390/2866/2830
f 1390/2866/2830 1470/2887/2851 1469/2888/2852
f 1390/2866/2830 1469/2888/2852 1468/2889/2853
f 1468/2889/2853 1467/2890/2854 1390/2866/2830
f 1390/2866/2830 1467/2890/2854 1466/2891/2855
f 1390/2866/2830 1466/2891/2855 1465/2892/2856
f 1403/2893/2857 1402/2894/2858 1389/2868/2832
f 1389/2868/2832 1402/2894/2858 1401/2895/2859
f 1389/2868/2832 1401/2895/2859 1400/2896/2860
f 1400/2896/2860 1399/2897/2861 1389/2868/2832
f 1389/2868/2832 1399/2897/2861 1398/2898/2862
f 1389/2868/2832 1398/2898/2862 1397/2899/2863
f 1397/2899/2863 1396/2900/2864 1389/2868/2832
f 1389/2868/2832 1396/2900/2864 1395/2901/2865
f 1389/2868/2832 1395/2901/2865 1394/2902/2866
f 1394/2902/2866 1393/2870/2834 1389/2868/2832
f 1439/2871/2835 1451/2903/2867 1441/2869/2833
f 1441/2869/2833 1451/2903/2867 1450/2904/2868
f 1441/2869/2833 1450/2904/2868 1449/2905/2869
f 1449/2905/2869 1448/2906/2870 1441/2869/2833
f 1441/2869/2833 1448/2906/2870 1447/2907/2871
f 1441/2869/2833 1447/2907/2871 1446/2908/2872
f 1446/2908/2872 1445/2909/2873 1441/2869/2833
f 1441/2869/2833 1445/2909/2873 1444/2910/2874
f 1441/2869/2833 1444/2910/2874 1443/2911/2875
f 1443/2911/2875 1442/2912/2876 1441/2869/2833
f 1486/2913/2877 1532/2914/2878 1485/2915/2879
f 1485/2915/2879 1532/2914/2878 1509/2916/2880
f 1485/2917/2879 1509/2918/2880 1508/2919/2881
f 1508/2919/2881 1509/2918/2880 1510/2920/2882
f 1508/2919/2881 1510/2920/2882 1507/2921/2883
f 1507/2921/2883 1510/2920/2882 1511/2922/2884
f 1507/2921/2883 1511/2922/2884 1506/2923/2885
f 1506/2923/2885 1511/2922/2884 1512/2924/2886
f 1506/2923/2885 1512/2924/2886 1505/2925/2887
f 1505/2925/2887 1512/2924/2886 1513/2926/2888
f 1505/2925/2887 1513/2926/2888 1504/2927/2889
f 1504/2927/2889 1513/2926/2888 1514/2928/2890
f 1504/2927/2889 1514/2928/2890 1503/2929/2891
f 1503/2929/2891 1514/2928/2890 1515/2930/2892
f 1503/2929/2891 1515/2930/2892 1502/2931/2893
f 1502/2931/2893 1515/2930/2892 1516/2932/2894
f 1502/2931/2893 1516/2932/2894 1501/2933/2895
f 1501/2933/2895 1516/2932/2894 1517/2934/2896
f 1501/2933/2895 1517/2934/2896 1500/2935/2897
f 1500/2935/2897 1517/2934/2896 1518/2936/2898
f 1500/2935/2897 1518/2936/2898 1499/2937/2899
f 1499/2937/2899 1518/2936/2898 1519/2938/2900
f 1499/2937/2899 1519/2938/2900 1498/2939/2901
f 1498/2939/2901 1519/2938/2900 1520/2940/2902
f 1498/2939/2901 1520/2940/2902 1497/2941/2903
f 1497/2941/2903 1520/2940/2902 1521/2942/2904
f 1497/2941/2903 1521/2942/2904 1496/2943/2905
f 1496/2943/2905 1521/2942/2904 1522/2944/2906
f 1496/2943/2905 1522/2944/2906 1495/2945/2907
f 1495/2945/2907 1522/2944/2906 1523/2946/2908
f 1495/2945/2907 1523/2946/2908 1494/2947/2909
f 1494/2947/2909 1523/2946/2908 1524/2948/2910
f 1494/2947/2909 1524/2948/2910 1493/2949/2911
f 1493/2949/2911 1524/2948/2910 1525/2950/2912
f 1493/2949/2911 1525/2950/2912 1492/2951/2913
f 1492/2951/2913 1525/2950/2912 1526/2952/2914
f 1492/2951/2913 1526/2952/2914 1491/2953/2915
f 1491/2953/2915 1526/2952/2914 1527/2954/2916
f 1491/2953/2915 1527/2954/2916 1490/2955/2917
f 1490/2955/2917 1527/2954/2916 1528/2956/2918
f 1490/2955/2917 1528/2956/2918 1489/2957/2919
f 1489/2957/2919 1528/2956/2918 1529/2958/2920
f 1489/2957/2919 1529/2958/2920 1488/2959/2921
f 1488/2959/2921 1529/2958/2920 1530/2960/2922
f 1488/2959/2921 1530/2960/2922 1487/2961/2923
f 1487/2961/2923 1530/2960/2922 1531/2962/2924
f 1487/2961/2923 1531/2962/2924 1486/2913/2877
f 1486/2913/2877 1531/2962/2924 1532/2914/2878
f 1508/2963/2925 1498/2964/2926 1485/2965/2927
f 1485/2965/2927 1498/2964/2926 1497/2966/2928
f 1485/2965/2927 1497/2966/2928 1486/2967/2929
f 1486/2967/2929 1497/2966/2928 1496/2968/2930
f 1486/2967/2929 1496/2968/2930 1487/2969/2931
f 1487/2969/2931 1496/2968/2930 1495/2970/2932
f 1487/2969/2931 1495/2970/2932 1488/2971/2933
f 1488/2971/2933 1495/2970/2932 1494/2972/2934
f 1488/2971/2933 1494/2972/2934 1489/2973/2935
f 1489/2973/2935 1494/2972/2934 1493/2974/2936
f 1489/2973/2935 1493/2974/2936 1490/2975/2937
f 1490/2975/2937 1493/2974/2936 1492/2976/2938
f 1490/2975/2937 1492/2976/2938 1491/2977/2939
f 1498/2964/2926 1508/2963/2925 1499/2978/2940
f 1499/2978/2940 1508/2963/2925 1507/2979/2941
f 1499/2978/2940 1507/2979/2941 1500/2980/2942
f 1500/2980/2942 1507/2979/2941 1506/2981/2943
f 1500/2980/2942 1506/2981/2943 1501/2982/2944
f 1501/2982/2944 1506/2981/2943 1505/2983/2945
f 1501/2982/2944 1505/2983/2945 1502/2984/2946
f 1502/2984/2946 1505/2983/2945 1504/2985/2947
f 1502/2984/2946 1504/2985/2947 1503/2986/2948
f 669/2987/2949 668/2988/2950 680/2989/2951
f 680/2989/2951 668/2988/2950 1567/2990/2952
f 680/2989/2951 1567/2990/2952 1181/2991/2953
f 1181/2991/2953 1567/2990/2952 1568/2992/2954
f 1181/2991/2953 1568/2992/2954 1182/2993/2955
f 1182/2993/2955 1568/2992/2954 1569/2994/2956
f 1182/2993/2955 1569/2994/2956 1183/2995/2957
f 1183/2995/2957 1569/2994/2956 1533/2996/2958
f 1183/2995/2957 1533/2996/2958 1184/2997/2959
f 1184/2998/2959 1533/2999/2958 1534/3000/2960
f 1184/2998/2959 1534/3000/2960 1185/3001/2961
f 1185/3001/2961 1534/3000/2960 1535/3002/2962
f 1185/3001/2961 1535/3002/2962 1186/3003/2963
f 1186/3003/2963 1535/3002/2962 1536/3004/2964
f 1186/3003/2963 1536/3004/2964 1187/3005/2965
f 1187/3005/2965 1536/3004/2964 1537/3006/2966
f 1187/3005/2965 1537/3006/2966 1188/3007/2967
f 1188/3007/2967 1537/3006/2966 1538/3008/2968
f 1188/3007/2967 1538/3008/2968 1189/3009/2969
f 1189/3009/2969 1538/3008/2968 1539/3010/2970
f 1189/3009/2969 1539/3010/2970 1190/3011/2971
f 1190/3011/2971 1539/3010/2970 1540/3012/2972
f 1190/3011/2971 1540/3012/2972 1191/3013/2973
f 1191/3013/2973 1540/3012/2972 1541/3014/2974
f 1191/3013/2973 1541/3014/2974 1192/3015/2975
f 1192/3015/2975 1541/3014/2974 1542/3016/2976
f 1192/3015/2975 1542/3016/2976 1193/3017/2977
f 1193/3017/2977 1542/3016/2976 1543/3018/2978
f 1193/3017/2977 1543/3018/2978 1194/3019/2979
f 1194/3019/2979 1543/3018/2978 1544/3020/2980
f 1194/3019/2979 1544/3020/2980 1317/3021/2981
f 1317/3021/2981 1544/3020/2980 1318/3022/2982
f 1318/3022/2982 1544/3020/2980 1319/3023/2983
f 1319/3023/2983 1544/3020/2980 1545/3024/2984
f 1319/3023/2983 1545/3024/2984 1320/3025/2985
f 1320/3025/2985 1545/3024/2984 1321/3026/2986
f 1321/3026/2986 1545/3024/2984 1322/3027/2987
f 1322/3027/2987 1545/3024/2984 1546/3028/2988
f 1322/3027/2987 1546/3028/2988 1323/3029/2989
f 1323/3029/2989 1546/3028/2988 1324/3030/2990
f 1324/3030/2990 1546/3028/2988 1325/3031/2991
f 1325/3031/2991 1546/3028/2988 1547/3032/2992
f 1325/3031/2991 1547/3032/2992 1326/3033/2993
f 1326/3033/2993 1547/3032/2992 1327/3034/2994
f 1327/3034/2994 1547/3032/2992 1548/3035/2995
f 1327/3034/2994 1548/3035/2995 1328/3036/2996
f 1328/3036/2996 1548/3035/2995 1329/3037/2997
f 1329/3037/2997 1548/3035/2995 1330/3038/2998
f 1330/3038/2998 1548/3035/2995 1549/3039/2999
f 1330/3038/2998 1549/3039/2999 1331/3040/3000
f 1331/3040/3000 1549/3039/2999 1332/3041/3001
f 1332/3041/3001 1549/3039/2999 1301/3042/3002
f 1301/3042/3002 1549/3039/2999 1196/3043/3003
f 1301/3042/3002 1196/3043/3003 1302/3044/3004
f 1302/3044/3004 1196/3043/3003 649/3045/3005
f 1302/3044/3004 649/3045/3005 1303/3046/3006
f 1303/3046/3006 649/3045/3005 1304/3047/3007
f 1304/3047/3007 649/3045/3005 1305/3048/3008
f 1305/3048/3008 649/3045/3005 1180/3049/3009
f 1305/3048/3008 1180/3049/3009 1306/3050/3010
f 1306/3050/3010 1180/3049/3009 1179/3051/3011
f 1306/3050/3010 1179/3051/3011 1307/3052/3012
f 1307/3052/3012 1179/3051/3011 1178/3053/3013
f 1307/3052/3012 1178/3053/3013 1308/3054/3014
f 1308/3054/3014 1178/3053/3013 1212/3055/3015
f 1308/3054/3014 1212/3055/3015 1211/3056/3016
f 1567/2990/2952 668/2988/2950 1566/3057/3017
f 1566/3057/3017 668/2988/2950 667/3058/3018
f 1566/3057/3017 667/3058/3018 666/3059/3019
f 666/3059/3019 665/3060/3020 1566/3057/3017
f 1566/3057/3017 665/3060/3020 1565/3061/3021
f 1565/3061/3021 665/3060/3020 664/3062/3022
f 1565/3061/3021 664/3062/3022 663/3063/3023
f 663/3063/3023 662/3064/3024 1565/3061/3021
f 1565/3061/3021 662/3064/3024 661/3065/3025
f 1565/3061/3021 661/3065/3025 660/3066/3026
f 1565/3061/3021 660/3066/3026 1564/3067/3027
f 1564/3067/3027 660/3066/3026 636/3068/3028
f 1564/3067/3027 636/3068/3028 635/3069/3029
f 1564/3067/3027 635/3069/3029 1563/3070/3030
f 1563/3070/3030 635/3069/3029 1210/3071/3031
f 1563/3070/3030 1210/3071/3031 1562/3072/3032
f 1562/3072/3032 1210/3071/3031 1209/3073/3033
f 1562/3072/3032 1209/3073/3033 1561/3074/3034
f 1561/3074/3034 1209/3073/3033 1208/3075/3035
f 1561/3074/3034 1208/3075/3035 1207/3076/3036
f 1561/3074/3034 1207/3076/3036 1560/3077/3037
f 1560/3077/3037 1207/3076/3036 1206/3078/3038
f 1560/3077/3037 1206/3078/3038 1559/3079/3039
f 1559/3079/3039 1206/3078/3038 1205/3080/3040
f 1559/3079/3039 1205/3080/3040 1558/3081/3041
f 1558/3081/3041 1205/3080/3040 1204/3082/3042
f 1558/3081/3041 1204/3082/3042 1557/3083/3043
f 1557/3083/3043 1204/3082/3042 1203/3084/3044
f 1557/3083/3043 1203/3084/3044 1556/3085/3045
f 1556/3085/3045 1203/3084/3044 1202/3086/3046
f 1556/3085/3045 1202/3086/3046 1555/3087/3047
f 1555/3087/3047 1202/3086/3046 1201/3088/3048
f 1555/3087/3047 1201/3088/3048 1554/3089/3049
f 1554/3089/3049 1201/3088/3048 1200/3090/3050
f 1554/3089/3049 1200/3090/3050 1553/3091/3051
f 1553/3091/3051 1200/3090/3050 1199/3092/3052
f 1553/3091/3051 1199/3092/3052 1552/3093/3053
f 1552/3093/3053 1199/3092/3052 1198/3094/3054
f 1552/3093/3053 1198/3094/3054 1551/3095/3055
f 1551/3095/3055 1198/3094/3054 1197/3096/3056
f 1551/3095/3055 1197/3096/3056 1550/3097/3057
f 1550/3097/3057 1197/3096/3056 1196/3043/3003
f 1550/3097/3057 1196/3043/3003 1549/3039/2999
f 1308/3054/3014 1211/3056/3016 1309/3098/3058
f 1309/3098/3058 1211/3056/3016 1177/3099/3059
f 1309/3098/3058 1177/3099/3059 1310/3100/3060
f 1310/3100/3060 1177/3099/3059 1176/3101/3061
f 1310/3100/3060 1176/3101/3061 1311/3102/3062
f 1311/3102/3062 1176/3101/3061 1175/3103/3063
f 1311/3102/3062 1175/3103/3063 1312/3104/3064
f 1312/3104/3064 1175/3103/3063 681/3105/3065
f 1312/3104/3064 681/3105/3065 1313/3106/3066
f 1313/3106/3066 681/3105/3065 1195/3107/3067
f 1313/3106/3066 1195/3107/3067 1314/3108/3068
f 1314/3108/3068 1195/3107/3067 1315/3109/3069
f 1315/3109/3069 1195/3107/3067 1316/3110/3070
f 1316/3110/3070 1195/3107/3067 1317/3021/2981
f 1317/3021/2981 1195/3107/3067 1194/3019/2979
f 1532/3111/3071 1534/3112/3072 1509/3113/3073
f 1509/3113/3073 1534/3112/3072 1533/3114/3074
f 1509/3113/3073 1533/3114/3074 1569/3115/3075
f 1534/3112/3072 1532/3111/3071 1535/3116/3076
f 1535/3116/3076 1532/3111/3071 1531/3117/3077
f 1535/3116/3076 1531/3117/3077 1536/3118/3078
f 1536/3118/3078 1531/3117/3077 1537/3119/3079
f 1537/3119/3079 1531/3117/3077 1530/3120/3080
f 1537/3119/3079 1530/3120/3080 1538/3121/3081
f 1538/3121/3081 1530/3120/3080 1529/3122/3082
f 1538/3121/3081 1529/3122/3082 1539/3123/3083
f 1539/3123/3083 1529/3122/3082 1540/3124/3084
f 1540/3124/3084 1529/3122/3082 1528/3125/3085
f 1540/3124/3084 1528/3125/3085 1541/3126/3086
f 1541/3126/3086 1528/3125/3085 1527/3127/3087
f 1541/3126/3086 1527/3127/3087 1542/3128/3088
f 1542/3128/3088 1527/3127/3087 1543/3129/3089
f 1543/3129/3089 1527/3127/3087 1526/3130/3090
f 1543/3129/3089 1526/3130/3090 1544/3131/3091
f 1544/3131/3091 1526/3130/3090 1545/3132/3092
f 1545/3132/3092 1526/3130/3090 1525/3133/3093
f 1545/3132/3092 1525/3133/3093 1546/3134/3094
f 1546/3134/3094 1525/3133/3093 1524/3135/3095
f 1546/3134/3094 1524/3135/3095 1547/3136/3096
f 1547/3136/3096 1524/3135/3095 1548/3137/3097
f 1548/3137/3097 1524/3135/3095 1523/3138/3098
f 1548/3137/3097 1523/3138/3098 1549/3139/3099
f 1549/3139/3099 1523/3138/3098 1522/3140/3100
f 1549/3139/3099 1522/3140/3100 1550/3141/3101
f 1550/3141/3101 1522/3140/3100 1551/3142/3102
f 1551/3142/3102 1522/3140/3100 1521/3143/3103
f 1551/3142/3102 1521/3143/3103 1552/3144/3104
f 1552/3144/3104 1521/3143/3103 1520/3145/3105
f 1552/3144/3104 1520/3145/3105 1553/3146/3106
f 1553/3146/3106 1520/3145/3105 1554/3147/3107
f 1554/3147/3107 1520/3145/3105 1519/3148/3108
f 1554/3147/3107 1519/3148/3108 1555/3149/3109
f 1555/3149/3109 1519/3148/3108 1518/3150/3110
f 1555/3149/3109 1518/3150/3110 1556/3151/3111
f 1556/3151/3111 1518/3150/3110 1557/3152/3112
f 1557/3152/3112 1518/3150/3110 1517/3153/3113
f 1557/3152/3112 1517/3153/3113 1558/3154/3114
f 1558/3154/3114 1517/3153/3113 1516/3155/3115
f 1558/3154/3114 1516/3155/3115 1559/3156/3116
f 1559/3156/3116 1516/3155/3115 1560/3157/3117
f 1560/3157/3117 1516/3155/3115 1515/3158/3118
f 1560/3157/3117 1515/3158/3118 1561/3159/3119
f 1561/3159/3119 1515/3158/3118 1562/3160/3120
f 1562/3160/3120 1515/3158/3118 1514/3161/3121
f 1562/3160/3120 1514/3161/3121 1563/3162/3122
f 1563/3162/3122 1514/3161/3121 1513/3163/3123
f 1563/3162/3122 1513/3163/3123 1564/3164/3124
f 1564/3164/3124 1513/3163/3123 1565/3165/3125
f 1565/3165/3125 1513/3163/3123 1512/3166/3126
f 1565/3165/3125 1512/3166/3126 1566/3167/3127
f 1566/3167/3127 1512/3166/3126 1511/3168/3128
f 1566/3167/3127 1511/3168/3128 1567/3169/3129
f 1567/3169/3129 1511/3168/3128 1568/3170/3130
f 1568/3170/3130 1511/3168/3128 1510/3171/3131
f 1568/3170/3130 1510/3171/3131 1569/3115/3075
f 1569/3115/3075 1510/3171/3131 1509/3113/3073
f 740/3172/3132 1570/3173/3133 741/3174/3134
f 741/3174/3134 1570/3173/3133 1571/3175/3135
f 741/3174/3134 1571/3175/3135 1572/3176/3136
f 1573/3177/3137 1574/3178/3138 707/3179/3139
f 707/3179/3139 1574/3178/3138 1575/3180/3140
f 707/3179/3139 1575/3180/3140 708/3181/3141
f 711/3182/3142 710/3183/3143 752/3184/3144
f 752/3184/3144 710/3183/3143 743/3185/3145
f 712/3186/3146 711/3187/3147 751/3188/3148
f 751/3188/3148 711/3187/3147 752/3189/3149
f 744/3190/3150 709/3191/3151 745/3192/3152
f 745/3192/3152 709/3191/3151 718/3193/3153
f 745/3192/3152 718/3193/3153 746/3194/3154
f 746/3194/3154 718/3193/3153 717/3195/3155
f 746/3194/3154 717/3195/3155 747/3196/3156
f 747/3196/3156 717/3195/3155 716/3197/3157
f 747/3196/3156 716/3197/3157 748/3198/3158
f 748/3198/3158 716/3197/3157 715/3199/3159
f 748/3198/3158 715/3199/3159 749/3200/3160
f 749/3200/3160 715/3199/3159 714/3201/3161
f 749/3200/3160 714/3201/3161 750/3202/3162
f 750/3202/3162 714/3201/3161 713/3203/3163
f 750/3202/3162 713/3203/3163 751/3204/3164
f 751/3204/3164 713/3203/3163 712/3205/3165
f 710/3206/3166 709/3207/3167 743/3208/3168
f 743/3208/3168 709/3207/3167 744/3209/3169
f 706/3210/3170 705/3211/3171 742/3212/3172
f 742/3212/3172 705/3211/3171 738/3213/3173
f 707/3214/3174 706/3215/3175 1573/3216/3176
f 1573/3216/3176 706/3215/3175 742/3217/3177
f 1573/3216/3176 742/3217/3177 1572/3218/3178
f 1572/3218/3178 742/3217/3177 741/3219/3179
f 739/3220/3180 1576/3221/3181 740/3222/3182
f 740/3222/3182 1576/3221/3181 1577/3223/3183
f 740/3222/3182 1577/3223/3183 1578/3224/3184
f 1578/3224/3184 1579/3225/3185 740/3222/3182
f 740/3222/3182 1579/3225/3185 1580/3226/3186
f 740/3222/3182 1580/3226/3186 1581/3227/3187
f 1581/3227/3187 1582/3228/3188 740/3222/3182
f 740/3222/3182 1582/3228/3188 1583/3229/3189
f 740/3222/3182 1583/3229/3189 1584/3230/3190
f 1584/3230/3190 1585/3231/3191 740/3222/3182
f 740/3222/3182 1585/3231/3191 1586/3232/3192
f 740/3222/3182 1586/3232/3192 1587/3233/3193
f 1587/3233/3193 1588/3234/3194 740/3222/3182
f 740/3222/3182 1588/3234/3194 1589/3235/3195
f 740/3222/3182 1589/3235/3195 1590/3236/3196
f 694/3237/3197 708/3238/3198 1605/3239/3199
f 1605/3239/3199 708/3238/3198 1604/3240/3200
f 1604/3240/3200 708/3238/3198 1603/3241/3201
f 1603/3241/3201 708/3238/3198 1602/3242/3202
f 1602/3242/3202 708/3238/3198 1601/3243/3203
f 1601/3243/3203 708/3238/3198 1600/3244/3204
f 1600/3244/3204 708/3238/3198 1599/3245/3205
f 1599/3245/3205 708/3238/3198 1598/3246/3206
f 1598/3246/3206 708/3238/3198 1597/3247/3207
f 1597/3247/3207 708/3238/3198 1596/3248/3208
f 1596/3248/3208 708/3238/3198 1591/3249/3209
f 1596/3248/3208 1591/3249/3209 1595/3250/3210
f 1595/3250/3210 1591/3249/3209 1592/3251/3211
f 1595/3250/3210 1592/3251/3211 1594/3252/3212
f 1594/3252/3212 1592/3251/3211 1593/3253/3213
f 1572/3254/3214 1606/3255/3215 1573/3256/3216
f 1573/3256/3216 1606/3255/3215 1607/3257/3217
f 1609/3258/3218 1655/3259/3219 1608/3260/3220
f 1608/3260/3220 1655/3259/3219 1632/3261/3221
f 1608/3262/3220 1632/3263/3221 1631/3264/3222
f 1631/3264/3222 1632/3263/3221 1633/3265/3223
f 1631/3264/3222 1633/3265/3223 1630/3266/3224
f 1630/3266/3224 1633/3265/3223 1634/3267/3225
f 1630/3266/3224 1634/3267/3225 1629/3268/3226
f 1629/3268/3226 1634/3267/3225 1635/3269/3227
f 1629/3268/3226 1635/3269/3227 1628/3270/3228
f 1628/3270/3228 1635/3269/3227 1636/3271/3229
f 1628/3270/3228 1636/3271/3229 1627/3272/3230
f 1627/3272/3230 1636/3271/3229 1637/3273/3231
f 1627/3272/3230 1637/3273/3231 1626/3274/3232
f 1626/3274/3232 1637/3273/3231 1638/3275/3233
f 1626/3274/3232 1638/3275/3233 1625/3276/3234
f 1625/3276/3234 1638/3275/3233 1639/3277/3235
f 1625/3276/3234 1639/3277/3235 1624/3278/3236
f 1624/3278/3236 1639/3277/3235 1640/3279/3237
f 1624/3278/3236 1640/3279/3237 1623/3280/3238
f 1623/3280/3238 1640/3279/3237 1641/3281/3239
f 1623/3280/3238 1641/3281/3239 1622/3282/3240
f 1622/3282/3240 1641/3281/3239 1642/3283/3241
f 1622/3282/3240 1642/3283/3241 1621/3284/3242
f 1621/3284/3242 1642/3283/3241 1643/3285/3243
f 1621/3284/3242 1643/3285/3243 1620/3286/3244
f 1620/3286/3244 1643/3285/3243 1644/3287/3245
f 1620/3286/3244 1644/3287/3245 1619/3288/3246
f 1619/3288/3246 1644/3287/3245 1645/3289/3247
f 1619/3288/3246 1645/3289/3247 1618/3290/3248
f 1618/3290/3248 1645/3289/3247 1646/3291/3249
f 1618/3290/3248 1646/3291/3249 1617/3292/3250
f 1617/3292/3250 1646/3291/3249 1647/3293/3251
f 1617/3292/3250 1647/3293/3251 1616/3294/3252
f 1616/3294/3252 1647/3293/3251 1648/3295/3253
f 1616/3294/3252 1648/3295/3253 1615/3296/3254
f 1615/3296/3254 1648/3295/3253 1649/3297/3255
f 1615/3296/3254 1649/3297/3255 1614/3298/3256
f 1614/3298/3256 1649/3297/3255 1650/3299/3257
f 1614/3298/3256 1650/3299/3257 1613/3300/3258
f 1613/3300/3258 1650/3299/3257 1651/3301/3259
f 1613/3300/3258 1651/3301/3259 1612/3302/3260
f 1612/3302/3260 1651/3301/3259 1652/3303/3261
f 1612/3302/3260 1652/3303/3261 1611/3304/3262
f 1611/3304/3262 1652/3303/3261 1653/3305/3263
f 1611/3304/3262 1653/3305/3263 1610/3306/3264
f 1610/3306/3264 1653/3305/3263 1654/3307/3265
f 1610/3306/3264 1654/3307/3265 1609/3258/3218
f 1609/3258/3218 1654/3307/3265 1655/3259/3219
f 1631/3308/3266 1621/3309/3267 1608/3310/3268
f 1608/3310/3268 1621/3309/3267 1620/3311/3269
f 1608/3310/3268 1620/3311/3269 1609/3312/3270
f 1609/3312/3270 1620/3311/3269 1619/3313/3271
f 1609/3312/3270 1619/3313/3271 1610/3314/3272
f 1610/3314/3272 1619/3313/3271 1618/3315/3273
f 1610/3314/3272 1618/3315/3273 1611/3316/3274
f 1611/3316/3274 1618/3315/3273 1617/3317/3275
f 1611/3316/3274 1617/3317/3275 1612/3318/3276
f 1612/3318/3276 1617/3317/3275 1616/3319/3277
f 1612/3318/3276 1616/3319/3277 1613/3320/3278
f 1613/3320/3278 1616/3319/3277 1615/3321/3279
f 1613/3320/3278 1615/3321/3279 1614/3322/3280
f 1621/3309/3267 1631/3308/3266 1622/3323/3281
f 1622/3323/3281 1631/3308/3266 1630/3324/3282
f 1622/3323/3281 1630/3324/3282 1623/3325/3283
f 1623/3325/3283 1630/3324/3282 1629/3326/3284
f 1623/3325/3283 1629/3326/3284 1624/3327/3285
f 1624/3327/3285 1629/3326/3284 1628/3328/3286
f 1624/3327/3285 1628/3328/3286 1625/3329/3287
f 1625/3329/3287 1628/3328/3286 1627/3330/3288
f 1625/3329/3287 1627/3330/3288 1626/3331/3289
f 728/3332/3290 1662/3333/3291 739/3334/3292
f 739/3334/3292 1662/3333/3291 1663/3335/3293
f 739/3334/3292 1663/3335/3293 1576/3336/3294
f 1576/3336/3294 1663/3335/3293 1664/3337/3295
f 1576/3336/3294 1664/3337/3295 1577/3338/3296
f 1577/3338/3296 1664/3337/3295 1665/3339/3297
f 1577/3338/3296 1665/3339/3297 1578/3340/3298
f 1578/3340/3298 1665/3339/3297 1579/3341/3299
f 1579/3341/3299 1665/3339/3297 1666/3342/3300
f 1579/3341/3299 1666/3342/3300 1580/3343/3301
f 1580/3343/3301 1666/3342/3300 1667/3344/3302
f 1580/3343/3301 1667/3344/3302 1581/3345/3303
f 1581/3345/3303 1667/3344/3302 1668/3346/3304
f 1581/3345/3303 1668/3346/3304 1582/3347/3305
f 1582/3347/3305 1668/3346/3304 1669/3348/3306
f 1582/3347/3305 1669/3348/3306 1583/3349/3307
f 1583/3349/3307 1669/3348/3306 1670/3350/3308
f 1583/3349/3307 1670/3350/3308 1584/3351/3309
f 1584/3351/3309 1670/3350/3308 1671/3352/3310
f 1584/3351/3309 1671/3352/3310 1585/3353/3311
f 1585/3353/3311 1671/3352/3310 1672/3354/3312
f 1585/3353/3311 1672/3354/3312 1586/3355/3313
f 1586/3355/3313 1672/3354/3312 1673/3356/3314
f 1586/3355/3313 1673/3356/3314 1587/3357/3315
f 1587/3357/3315 1673/3356/3314 1674/3358/3316
f 1587/3357/3315 1674/3358/3316 1588/3359/3317
f 1588/3359/3317 1674/3358/3316 1675/3360/3318
f 1588/3359/3317 1675/3360/3318 1589/3361/3319
f 1589/3361/3319 1675/3360/3318 1676/3362/3320
f 1589/3361/3319 1676/3362/3320 1590/3363/3321
f 1590/3363/3321 1676/3362/3320 1677/3364/3322
f 1590/3363/3321 1677/3364/3322 1213/3365/3323
f 1213/3365/3323 1677/3364/3322 1214/3366/3324
f 1214/3366/3324 1677/3364/3322 1215/3367/3325
f 1215/3367/3325 1677/3364/3322 1216/3368/3326
f 1216/3368/3326 1677/3364/3322 1678/3369/3327
f 1216/3368/3326 1678/3369/3327 1217/3370/3328
f 1217/3370/3328 1678/3369/3327 1218/3371/3329
f 1218/3371/3329 1678/3369/3327 1219/3372/3330
f 1219/3372/3330 1678/3369/3327 1679/3373/3331
f 1219/3372/3330 1679/3373/3331 1220/3374/3332
f 1220/3374/3332 1679/3373/3331 1221/3375/3333
f 1221/3375/3333 1679/3373/3331 1680/3376/3334
f 1221/3375/3333 1680/3376/3334 1222/3377/3335
f 1222/3377/3335 1680/3376/3334 1223/3378/3336
f 1223/3378/3336 1680/3376/3334 1224/3379/3337
f 1224/3379/3337 1680/3376/3334 1681/3380/3338
f 1224/3379/3337 1681/3380/3338 1225/3381/3339
f 1225/3381/3339 1681/3380/3338 1226/3382/3340
f 1226/3382/3340 1681/3380/3338 1227/3383/3341
f 1227/3383/3341 1681/3380/3338 1682/3384/3342
f 1227/3383/3341 1682/3384/3342 1228/3385/3343
f 1228/3385/3343 1682/3384/3342 1229/3386/3344
f 1229/3386/3344 1682/3384/3342 1591/3387/3345
f 1229/3386/3344 1591/3387/3345 1230/3388/3346
f 1230/3388/3346 1591/3387/3345 1231/3389/3347
f 1231/3389/3347 1591/3387/3345 1232/3390/3348
f 1232/3390/3348 1591/3387/3345 708/3391/3349
f 1232/3390/3348 708/3391/3349 1233/3392/3350
f 1233/3392/3350 708/3391/3349 1234/3393/3351
f 1234/3393/3351 708/3391/3349 1575/3394/3352
f 1234/3393/3351 1575/3394/3352 1235/3395/3353
f 1235/3395/3353 1575/3394/3352 1574/3396/3354
f 1235/3395/3353 1574/3396/3354 1236/3397/3355
f 1236/3397/3355 1574/3396/3354 1573/3398/3356
f 1236/3397/3355 1573/3398/3356 1237/3399/3357
f 1237/3399/3357 1573/3398/3356 1607/3400/3358
f 1237/3399/3357 1607/3400/3358 1238/3401/3359
f 1238/3401/3359 1607/3400/3358 1606/3402/3360
f 1238/3401/3359 1606/3402/3360 1572/3403/3361
f 728/3332/3290 727/3404/3362 1662/3333/3291
f 1662/3333/3291 727/3404/3362 1661/3405/3363
f 1661/3405/3363 727/3404/3362 726/3406/3364
f 1661/3405/3363 726/3406/3364 725/3407/3365
f 725/3407/3365 724/3408/3366 1661/3405/3363
f 1661/3405/3363 724/3408/3366 723/3409/3367
f 1661/3405/3363 723/3409/3367 722/3410/3368
f 1661/3405/3363 722/3410/3368 1660/3411/3369
f 1660/3411/3369 722/3410/3368 721/3412/3370
f 1660/3411/3369 721/3412/3370 720/3413/3371
f 720/3413/3371 719/3414/3372 1660/3411/3369
f 1660/3411/3369 719/3414/3372 1659/3415/3373
f 1659/3415/3373 719/3414/3372 694/3416/3374
f 1659/3415/3373 694/3416/3374 1605/3417/3375
f 719/3414/3372 695/3418/3376 694/3416/3374
f 1659/3415/3373 1605/3417/3375 1658/3419/3377
f 1658/3419/3377 1605/3417/3375 1604/3420/3378
f 1658/3419/3377 1604/3420/3378 1657/3421/3379
f 1657/3421/3379 1604/3420/3378 1603/3422/3380
f 1657/3421/3379 1603/3422/3380 1656/3423/3381
f 1656/3424/3381 1603/3425/3380 1602/3426/3382
f 1656/3424/3381 1602/3426/3382 1692/3427/3383
f 1692/3427/3383 1602/3426/3382 1601/3428/3384
f 1692/3427/3383 1601/3428/3384 1691/3429/3385
f 1691/3429/3385 1601/3428/3384 1600/3430/3386
f 1691/3429/3385 1600/3430/3386 1690/3431/3387
f 1690/3431/3387 1600/3430/3386 1599/3432/3388
f 1690/3431/3387 1599/3432/3388 1689/3433/3389
f 1689/3433/3389 1599/3432/3388 1598/3434/3390
f 1689/3433/3389 1598/3434/3390 1688/3435/3391
f 1688/3435/3391 1598/3434/3390 1597/3436/3392
f 1688/3435/3391 1597/3436/3392 1687/3437/3393
f 1687/3437/3393 1597/3436/3392 1596/3438/3394
f 1687/3437/3393 1596/3438/3394 1686/3439/3395
f 1686/3439/3395 1596/3438/3394 1595/3440/3396
f 1686/3439/3395 1595/3440/3396 1685/3441/3397
f 1685/3441/3397 1595/3440/3396 1594/3442/3398
f 1685/3441/3397 1594/3442/3398 1684/3443/3399
f 1684/3443/3399 1594/3442/3398 1593/3444/3400
f 1684/3443/3399 1593/3444/3400 1683/3445/3401
f 1683/3445/3401 1593/3444/3400 1592/3446/3402
f 1683/3445/3401 1592/3446/3402 1682/3384/3342
f 1682/3384/3342 1592/3446/3402 1591/3387/3345
f 1238/3401/3359 1572/3403/3361 1239/3447/3403
f 1239/3447/3403 1572/3403/3361 1571/3448/3404
f 1239/3447/3403 1571/3448/3404 1240/3449/3405
f 1240/3449/3405 1571/3448/3404 1570/3450/3406
f 1240/3449/3405 1570/3450/3406 1241/3451/3407
f 1241/3451/3407 1570/3450/3406 740/3452/3408
f 1241/3451/3407 740/3452/3408 1242/3453/3409
f 1242/3453/3409 740/3452/3408 1243/3454/3410
f 1243/3454/3410 740/3452/3408 1244/3455/3411
f 1244/3455/3411 740/3452/3408 1590/3363/3321
f 1244/3455/3411 1590/3363/3321 1213/3365/3323
f 1655/3456/3412 1657/3457/3413 1632/3458/3414
f 1632/3458/3414 1657/3457/3413 1656/3459/3415
f 1632/3458/3414 1656/3459/3415 1692/3460/3416
f 1657/3457/3413 1655/3456/3412 1658/3461/3417
f 1658/3461/3417 1655/3456/3412 1654/3462/3418
f 1658/3461/3417 1654/3462/3418 1659/3463/3419
f 1659/3463/3419 1654/3462/3418 1660/3464/3420
f 1660/3464/3420 1654/3462/3418 1653/3465/3421
f 1660/3464/3420 1653/3465/3421 1661/3466/3422
f 1661/3466/3422 1653/3465/3421 1652/3467/3423
f 1661/3466/3422 1652/3467/3423 1662/3468/3424
f 1662/3468/3424 1652/3467/3423 1663/3469/3425
f 1663/3469/3425 1652/3467/3423 1651/3470/3426
f 1663/3469/3425 1651/3470/3426 1664/3471/3427
f 1664/3471/3427 1651/3470/3426 1650/3472/3428
f 1664/3471/3427 1650/3472/3428 1665/3473/3429
f 1665/3473/3429 1650/3472/3428 1666/3474/3430
f 1666/3474/3430 1650/3472/3428 1649/3475/3431
f 1666/3474/3430 1649/3475/3431 1667/3476/3432
f 1667/3476/3432 1649/3475/3431 1668/3477/3433
f 1668/3477/3433 1649/3475/3431 1648/3478/3434
f 1668/3477/3433 1648/3478/3434 1669/3479/3435
f 1669/3479/3435 1648/3478/3434 1647/3480/3436
f 1669/3479/3435 1647/3480/3436 1670/3481/3437
f 1670/3481/3437 1647/3480/3436 1671/3482/3438
f 1671/3482/3438 1647/3480/3436 1646/3483/3439
f 1671/3482/3438 1646/3483/3439 1672/3484/3440
f 1672/3484/3440 1646/3483/3439 1645/3485/3441
f 1672/3484/3440 1645/3485/3441 1673/3486/3442
f 1673/3486/3442 1645/3485/3441 1674/3487/3443
f 1674/3487/3443 1645/3485/3441 1644/3488/3444
f 1674/3487/3443 1644/3488/3444 1675/3489/3445
f 1675/3489/3445 1644/3488/3444 1643/3490/3446
f 1675/3489/3445 1643/3490/3446 1676/3491/3447
f 1676/3491/3447 1643/3490/3446 1677/3492/3448
f 1677/3492/3448 1643/3490/3446 1642/3493/3449
f 1677/3492/3448 1642/3493/3449 1678/3494/3450
f 1678/3494/3450 1642/3493/3449 1641/3495/3451
f 1678/3494/3450 1641/3495/3451 1679/3496/3452
f 1679/3496/3452 1641/3495/3451 1680/3497/3453
f 1680/3497/3453 1641/3495/3451 1640/3498/3454
f 1680/3497/3453 1640/3498/3454 1681/3499/3455
f 1681/3499/3455 1640/3498/3454 1639/3500/3456
f 1681/3499/3455 1639/3500/3456 1682/3501/3457
f 1682/3501/3457 1639/3500/3456 1683/3502/3458
f 1683/3502/3458 1639/3500/3456 1638/3503/3459
f 1683/3502/3458 1638/3503/3459 1684/3504/3460
f 1684/3504/3460 1638/3503/3459 1685/3505/3461
f 1685/3505/3461 1638/3503/3459 1637/3506/3462
f 1685/3505/3461 1637/3506/3462 1686/3507/3463
f 1686/3507/3463 1637/3506/3462 1636/3508/3464
f 1686/3507/3463 1636/3508/3464 1687/3509/3465
f 1687/3509/3465 1636/3508/3464 1688/3510/3466
f 1688/3510/3466 1636/3508/3464 1635/3511/3467
f 1688/3510/3466 1635/3511/3467 1689/3512/3468
f 1689/3512/3468 1635/3511/3467 1634/3513/3469
f 1689/3512/3468 1634/3513/3469 1690/3514/3470
f 1690/3514/3470 1634/3513/3469 1691/3515/3471
f 1691/3515/3471 1634/3513/3469 1633/3516/3472
f 1691/3515/3471 1633/3516/3472 1692/3460/3416
f 1692/3460/3416 1633/3516/3472 1632/3458/3414
# 1692 vertices
# 3516 texture params
# 3472 normals
# 3396 facets

# 1 groups
